{
  "L": 512,
  "tol_pct": 1.0,
  "dense_ppl": 26184.9580078125,
  "ppl_limit": 26446.807587890624,
  "status": "PASS",
  "params": {
    "W_min": 64,
    "W_max": 512,
    "W_pressure_thresh": 0.5042029139740586,
    "W_decay": 0.95,
    "gate_every_k": 4,
    "B_far_target": 2.0,
    "B_far_max": 8
  },
  "metrics": {
    "ppl": 25734.2900390625,
    "ppl_delta_pct": -1.7210948691059176,
    "decode_p50_ms": 4.76599857211113,
    "kv_bytes_per_token": 13971456.0,
    "kv_kept_mean": 379.0
  }
}