{
  "model": "qwen05b",
  "n_steps": 200,
  "lr": 1e-05,
  "scores": {
    "0": 0.00041107098845216683,
    "1": 9.75377231249297e-06,
    "2": 3.611816611126528e-06,
    "3": 3.998555374806756e-06,
    "4": 5.412824044981335e-06,
    "5": 2.5135102958984135e-06,
    "6": 1.7656621391637373e-06,
    "7": 1.4864080597476459e-06,
    "8": 1.686820887414342e-06,
    "9": 2.5494713575824335e-06,
    "10": 1.8084062034517956e-06,
    "11": 2.740936206890865e-06,
    "12": 1.914389879509315e-06,
    "13": 1.164211195892051e-06,
    "14": 1.0814259674418736e-06,
    "15": 8.308472869700267e-07,
    "16": 3.1968395979298236e-06,
    "17": 1.3390340507513088e-06,
    "18": 6.647926147351768e-07,
    "19": 5.47844821952026e-07,
    "20": 7.559527017697576e-07,
    "21": 4.844918857216385e-07,
    "22": 3.160062551632592e-07,
    "23": 2.798704730189172e-07
  }
}