{
  "model": "qwen05b",
  "scores_root4": {
    "0": 0.14238990714997107,
    "1": 0.055884729526212484,
    "2": 0.04359447207425952,
    "3": 0.0447173211528523,
    "4": 0.048234299690201536,
    "5": 0.039817149625169294,
    "6": 0.036452464958530405,
    "7": 0.034916806236002684,
    "8": 0.03603854448804721,
    "9": 0.039958808907747834,
    "10": 0.03667110503425747,
    "11": 0.040688785963776355,
    "12": 0.03719697282379979,
    "13": 0.03284792518448517,
    "14": 0.032247733674398954,
    "15": 0.03019119488257685,
    "16": 0.04228440379799459,
    "17": 0.03401714844800115,
    "18": 0.028554301874420276,
    "19": 0.02720598099229094,
    "20": 0.029486529217246142,
    "21": 0.0263828450601858,
    "22": 0.023709583222669924,
    "23": 0.023000605569469576
  },
  "scores_normalized": {
    "0": 1.0,
    "1": 0.3924767607815933,
    "2": 0.306162655393433,
    "3": 0.31404839042246246,
    "4": 0.3387480240393663,
    "5": 0.2796346343791923,
    "6": 0.25600455599803945,
    "7": 0.2452196713579343,
    "8": 0.2530976050858007,
    "9": 0.280629503224983,
    "10": 0.257540058619702,
    "11": 0.28575610995322304,
    "12": 0.26123321215893736,
    "13": 0.23068998247107744,
    "14": 0.22647485569629788,
    "15": 0.21203184612500806,
    "16": 0.2969620856164958,
    "17": 0.2389014019945448,
    "18": 0.20053599616681875,
    "19": 0.19106677949888998,
    "20": 0.20708300052608142,
    "21": 0.18528592080896766,
    "22": 0.1665116839896383,
    "23": 0.16153255543066242
  },
  "ranking_sensitive_to_tolerant": [
    0,
    1,
    4,
    3,
    2,
    16,
    11,
    9,
    5,
    12,
    10,
    6,
    8,
    7,
    17,
    13,
    14,
    15,
    20,
    18,
    19,
    21,
    22,
    23
  ]
}