{
  "storage_mild": {
    "no_prefetch": {
      "num_requests": 64,
      "avg_missed_rate": 0.03009398428452003,
      "avg_wasted_rate": 0.0,
      "avg_stall_us": 84.40000093301592,
      "avg_p50_decode_us": 16519.672406677615,
      "avg_p95_decode_us": 16928.99582641037,
      "avg_overlap_frac": 0.9738634347765303,
      "total_misses": 952,
      "total_needed": 32204
    },
    "recency_only_top_m": {
      "num_requests": 64,
      "avg_missed_rate": 0.016764165867665846,
      "avg_wasted_rate": 0.9746700990484958,
      "avg_stall_us": 60.87836386869938,
      "avg_p50_decode_us": 16507.185757160187,
      "avg_p95_decode_us": 16807.15965433832,
      "avg_overlap_frac": 0.9842203776041667,
      "total_misses": 521,
      "total_needed": 32204
    },
    "semantic_top_m": {
      "num_requests": 64,
      "avg_missed_rate": 0.02106886559570878,
      "avg_wasted_rate": 0.9797870963826121,
      "avg_stall_us": 68.63316867100622,
      "avg_p50_decode_us": 16511.915160183322,
      "avg_p95_decode_us": 16843.27862176184,
      "avg_overlap_frac": 0.9808278000588724,
      "total_misses": 672,
      "total_needed": 32204
    },
    "utility_aware": {
      "num_requests": 64,
      "avg_missed_rate": 0.02096274301188368,
      "avg_wasted_rate": 0.9915799722849166,
      "avg_stall_us": 69.28061117639217,
      "avg_p50_decode_us": 16510.68225502968,
      "avg_p95_decode_us": 16862.868857653986,
      "avg_overlap_frac": 0.980533206307068,
      "total_misses": 663,
      "total_needed": 32204
    },
    "utility_aware_plus_exploration": {
      "num_requests": 64,
      "avg_missed_rate": 0.019662393078702343,
      "avg_wasted_rate": 0.982774290331141,
      "avg_stall_us": 66.69216427912517,
      "avg_p50_decode_us": 16509.09450650215,
      "avg_p95_decode_us": 16844.67823248725,
      "avg_overlap_frac": 0.981666341913181,
      "total_misses": 618,
      "total_needed": 32204
    }
  },
  "storage_medium": {
    "no_prefetch": {
      "num_requests": 64,
      "avg_missed_rate": 0.03009398428452003,
      "avg_wasted_rate": 0.0,
      "avg_stall_us": 149.31449165977995,
      "avg_p50_decode_us": 16519.904747605324,
      "avg_p95_decode_us": 17181.928916380515,
      "avg_overlap_frac": 0.9738634347765303,
      "total_misses": 952,
      "total_needed": 32204
    },
    "recency_only_top_m": {
      "num_requests": 64,
      "avg_missed_rate": 0.016764165867665846,
      "avg_wasted_rate": 0.9746700990484958,
      "avg_stall_us": 85.98418186345214,
      "avg_p50_decode_us": 16507.185757160187,
      "avg_p95_decode_us": 16807.15965433832,
      "avg_overlap_frac": 0.9842203776041667,
      "total_misses": 521,
      "total_needed": 32204
    },
    "semantic_top_m": {
      "num_requests": 64,
      "avg_missed_rate": 0.02106886559570878,
      "avg_wasted_rate": 0.9797870963826121,
      "avg_stall_us": 107.47089816565136,
      "avg_p50_decode_us": 16512.028500437737,
      "avg_p95_decode_us": 16965.567116189268,
      "avg_overlap_frac": 0.9808278000588724,
      "total_misses": 672,
      "total_needed": 32204
    },
    "utility_aware": {
      "num_requests": 64,
      "avg_missed_rate": 0.021538979497874863,
      "avg_wasted_rate": 0.9979757085020242,
      "avg_stall_us": 115.00712008949421,
      "avg_p50_decode_us": 16511.56547665596,
      "avg_p95_decode_us": 16993.198132022135,
      "avg_overlap_frac": 0.9800573864861553,
      "total_misses": 681,
      "total_needed": 32204
    },
    "utility_aware_plus_exploration": {
      "num_requests": 64,
      "avg_missed_rate": 0.019975538719698795,
      "avg_wasted_rate": 0.9858595571294013,
      "avg_stall_us": 105.07251376834503,
      "avg_p50_decode_us": 16509.730502963066,
      "avg_p95_decode_us": 16921.002094638665,
      "avg_overlap_frac": 0.9813602200158725,
      "total_misses": 628,
      "total_needed": 32204
    }
  },
  "storage_harsh": {
    "no_prefetch": {
      "num_requests": 64,
      "avg_missed_rate": 0.03009398428452003,
      "avg_wasted_rate": 0.0,
      "avg_stall_us": 167.90111934650298,
      "avg_p50_decode_us": 16519.904747605324,
      "avg_p95_decode_us": 17229.683090159822,
      "avg_overlap_frac": 0.9738634347765303,
      "total_misses": 952,
      "total_needed": 32204
    },
    "recency_only_top_m": {
      "num_requests": 64,
      "avg_missed_rate": 0.016764165867665846,
      "avg_wasted_rate": 0.9746700990484958,
      "avg_stall_us": 89.45183628261688,
      "avg_p50_decode_us": 16507.185757160187,
      "avg_p95_decode_us": 16807.15965433832,
      "avg_overlap_frac": 0.9842203776041667,
      "total_misses": 521,
      "total_needed": 32204
    },
    "semantic_top_m": {
      "num_requests": 64,
      "avg_missed_rate": 0.02106886559570878,
      "avg_wasted_rate": 0.9797870963826121,
      "avg_stall_us": 114.68361935751403,
      "avg_p50_decode_us": 16512.028500437737,
      "avg_p95_decode_us": 16985.25361595672,
      "avg_overlap_frac": 0.9808278000588724,
      "total_misses": 672,
      "total_needed": 32204
    },
    "utility_aware": {
      "num_requests": 64,
      "avg_missed_rate": 0.020970526008784234,
      "avg_wasted_rate": 0.9909883908339601,
      "avg_stall_us": 116.5794174537993,
      "avg_p50_decode_us": 16510.310515761375,
      "avg_p95_decode_us": 16979.690716228244,
      "avg_overlap_frac": 0.9805517255211438,
      "total_misses": 663,
      "total_needed": 32204
    },
    "utility_aware_plus_exploration": {
      "num_requests": 64,
      "avg_missed_rate": 0.019582207750649623,
      "avg_wasted_rate": 0.9855879957031273,
      "avg_stall_us": 107.64647995564758,
      "avg_p50_decode_us": 16508.944004774094,
      "avg_p95_decode_us": 16917.433383684147,
      "avg_overlap_frac": 0.9816901923032423,
      "total_misses": 616,
      "total_needed": 32204
    }
  }
}