{
  "direct_centroid": {
    "num_requests": 64,
    "avg_missed_rate": 0.02106886559570878,
    "avg_wasted_rate": 0.9797870963826121,
    "avg_stall_us": 107.47089816565136,
    "avg_p50_decode_us": 16512.028500437737,
    "avg_p95_decode_us": 16965.567116189268,
    "avg_overlap_frac": 0.9808278000588724,
    "total_misses": 672,
    "total_needed": 32204
  },
  "random_summary": {
    "num_requests": 64,
    "avg_missed_rate": 0.022796962678970016,
    "avg_wasted_rate": 0.9630710435397936,
    "avg_stall_us": 111.64656417861352,
    "avg_p50_decode_us": 16514.2705142498,
    "avg_p95_decode_us": 16987.64913053852,
    "avg_overlap_frac": 0.9795861575481672,
    "total_misses": 729,
    "total_needed": 32204
  },
  "first_k_real": {
    "num_requests": 64,
    "avg_missed_rate": 0.021317332607216924,
    "avg_wasted_rate": 0.9680685874959583,
    "avg_stall_us": 106.5153177211009,
    "avg_p50_decode_us": 16512.095734477043,
    "avg_p95_decode_us": 16949.573537033837,
    "avg_overlap_frac": 0.9807794881316074,
    "total_misses": 675,
    "total_needed": 32204
  },
  "sampled_real_geometry": {
    "num_requests": 64,
    "avg_missed_rate": 0.022426760100073335,
    "avg_wasted_rate": 0.9675297792485291,
    "avg_stall_us": 113.5783558052772,
    "avg_p50_decode_us": 16513.054996728897,
    "avg_p95_decode_us": 16999.25412540879,
    "avg_overlap_frac": 0.9798790412478878,
    "total_misses": 718,
    "total_needed": 32204
  }
}