{
  "hardware_limits": {
    "gpu": "AMD Radeon Pro W7900",
    "sustained_bandwidth_GBs": 628.0,
    "peak_fp16_TFLOPs": 82.608,
    "ridge_point_flops_per_byte": 131.54
  },
  "head_dim_results": {
    "head_dims": [
      32,
      64,
      128,
      256
    ],
    "P0_ms": [
      0.27219951152801514,
      0.5865231156349182,
      1.2553319334983826,
      2.267659455537796
    ],
    "P3_ms": [
      0.19927993416786194,
      0.20419955253601074,
      0.3731805831193924,
      0.9620204567909241
    ]
  },
  "bandwidth_scaling": {
    "R_values": [
      1,
      2,
      4,
      8
    ],
    "config": "qwen25_7b",
    "P0_ms": [
      0.6183858960866928,
      1.1313728988170624,
      2.1625522524118423,
      4.209185391664505
    ],
    "P1_ms": [
      0.7560525089502335,
      1.5015427023172379,
      2.9590819031000137,
      5.888202041387558
    ],
    "P3_ms": [
      0.2005062997341156,
      0.20230785012245178,
      0.20164921879768372,
      0.20073428750038147
    ],
    "P5_ms": [
      0.19838809967041016,
      0.2080325037240982,
      0.19911378622055054,
      0.19946135580539703
    ]
  },
  "timestamp": "2026-03-04T15:08:02.614255"
}