{
  "qwen25_05b": {
    "kv_bpt": 512,
    "head_dim": 64,
    "gqa_ratio": 7,
    "n_heads": 14,
    "n_kv_heads": 2,
    "P1_mean": 0.5415841026617724,
    "P1_std": 0.13721116948644174,
    "P1_n": 53,
    "P3_mean": 2.7153996792791815,
    "P3_std": 1.2225647656581038,
    "P3_n": 53,
    "P5_mean": 2.7266179384598317,
    "P5_std": 1.2244408059494156,
    "P5_n": 53
  },
  "qwen25_1.8b": {
    "kv_bpt": 1024,
    "head_dim": 128,
    "gqa_ratio": 8,
    "n_heads": 16,
    "n_kv_heads": 2,
    "P1_mean": 0.5908367913465402,
    "P1_std": 0.11574847886589262,
    "P1_n": 51,
    "P3_mean": 2.6702794902788995,
    "P3_std": 0.9712286347358925,
    "P3_n": 51,
    "P5_mean": 2.6862795873316943,
    "P5_std": 0.9644856915844278,
    "P5_n": 51
  },
  "qwen25_7b": {
    "kv_bpt": 2048,
    "head_dim": 128,
    "gqa_ratio": 7,
    "n_heads": 28,
    "n_kv_heads": 4,
    "P1_mean": 0.5974188004263538,
    "P1_std": 0.0906473586796793,
    "P1_n": 48,
    "P3_mean": 2.895492585077289,
    "P3_std": 0.6507030509134213,
    "P3_n": 48,
    "P5_mean": 2.918366699065372,
    "P5_std": 0.6374516706664394,
    "P5_n": 48
  },
  "mistral_7b": {
    "kv_bpt": 4096,
    "head_dim": 128,
    "gqa_ratio": 4,
    "n_heads": 32,
    "n_kv_heads": 8,
    "P1_mean": 0.4795148896806656,
    "P1_std": 0.03723453563538089,
    "P1_n": 48,
    "P3_mean": 3.0948640561396643,
    "P3_std": 0.6339617730862007,
    "P3_n": 48,
    "P5_mean": 3.110479291229234,
    "P5_std": 0.6292568614712798,
    "P5_n": 48
  },
  "llama31_8b": {
    "kv_bpt": 4096,
    "head_dim": 128,
    "gqa_ratio": 4,
    "n_heads": 32,
    "n_kv_heads": 8,
    "P1_mean": 0.4785854669383353,
    "P1_std": 0.040933908504208964,
    "P1_n": 48,
    "P3_mean": 3.085075061363245,
    "P3_std": 0.6483097437454901,
    "P3_n": 48,
    "P5_mean": 3.1002052344273885,
    "P5_std": 0.6384647983250618,
    "P5_n": 48
  },
  "nemotron3_nano": {
    "kv_bpt": 1024,
    "head_dim": 128,
    "gqa_ratio": 16,
    "n_heads": 32,
    "n_kv_heads": 2,
    "P1_mean": 0.7186913345854742,
    "P1_std": 0.13064252625547138,
    "P1_n": 48,
    "P3_mean": 3.0797220344085434,
    "P3_std": 0.6695682733246461,
    "P3_n": 48,
    "P5_mean": 3.0968323391528223,
    "P5_std": 0.6599162457892587,
    "P5_n": 48
  },
  "deepseek_mla": {
    "kv_bpt": 512,
    "head_dim": 128,
    "gqa_ratio": 16,
    "n_heads": 16,
    "n_kv_heads": 1,
    "P1_mean": 0.6847355827156776,
    "P1_std": 0.16542659710401317,
    "P1_n": 51,
    "P3_mean": 2.685557848034617,
    "P3_std": 0.9778547841812028,
    "P3_n": 51,
    "P5_mean": 2.6971000257813875,
    "P5_std": 0.9749240302161062,
    "P5_n": 51
  },
  "gemma3_4b": {
    "kv_bpt": 4096,
    "head_dim": 256,
    "gqa_ratio": 2,
    "n_heads": 8,
    "n_kv_heads": 4,
    "P1_mean": 0.32916394064039295,
    "P1_std": 0.02539198978798114,
    "P1_n": 48,
    "P3_mean": 2.5586854191180737,
    "P3_std": 1.354090151156044,
    "P3_n": 48,
    "P5_mean": 2.565779560274713,
    "P5_std": 1.3567488175830344,
    "P5_n": 48
  },
  "gemma3_12b": {
    "kv_bpt": 8192,
    "head_dim": 256,
    "gqa_ratio": 2,
    "n_heads": 16,
    "n_kv_heads": 8,
    "P1_mean": 0.3310067681828345,
    "P1_std": 0.013710763479167954,
    "P1_n": 44,
    "P3_mean": 3.0904423488804214,
    "P3_std": 1.1317323747636763,
    "P3_n": 44,
    "P5_mean": 3.123943770783181,
    "P5_std": 1.14814064297632,
    "P5_n": 44
  },
  "gemma3n_e4b": {
    "kv_bpt": 2048,
    "head_dim": 256,
    "gqa_ratio": 4,
    "n_heads": 8,
    "n_kv_heads": 2,
    "P1_mean": 0.46311287055615713,
    "P1_std": 0.06454903847755261,
    "P1_n": 51,
    "P3_mean": 2.6173306773784932,
    "P3_std": 1.3663627249320847,
    "P3_n": 51,
    "P5_mean": 2.6258416781812244,
    "P5_std": 1.3629153145311843,
    "P5_n": 51
  },
  "deepseek_r1_7b": {
    "kv_bpt": 2048,
    "head_dim": 128,
    "gqa_ratio": 7,
    "n_heads": 28,
    "n_kv_heads": 4,
    "P1_mean": 0.5887438641066445,
    "P1_std": 0.08235778509955781,
    "P1_n": 48,
    "P3_mean": 2.8857732359637076,
    "P3_std": 0.6584127985568349,
    "P3_n": 48,
    "P5_mean": 2.893739655563125,
    "P5_std": 0.6539717034107044,
    "P5_n": 48
  },
  "phi4_14b": {
    "kv_bpt": 5120,
    "head_dim": 128,
    "gqa_ratio": 4,
    "n_heads": 40,
    "n_kv_heads": 10,
    "P1_mean": 0.4812478881164641,
    "P1_std": 0.03356946904362918,
    "P1_n": 35,
    "P3_mean": 2.9469845647747435,
    "P3_std": 0.6041768812946651,
    "P3_n": 35,
    "P5_mean": 2.9449290410781157,
    "P5_std": 0.6082140394449564,
    "P5_n": 35
  },
  "qwen3_8b": {
    "kv_bpt": 4096,
    "head_dim": 128,
    "gqa_ratio": 4,
    "n_heads": 32,
    "n_kv_heads": 8,
    "P1_mean": 0.4733853644451333,
    "P1_std": 0.041703857991348785,
    "P1_n": 41,
    "P3_mean": 3.066348501831652,
    "P3_std": 0.6093175651707237,
    "P3_n": 41,
    "P5_mean": 3.0640076462106824,
    "P5_std": 0.6110159834576395,
    "P5_n": 41
  },
  "mistral_small_24b": {
    "kv_bpt": 4096,
    "head_dim": 128,
    "gqa_ratio": 4,
    "n_heads": 32,
    "n_kv_heads": 8,
    "P1_mean": 0.47872306520197255,
    "P1_std": 0.04012275157836774,
    "P1_n": 48,
    "P3_mean": 3.0955035901051393,
    "P3_std": 0.6431807783957227,
    "P3_n": 48,
    "P5_mean": 3.106903090081197,
    "P5_std": 0.6372127791681284,
    "P5_n": 48
  }
}