{
  "label_stats": {
    "mean": 0.21420817077159882,
    "std": 0.237190380692482,
    "min": 0.0,
    "max": 1.0000001192092896,
    "percentiles": {
      "25": 0.029816622380167246,
      "50": 0.13400080054998398,
      "75": 0.32250939309597015,
      "90": 0.5170841932296754,
      "95": 0.7619617998600006
    }
  },
  "binary_stats": {
    "threshold": 0.32250940799713135,
    "positive_rate": 0.25,
    "class_ratio": 2.9999999988
  },
  "degenerate": false,
  "feature_stats": {
    "local_attn_entropy": {
      "mean": 0.8676254153251648,
      "std": 0.15781240165233612,
      "min": 1.613496533536818e-05,
      "max": 0.9996639490127563
    },
    "local_attn_max": {
      "mean": 0.07227708399295807,
      "std": 0.1187991052865982,
      "min": 0.004563489928841591,
      "max": 0.9999935626983643
    },
    "boundary_band_mass": {
      "mean": 0.013780160807073116,
      "std": 0.02282034605741501,
      "min": 1.205931489106518e-21,
      "max": 0.9912209510803223
    },
    "query_norm": {
      "mean": 6.9419169425964355,
      "std": 1.5899182558059692,
      "min": 2.6431877613067627,
      "max": 20.474353790283203
    },
    "query_spike": {
      "mean": 1.0139365196228027,
      "std": 0.24118724465370178,
      "min": 0.4552139639854431,
      "max": 12.3819580078125
    },
    "pos_normalized": {
      "mean": 0.7446587681770325,
      "std": 0.1447768211364746,
      "min": 0.5009784698486328,
      "max": 1.0
    },
    "pos_bucket": {
      "mean": 1.674375057220459,
      "std": 0.4686078727245331,
      "min": 1.0,
      "max": 2.0
    }
  },
  "per_layer": {
    "layer_0": {
      "mean_bp": 0.30758991837501526,
      "pos_rate": 0.50046875
    },
    "layer_1": {
      "mean_bp": 0.49705392122268677,
      "pos_rate": 0.6551822916666666
    },
    "layer_2": {
      "mean_bp": 0.22445574402809143,
      "pos_rate": 0.28192708333333333
    },
    "layer_3": {
      "mean_bp": 0.31010860204696655,
      "pos_rate": 0.3681770833333333
    },
    "layer_4": {
      "mean_bp": 0.23362986743450165,
      "pos_rate": 0.2573958333333333
    },
    "layer_5": {
      "mean_bp": 0.2174968272447586,
      "pos_rate": 0.235078125
    },
    "layer_6": {
      "mean_bp": 0.13736674189567566,
      "pos_rate": 0.085234375
    },
    "layer_7": {
      "mean_bp": 0.0374627448618412,
      "pos_rate": 0.01625
    },
    "layer_8": {
      "mean_bp": 0.11933619529008865,
      "pos_rate": 0.13682291666666666
    },
    "layer_9": {
      "mean_bp": 0.16263341903686523,
      "pos_rate": 0.18997395833333333
    },
    "layer_10": {
      "mean_bp": 0.13352304697036743,
      "pos_rate": 0.10322916666666666
    },
    "layer_11": {
      "mean_bp": 0.18984077870845795,
      "pos_rate": 0.17026041666666666
    }
  },
  "per_head": {
    "head_0": {
      "mean_bp": 0.22624056041240692,
      "pos_rate": 0.29270833333333335
    },
    "head_1": {
      "mean_bp": 0.24414527416229248,
      "pos_rate": 0.31833333333333336
    },
    "head_2": {
      "mean_bp": 0.23361678421497345,
      "pos_rate": 0.23455729166666667
    },
    "head_3": {
      "mean_bp": 0.1400223821401596,
      "pos_rate": 0.13166666666666665
    },
    "head_4": {
      "mean_bp": 0.245280921459198,
      "pos_rate": 0.2873177083333333
    },
    "head_5": {
      "mean_bp": 0.17952822148799896,
      "pos_rate": 0.18734375
    },
    "head_6": {
      "mean_bp": 0.19036921858787537,
      "pos_rate": 0.23630208333333333
    },
    "head_7": {
      "mean_bp": 0.22796691954135895,
      "pos_rate": 0.28072916666666664
    },
    "head_8": {
      "mean_bp": 0.18369926512241364,
      "pos_rate": 0.20489583333333333
    },
    "head_9": {
      "mean_bp": 0.23412416875362396,
      "pos_rate": 0.31372395833333333
    },
    "head_10": {
      "mean_bp": 0.20389924943447113,
      "pos_rate": 0.22372395833333333
    },
    "head_11": {
      "mean_bp": 0.2616048753261566,
      "pos_rate": 0.28869791666666667
    }
  },
  "position_buckets": {
    "mid": {
      "count": 150048,
      "mean_bp": 0.120538130402565,
      "pos_rate": 0.08850501172957986
    },
    "late": {
      "count": 310752,
      "mean_bp": 0.25943711400032043,
      "pos_rate": 0.3279785809906292
    }
  },
  "sanity_checks": {
    "labels_non_degenerate": true,
    "features_finite": true,
    "label_variance": true,
    "all_features_varied": true
  },
  "all_checks_pass": true,
  "collection": {
    "n_samples": 200,
    "batch_size": 2,
    "seq_len": 512,
    "n_positions": 8,
    "local_window": 256,
    "seed": 1,
    "total_examples": 460800,
    "n_shards": 5,
    "elapsed_s": 62.9
  }
}