{
  "512": {
    "seq_len": 512,
    "correlation": {
      "mean_spearman_r": 0.3441379190610947,
      "std_spearman_r": 0.06864979393845834,
      "mean_auc": 0.6610185185185186,
      "sign_flip": false
    },
    "kl_selectivity": {
      "mean_kl_ratio": 407540.9016389086
    },
    "threshold_calibration": {
      "mean_p50_threshold": 0.7539417147636414,
      "std_p50_threshold": 0.006917513949268759
    },
    "seed_results": [
      {
        "seq_len": 512,
        "model_size": "124M",
        "local_window": 64,
        "seed": 1,
        "n_measurements": 240,
        "correlation": {
          "spearman_r": 0.39000763902151075,
          "pvalue": 3.8477514579934063e-10,
          "roc_auc_p75": 0.66
        },
        "kl_selectivity": {
          "threshold": 0.1,
          "enabled_pct": 0.9833333333333333,
          "kl_ratio": 29.170933325906937
        },
        "threshold_calibration": {
          "p50_threshold": 0.7553191483020782,
          "bp_mean": 0.6664711615691582,
          "bp_std": 0.21312983934056634
        }
      },
      {
        "seq_len": 512,
        "model_size": "124M",
        "local_window": 64,
        "seed": 2,
        "n_measurements": 240,
        "correlation": {
          "spearman_r": 0.2471006441084046,
          "pvalue": 0.00010962520368250989,
          "roc_auc_p75": 0.6506481481481481
        },
        "kl_selectivity": {
          "threshold": 0.1,
          "enabled_pct": 1.0,
          "kl_ratio": 1222550.8664111353
        },
        "threshold_calibration": {
          "p50_threshold": 0.7616407871246338,
          "bp_mean": 0.7054719144478441,
          "bp_std": 0.16370178418100698
        }
      },
      {
        "seq_len": 512,
        "model_size": "124M",
        "local_window": 64,
        "seed": 3,
        "n_measurements": 240,
        "correlation": {
          "spearman_r": 0.3953054740533689,
          "pvalue": 2.1155320205588206e-10,
          "roc_auc_p75": 0.6724074074074075
        },
        "kl_selectivity": {
          "threshold": 0.1,
          "enabled_pct": 0.9833333333333333,
          "kl_ratio": 42.66757226464898
        },
        "threshold_calibration": {
          "p50_threshold": 0.744865208864212,
          "bp_mean": 0.6708948534913362,
          "bp_std": 0.2061771841844514
        }
      }
    ]
  },
  "1024": {
    "seq_len": 1024,
    "correlation": {
      "mean_spearman_r": 0.08302285340601977,
      "std_spearman_r": 0.12482612957984666,
      "mean_auc": 0.5441049382716049,
      "sign_flip": true
    },
    "kl_selectivity": {
      "mean_kl_ratio": 206708.51338546956
    },
    "threshold_calibration": {
      "mean_p50_threshold": 0.7663156886895498,
      "std_p50_threshold": 0.014451031280464884
    },
    "seed_results": [
      {
        "seq_len": 1024,
        "model_size": "124M",
        "local_window": 128,
        "seed": 1,
        "n_measurements": 240,
        "correlation": {
          "spearman_r": -0.0809892532856473,
          "pvalue": 0.21123222052844925,
          "roc_auc_p75": 0.4708333333333333
        },
        "kl_selectivity": {
          "threshold": 0.1,
          "enabled_pct": 0.9875,
          "kl_ratio": 27.6285059964434
        },
        "threshold_calibration": {
          "p50_threshold": 0.7609783411026001,
          "bp_mean": 0.7149265673632423,
          "bp_std": 0.16105370832991733
        }
      },
      {
        "seq_len": 1024,
        "model_size": "124M",
        "local_window": 128,
        "seed": 2,
        "n_measurements": 240,
        "correlation": {
          "spearman_r": 0.10848365423010813,
          "pvalue": 0.09358170293996138,
          "roc_auc_p75": 0.5933333333333334
        },
        "kl_selectivity": {
          "threshold": 0.1,
          "enabled_pct": 1.0,
          "kl_ratio": 620090.9930006067
        },
        "threshold_calibration": {
          "p50_threshold": 0.7860689461231232,
          "bp_mean": 0.7356702042743564,
          "bp_std": 0.16512966734625695
        }
      },
      {
        "seq_len": 1024,
        "model_size": "124M",
        "local_window": 128,
        "seed": 3,
        "n_measurements": 240,
        "correlation": {
          "spearman_r": 0.22157415927359847,
          "pvalue": 0.0005446659236427982,
          "roc_auc_p75": 0.5681481481481481
        },
        "kl_selectivity": {
          "threshold": 0.1,
          "enabled_pct": 0.9791666666666666,
          "kl_ratio": 6.918649805576168
        },
        "threshold_calibration": {
          "p50_threshold": 0.751899778842926,
          "bp_mean": 0.6823782286917169,
          "bp_std": 0.20733831473528233
        }
      }
    ]
  }
}