{
  "variant": "V0_dense",
  "seq_len": 512,
  "seed": 2,
  "ppl_mean": 238.0830841064453,
  "ppl_std": 71.39703335726878,
  "enabled_rate": 1.0,
  "tokens_per_query_mean": 512.0,
  "tokens_per_query_p50": 512.0,
  "tokens_per_query_p95": 512.0,
  "tokens_per_query_p99": 512.0,
  "kv_bytes_written_per_token": 36864,
  "kv_bytes_read_per_token": 18874368.0,
  "kv_bytes_total_per_token": 18911232.0,
  "peak_kv_bytes": 18874368,
  "effective_kept_tokens": 512.0,
  "flops_proxy": 4718592.0,
  "flops_relative": 1.0,
  "wall_ms_per_token": 0.24616634345875354,
  "tokens_per_sec": 4062.2937561224944,
  "tokens_seen": 51200,
  "n_eval_batches": 50
}