{
  "variant": "V1_local_only",
  "seq_len": 512,
  "seed": 1,
  "ppl_mean": 257.1892514038086,
  "ppl_std": 69.86840031963035,
  "enabled_rate": 0.0,
  "tokens_per_query_mean": 256.0,
  "tokens_per_query_p50": 256.0,
  "tokens_per_query_p95": 256.0,
  "tokens_per_query_p99": 256.0,
  "kv_bytes_written_per_token": 36864,
  "kv_bytes_read_per_token": 9437184.0,
  "kv_bytes_total_per_token": 9474048.0,
  "peak_kv_bytes": 18874368,
  "effective_kept_tokens": 256.0,
  "flops_proxy": 2359296.0,
  "flops_relative": 0.5,
  "wall_ms_per_token": 0.2734367217271938,
  "tokens_per_sec": 3657.1532663330204,
  "tokens_seen": 51200,
  "n_eval_batches": 50
}