{
  "variant": "V1_local_only",
  "seq_len": 512,
  "seed": 3,
  "ppl_mean": 241.13762496948243,
  "ppl_std": 75.85846116174837,
  "enabled_rate": 0.0,
  "tokens_per_query_mean": 256.0,
  "tokens_per_query_p50": 256.0,
  "tokens_per_query_p95": 256.0,
  "tokens_per_query_p99": 256.0,
  "kv_bytes_written_per_token": 36864,
  "kv_bytes_read_per_token": 9437184.0,
  "kv_bytes_total_per_token": 9474048.0,
  "peak_kv_bytes": 18874368,
  "effective_kept_tokens": 256.0,
  "flops_proxy": 2359296.0,
  "flops_relative": 0.5,
  "wall_ms_per_token": 0.25040822129085427,
  "tokens_per_sec": 3993.4791072154117,
  "tokens_seen": 51200,
  "n_eval_batches": 50
}