{
  "version": "v26",
  "model": "mistral7b",
  "n_layers": 32,
  "head_dim": 128,
  "n_kv_heads": 8,
  "dense_ppls": {
    "L8192_s0": 4.593089182087577,
    "L8192_s1": 7.394505247300967,
    "L8192_s2": 5.425162146124021,
    "L32768_s0": 3.934221679441022,
    "L32768_s1": 6.726942005958046,
    "L32768_s2": 5.816440887472727
  },
  "int8_all": {
    "evals": {
      "L8192_s0": {
        "ppl": 4.5927,
        "delta_pct": -0.01,
        "pass_1pct": true,
        "pass_3pct": true,
        "p50_ms": 21.93,
        "kv_bytes_ratio": 1.0
      },
      "L8192_s1": {
        "ppl": 7.3953,
        "delta_pct": 0.01,
        "pass_1pct": true,
        "pass_3pct": true,
        "p50_ms": 21.88,
        "kv_bytes_ratio": 1.0
      },
      "L8192_s2": {
        "ppl": 5.424,
        "delta_pct": -0.02,
        "pass_1pct": true,
        "pass_3pct": true,
        "p50_ms": 21.9,
        "kv_bytes_ratio": 1.0
      },
      "L32768_s0": {
        "ppl": 3.9326,
        "delta_pct": -0.04,
        "pass_1pct": true,
        "pass_3pct": true,
        "p50_ms": 40.66,
        "kv_bytes_ratio": 1.0
      },
      "L32768_s1": {
        "ppl": 6.7239,
        "delta_pct": -0.05,
        "pass_1pct": true,
        "pass_3pct": true,
        "p50_ms": 40.68,
        "kv_bytes_ratio": 1.0
      },
      "L32768_s2": {
        "ppl": 5.8178,
        "delta_pct": 0.02,
        "pass_1pct": true,
        "pass_3pct": true,
        "p50_ms": 40.68,
        "kv_bytes_ratio": 1.0
      }
    },
    "max_delta": 0.05,
    "pass_1pct": true,
    "pass_3pct": true
  },
  "gpu_info": {
    "device_name": "NVIDIA H100 80GB HBM3",
    "total_gb": 85.0,
    "torch_version": "2.10.0+cu126",
    "backend": "cuda=12.6"
  },
  "timestamp": "2026-03-03T22:14:01.675402"
}