{
  "variant": "V1_local_only",
  "seq_len": 1024,
  "seed": 3,
  "ppl_mean": 266.16985076904297,
  "ppl_std": 73.44734707135069,
  "enabled_rate": 0.0,
  "tokens_per_query_mean": 256.0,
  "tokens_per_query_p50": 256.0,
  "tokens_per_query_p95": 256.0,
  "tokens_per_query_p99": 256.0,
  "kv_bytes_written_per_token": 36864,
  "kv_bytes_read_per_token": 9437184.0,
  "kv_bytes_total_per_token": 9474048.0,
  "peak_kv_bytes": 37748736,
  "effective_kept_tokens": 256.0,
  "flops_proxy": 2359296.0,
  "flops_relative": 0.25,
  "wall_ms_per_token": 0.3279956772530568,
  "tokens_per_sec": 3048.8206685372725,
  "tokens_seen": 102400,
  "n_eval_batches": 50
}