{
  "variant": "V2_budget_90",
  "seq_len": 1024,
  "seed": 2,
  "ppl_mean": 239.80527709960938,
  "ppl_std": 60.49365032872281,
  "enabled_rate": 0.8997395833333335,
  "tokens_per_query_mean": 509.0595703125,
  "tokens_per_query_p50": 509.060546875,
  "tokens_per_query_p95": 509.23193359375,
  "tokens_per_query_p99": 509.272451171875,
  "kv_bytes_written_per_token": 36864,
  "kv_bytes_read_per_token": 34910208.00000001,
  "kv_bytes_total_per_token": 34947072.00000001,
  "peak_kv_bytes": 37748736,
  "effective_kept_tokens": 509.0595703125,
  "flops_proxy": 8727552.000000002,
  "flops_relative": 0.9248046875000002,
  "wall_ms_per_token": 0.8299108440041891,
  "tokens_per_sec": 1204.9487089181262,
  "tokens_seen": 102400,
  "n_eval_batches": 50
}