{
  "variant": "V2_budget_30",
  "seq_len": 1024,
  "seed": 3,
  "ppl_mean": 262.01420501708986,
  "ppl_std": 72.76638280424177,
  "enabled_rate": 0.30078125,
  "tokens_per_query_mean": 366.62947265625,
  "tokens_per_query_p50": 366.67919921875,
  "tokens_per_query_p95": 367.7859375,
  "tokens_per_query_p99": 368.323212890625,
  "kv_bytes_written_per_token": 36864,
  "kv_bytes_read_per_token": 17952768.0,
  "kv_bytes_total_per_token": 17989632.0,
  "peak_kv_bytes": 37748736,
  "effective_kept_tokens": 366.62947265625,
  "flops_proxy": 4488192.0,
  "flops_relative": 0.4755859375,
  "wall_ms_per_token": 0.8151465422088222,
  "tokens_per_sec": 1226.7732833537832,
  "tokens_seen": 102400,
  "n_eval_batches": 50
}