{
  "variant": "V2_budget_70",
  "seq_len": 512,
  "seed": 2,
  "ppl_mean": 238.51353515625,
  "ppl_std": 72.0966377342982,
  "enabled_rate": 0.69921875,
  "tokens_per_query_mean": 247.42984375,
  "tokens_per_query_p50": 247.55078125,
  "tokens_per_query_p95": 248.59111328125,
  "tokens_per_query_p99": 248.7112109375,
  "kv_bytes_written_per_token": 36864,
  "kv_bytes_read_per_token": 16035840.0,
  "kv_bytes_total_per_token": 16072704.0,
  "peak_kv_bytes": 18874368,
  "effective_kept_tokens": 247.42984375,
  "flops_proxy": 4008960.0,
  "flops_relative": 0.849609375,
  "wall_ms_per_token": 0.5850167926837457,
  "tokens_per_sec": 1709.3526416780826,
  "tokens_seen": 51200,
  "n_eval_batches": 50
}