{
  "variant": "V2_budget_50",
  "seq_len": 1024,
  "seed": 2,
  "ppl_mean": 260.69029113769534,
  "ppl_std": 64.09995722483451,
  "enabled_rate": 0.5,
  "tokens_per_query_mean": 436.9698828125,
  "tokens_per_query_p50": 437.01171875,
  "tokens_per_query_p95": 437.949462890625,
  "tokens_per_query_p99": 438.48654296875,
  "kv_bytes_written_per_token": 36864,
  "kv_bytes_read_per_token": 23592960.0,
  "kv_bytes_total_per_token": 23629824.0,
  "peak_kv_bytes": 37748736,
  "effective_kept_tokens": 436.9698828125,
  "flops_proxy": 5898240.0,
  "flops_relative": 0.625,
  "wall_ms_per_token": 0.8332460288329457,
  "tokens_per_sec": 1200.1257316528852,
  "tokens_seen": 102400,
  "n_eval_batches": 50
}