{
  "variant": "V2_budget_50",
  "seq_len": 512,
  "seed": 1,
  "ppl_mean": 257.9237350463867,
  "ppl_std": 70.05835339232219,
  "enabled_rate": 0.5,
  "tokens_per_query_mean": 236.298046875,
  "tokens_per_query_p50": 236.3466796875,
  "tokens_per_query_p95": 237.5447265625,
  "tokens_per_query_p99": 238.21232421875,
  "kv_bytes_written_per_token": 36864,
  "kv_bytes_read_per_token": 14155776.0,
  "kv_bytes_total_per_token": 14192640.0,
  "peak_kv_bytes": 18874368,
  "effective_kept_tokens": 236.298046875,
  "flops_proxy": 3538944.0,
  "flops_relative": 0.75,
  "wall_ms_per_token": 1.149494809396856,
  "tokens_per_sec": 869.947381950079,
  "tokens_seen": 51200,
  "n_eval_batches": 50
}