{
  "variant": "V2_budget_70",
  "seq_len": 512,
  "seed": 3,
  "ppl_mean": 241.92071868896485,
  "ppl_std": 76.33199568800372,
  "enabled_rate": 0.69921875,
  "tokens_per_query_mean": 247.5814453125,
  "tokens_per_query_p50": 247.568359375,
  "tokens_per_query_p95": 248.9314453125,
  "tokens_per_query_p99": 249.3087109375,
  "kv_bytes_written_per_token": 36864,
  "kv_bytes_read_per_token": 16035840.0,
  "kv_bytes_total_per_token": 16072704.0,
  "peak_kv_bytes": 18874368,
  "effective_kept_tokens": 247.5814453125,
  "flops_proxy": 4008960.0,
  "flops_relative": 0.849609375,
  "wall_ms_per_token": 0.5939112033956917,
  "tokens_per_sec": 1683.7533865037276,
  "tokens_seen": 51200,
  "n_eval_batches": 50
}