{
  "variant": "V2_budget_70",
  "seq_len": 512,
  "seed": 1,
  "ppl_mean": 257.5822119140625,
  "ppl_std": 69.94570106605168,
  "enabled_rate": 0.69921875,
  "tokens_per_query_mean": 247.6034765625,
  "tokens_per_query_p50": 247.76171875,
  "tokens_per_query_p95": 248.76650390625,
  "tokens_per_query_p99": 249.34916015625,
  "kv_bytes_written_per_token": 36864,
  "kv_bytes_read_per_token": 16035840.0,
  "kv_bytes_total_per_token": 16072704.0,
  "peak_kv_bytes": 18874368,
  "effective_kept_tokens": 247.6034765625,
  "flops_proxy": 4008960.0,
  "flops_relative": 0.849609375,
  "wall_ms_per_token": 0.579442211346759,
  "tokens_per_sec": 1725.7976385181992,
  "tokens_seen": 51200,
  "n_eval_batches": 50
}