{
  "variant": "V2_budget_50",
  "seq_len": 512,
  "seed": 2,
  "ppl_mean": 239.20394653320312,
  "ppl_std": 72.41390889859275,
  "enabled_rate": 0.5,
  "tokens_per_query_mean": 236.1363671875,
  "tokens_per_query_p50": 236.2001953125,
  "tokens_per_query_p95": 237.46455078125,
  "tokens_per_query_p99": 237.8869140625,
  "kv_bytes_written_per_token": 36864,
  "kv_bytes_read_per_token": 14155776.0,
  "kv_bytes_total_per_token": 14192640.0,
  "peak_kv_bytes": 18874368,
  "effective_kept_tokens": 236.1363671875,
  "flops_proxy": 3538944.0,
  "flops_relative": 0.75,
  "wall_ms_per_token": 0.5811627870571101,
  "tokens_per_sec": 1720.688286088991,
  "tokens_seen": 51200,
  "n_eval_batches": 50
}