{
  "variant": "V2_budget_70",
  "seq_len": 1024,
  "seed": 2,
  "ppl_mean": 249.3823794555664,
  "ppl_std": 62.876582608622684,
  "enabled_rate": 0.69921875,
  "tokens_per_query_mean": 486.1045703125,
  "tokens_per_query_p50": 486.11962890625,
  "tokens_per_query_p95": 486.24033203125,
  "tokens_per_query_p99": 486.25107421875,
  "kv_bytes_written_per_token": 36864,
  "kv_bytes_read_per_token": 29233152.0,
  "kv_bytes_total_per_token": 29270016.0,
  "peak_kv_bytes": 37748736,
  "effective_kept_tokens": 486.1045703125,
  "flops_proxy": 7308288.0,
  "flops_relative": 0.7744140625,
  "wall_ms_per_token": 0.8290220052913355,
  "tokens_per_sec": 1206.2405987022978,
  "tokens_seen": 102400,
  "n_eval_batches": 50
}