{
  "variant": "V2_budget_50",
  "seq_len": 1024,
  "seed": 3,
  "ppl_mean": 260.02725860595706,
  "ppl_std": 72.36274174055497,
  "enabled_rate": 0.5,
  "tokens_per_query_mean": 437.21939453125,
  "tokens_per_query_p50": 437.3330078125,
  "tokens_per_query_p95": 438.12841796875,
  "tokens_per_query_p99": 438.516357421875,
  "kv_bytes_written_per_token": 36864,
  "kv_bytes_read_per_token": 23592960.0,
  "kv_bytes_total_per_token": 23629824.0,
  "peak_kv_bytes": 37748736,
  "effective_kept_tokens": 437.21939453125,
  "flops_proxy": 5898240.0,
  "flops_relative": 0.625,
  "wall_ms_per_token": 0.8152043551490351,
  "tokens_per_sec": 1226.686282628091,
  "tokens_seen": 102400,
  "n_eval_batches": 50
}