{
  "variant": "V2_budget_30",
  "seq_len": 1024,
  "seed": 2,
  "ppl_mean": 263.85483306884765,
  "ppl_std": 65.07121985173958,
  "enabled_rate": 0.30078125,
  "tokens_per_query_mean": 366.64890625,
  "tokens_per_query_p50": 366.6748046875,
  "tokens_per_query_p95": 367.9083984375,
  "tokens_per_query_p99": 368.7066796875,
  "kv_bytes_written_per_token": 36864,
  "kv_bytes_read_per_token": 17952768.0,
  "kv_bytes_total_per_token": 17989632.0,
  "peak_kv_bytes": 37748736,
  "effective_kept_tokens": 366.64890625,
  "flops_proxy": 4488192.0,
  "flops_relative": 0.4755859375,
  "wall_ms_per_token": 0.8314193846672424,
  "tokens_per_sec": 1202.7624306597427,
  "tokens_seen": 102400,
  "n_eval_batches": 50
}