{
  "variant": "V2_budget_30",
  "seq_len": 512,
  "seed": 3,
  "ppl_mean": 242.4336508178711,
  "ppl_std": 76.16148678920422,
  "enabled_rate": 0.30078125,
  "tokens_per_query_mean": 221.500703125,
  "tokens_per_query_p50": 221.443359375,
  "tokens_per_query_p95": 222.506640625,
  "tokens_per_query_p99": 222.6004296875,
  "kv_bytes_written_per_token": 36864,
  "kv_bytes_read_per_token": 12275712.0,
  "kv_bytes_total_per_token": 12312576.0,
  "peak_kv_bytes": 18874368,
  "effective_kept_tokens": 221.500703125,
  "flops_proxy": 3068928.0,
  "flops_relative": 0.650390625,
  "wall_ms_per_token": 0.5898333620280027,
  "tokens_per_sec": 1695.394096667805,
  "tokens_seen": 51200,
  "n_eval_batches": 50
}