{
  "variant": "V2_budget_30",
  "seq_len": 512,
  "seed": 1,
  "ppl_mean": 258.03397247314456,
  "ppl_std": 69.7813090001181,
  "enabled_rate": 0.30078125,
  "tokens_per_query_mean": 221.2451953125,
  "tokens_per_query_p50": 221.2802734375,
  "tokens_per_query_p95": 222.42900390625,
  "tokens_per_query_p99": 222.6959765625,
  "kv_bytes_written_per_token": 36864,
  "kv_bytes_read_per_token": 12275712.0,
  "kv_bytes_total_per_token": 12312576.0,
  "peak_kv_bytes": 18874368,
  "effective_kept_tokens": 221.2451953125,
  "flops_proxy": 3068928.0,
  "flops_relative": 0.650390625,
  "wall_ms_per_token": 1.1122862852062099,
  "tokens_per_sec": 899.049114693172,
  "tokens_seen": 51200,
  "n_eval_batches": 50
}