{
  "variant": "V2_budget_90",
  "seq_len": 512,
  "seed": 2,
  "ppl_mean": 238.1476623535156,
  "ppl_std": 71.53285526738641,
  "enabled_rate": 0.8984375,
  "tokens_per_query_mean": 254.864453125,
  "tokens_per_query_p50": 254.8759765625,
  "tokens_per_query_p95": 255.4244140625,
  "tokens_per_query_p99": 255.466875,
  "kv_bytes_written_per_token": 36864,
  "kv_bytes_read_per_token": 17915904.0,
  "kv_bytes_total_per_token": 17952768.0,
  "peak_kv_bytes": 18874368,
  "effective_kept_tokens": 254.864453125,
  "flops_proxy": 4478976.0,
  "flops_relative": 0.94921875,
  "wall_ms_per_token": 0.5894935693504522,
  "tokens_per_sec": 1696.3713465133715,
  "tokens_seen": 51200,
  "n_eval_batches": 50
}