{
  "variant": "V2_budget_30",
  "seq_len": 1024,
  "seed": 1,
  "ppl_mean": 286.76666564941405,
  "ppl_std": 72.63765200440862,
  "enabled_rate": 0.30078125,
  "tokens_per_query_mean": 366.85068359375,
  "tokens_per_query_p50": 366.93017578125,
  "tokens_per_query_p95": 367.962841796875,
  "tokens_per_query_p99": 368.070537109375,
  "kv_bytes_written_per_token": 36864,
  "kv_bytes_read_per_token": 17952768.0,
  "kv_bytes_total_per_token": 17989632.0,
  "peak_kv_bytes": 37748736,
  "effective_kept_tokens": 366.85068359375,
  "flops_proxy": 4488192.0,
  "flops_relative": 0.4755859375,
  "wall_ms_per_token": 0.8689805886206159,
  "tokens_per_sec": 1150.7736917200405,
  "tokens_seen": 102400,
  "n_eval_batches": 50
}