{
  "variant": "VR_random",
  "seq_len": 1024,
  "seed": 1,
  "ppl_mean": 268.29401794433596,
  "ppl_std": 54.61376579121421,
  "enabled_rate": 0.5001822916666666,
  "tokens_per_query_mean": 367.56537109375,
  "tokens_per_query_p50": 367.70166015625,
  "tokens_per_query_p95": 379.048876953125,
  "tokens_per_query_p99": 380.05984375,
  "kv_bytes_written_per_token": 36864,
  "kv_bytes_read_per_token": 23598120.96,
  "kv_bytes_total_per_token": 23634984.96,
  "peak_kv_bytes": 37748736,
  "effective_kept_tokens": 367.56537109375,
  "flops_proxy": 5899530.24,
  "flops_relative": 0.62513671875,
  "wall_ms_per_token": 0.35416545733824023,
  "tokens_per_sec": 2823.5390529488186,
  "tokens_seen": 102400,
  "n_eval_batches": 50
}