{
  "variant": "VR_random",
  "seq_len": 512,
  "seed": 1,
  "ppl_mean": 253.9656071472168,
  "ppl_std": 64.97051598669387,
  "enabled_rate": 0.494296875,
  "tokens_per_query_mean": 224.1987890625,
  "tokens_per_query_p50": 224.0390625,
  "tokens_per_query_p95": 228.0107421875,
  "tokens_per_query_p99": 229.58,
  "kv_bytes_written_per_token": 36864,
  "kv_bytes_read_per_token": 14101954.560000002,
  "kv_bytes_total_per_token": 14138818.560000002,
  "peak_kv_bytes": 18874368,
  "effective_kept_tokens": 224.1987890625,
  "flops_proxy": 3525488.6400000006,
  "flops_relative": 0.7471484375000002,
  "wall_ms_per_token": 0.23458606756321387,
  "tokens_per_sec": 4262.827756087988,
  "tokens_seen": 51200,
  "n_eval_batches": 50
}