{
  "variant": "V0_dense",
  "seq_len": 1024,
  "seed": 3,
  "far_budget": 9999,
  "ra_update_period": 1,
  "ppl_mean": 249.1634407043457,
  "ppl_std": 95.38928845329167,
  "enabled_rate": 1.0,
  "tokens_per_query_mean": 480176.125,
  "effective_kept_tokens": 480176.125,
  "kv_bytes_written_per_token": 36864,
  "kv_bytes_read_per_token": 37748736.0,
  "kv_bytes_total_per_token": 37785600.0,
  "peak_kv_bytes": 37748736,
  "flops_proxy": 9437184.0,
  "flops_relative": 1.0,
  "wall_ms_per_token": 0.31339215456682723,
  "gate_ms_per_token": 8.375536708626896e-06,
  "fwd_ms_per_token": 0.3133614554826636,
  "tokens_per_sec": 3190.8903443425597,
  "tokens_seen": 30720,
  "n_eval_batches": 30
}