{
  "variant": "V0_dense",
  "seq_len": 512,
  "seed": 1,
  "far_budget": 9999,
  "ra_update_period": 1,
  "ppl_mean": 248.7397605895996,
  "ppl_std": 96.82192567199449,
  "enabled_rate": 1.0,
  "tokens_per_query_mean": 320160.25,
  "effective_kept_tokens": 320160.25,
  "kv_bytes_written_per_token": 36864,
  "kv_bytes_read_per_token": 18874368.0,
  "kv_bytes_total_per_token": 18911232.0,
  "peak_kv_bytes": 18874368,
  "flops_proxy": 4718592.0,
  "flops_relative": 1.0,
  "wall_ms_per_token": 0.30306474764074665,
  "gate_ms_per_token": 1.629086909815669e-05,
  "fwd_ms_per_token": 0.3030039842997212,
  "tokens_per_sec": 3299.6249408242006,
  "tokens_seen": 15360,
  "n_eval_batches": 30
}