{
  "variant": "V0_dense",
  "seq_len": 1024,
  "seed": 2,
  "far_budget": 9999,
  "ra_update_period": 1,
  "ppl_mean": 239.9899449666341,
  "ppl_std": 80.82830420790351,
  "enabled_rate": 1.0,
  "tokens_per_query_mean": 480176.125,
  "effective_kept_tokens": 480176.125,
  "kv_bytes_written_per_token": 36864,
  "kv_bytes_read_per_token": 37748736.0,
  "kv_bytes_total_per_token": 37785600.0,
  "peak_kv_bytes": 37748736,
  "flops_proxy": 9437184.0,
  "flops_relative": 1.0,
  "wall_ms_per_token": 0.31869254235061817,
  "gate_ms_per_token": 7.924427336547524e-06,
  "fwd_ms_per_token": 0.318663616781123,
  "tokens_per_sec": 3137.820523267291,
  "tokens_seen": 30720,
  "n_eval_batches": 30
}