{
  "variant": "V0_dense",
  "seq_len": 1024,
  "seed": 1,
  "far_budget": 9999,
  "ra_update_period": 1,
  "ppl_mean": 256.039149983724,
  "ppl_std": 93.03838840427935,
  "enabled_rate": 1.0,
  "tokens_per_query_mean": 480176.125,
  "effective_kept_tokens": 480176.125,
  "kv_bytes_written_per_token": 36864,
  "kv_bytes_read_per_token": 37748736.0,
  "kv_bytes_total_per_token": 37785600.0,
  "peak_kv_bytes": 37748736,
  "flops_proxy": 9437184.0,
  "flops_relative": 1.0,
  "wall_ms_per_token": 0.30781124132772675,
  "gate_ms_per_token": 8.43283487483859e-06,
  "fwd_ms_per_token": 0.3077817200392019,
  "tokens_per_sec": 3248.7442488667903,
  "tokens_seen": 30720,
  "n_eval_batches": 30
}