{
  "variant": "V0_dense",
  "seq_len": 512,
  "seed": 2,
  "far_budget": 9999,
  "ra_update_period": 1,
  "ppl_mean": 246.15829823811848,
  "ppl_std": 115.36030875538721,
  "enabled_rate": 1.0,
  "tokens_per_query_mean": 320160.25,
  "effective_kept_tokens": 320160.25,
  "kv_bytes_written_per_token": 36864,
  "kv_bytes_read_per_token": 18874368.0,
  "kv_bytes_total_per_token": 18911232.0,
  "peak_kv_bytes": 18874368,
  "flops_proxy": 4718592.0,
  "flops_relative": 1.0,
  "wall_ms_per_token": 0.2645958120410796,
  "gate_ms_per_token": 1.589978637639433e-05,
  "fwd_ms_per_token": 0.2645416698214831,
  "tokens_per_sec": 3779.3493112610026,
  "tokens_seen": 15360,
  "n_eval_batches": 30
}