{
  "variant": "V0_dense",
  "seq_len": 2048,
  "seed": 1,
  "far_budget": 9999,
  "ra_update_period": 1,
  "ppl_mean": 272.91351114908855,
  "ppl_std": 79.20747645201406,
  "enabled_rate": 1.0,
  "tokens_per_query_mean": 560184.0625,
  "effective_kept_tokens": 560184.0625,
  "kv_bytes_written_per_token": 36864,
  "kv_bytes_read_per_token": 75497472.0,
  "kv_bytes_total_per_token": 75534336.0,
  "peak_kv_bytes": 75497472,
  "flops_proxy": 18874368.0,
  "flops_relative": 1.0,
  "wall_ms_per_token": 0.5494861807164853,
  "gate_ms_per_token": 4.435605660546571e-06,
  "fwd_ms_per_token": 0.54946884392848,
  "tokens_per_sec": 1819.88198264801,
  "tokens_seen": 61440,
  "n_eval_batches": 30
}