{
  "variant": "V0_dense",
  "seq_len": 512,
  "seed": 3,
  "far_budget": 9999,
  "ra_update_period": 1,
  "ppl_mean": 260.3624890645345,
  "ppl_std": 129.2963196823784,
  "enabled_rate": 1.0,
  "tokens_per_query_mean": 320160.25,
  "effective_kept_tokens": 320160.25,
  "kv_bytes_written_per_token": 36864,
  "kv_bytes_read_per_token": 18874368.0,
  "kv_bytes_total_per_token": 18911232.0,
  "peak_kv_bytes": 18874368,
  "flops_proxy": 4718592.0,
  "flops_relative": 1.0,
  "wall_ms_per_token": 0.25236054716515355,
  "gate_ms_per_token": 1.560692908242345e-05,
  "fwd_ms_per_token": 0.2523051643947838,
  "tokens_per_sec": 3962.584529290805,
  "tokens_seen": 15360,
  "n_eval_batches": 30
}