{
  "variant": "V1_local_only",
  "seq_len": 1024,
  "seed": 2,
  "far_budget": 0,
  "ra_update_period": 1,
  "ppl_mean": 270.84124043782555,
  "ppl_std": 90.64014246063482,
  "enabled_rate": 0.0,
  "tokens_per_query_mean": 224.125,
  "effective_kept_tokens": 224.125,
  "kv_bytes_written_per_token": 36864,
  "kv_bytes_read_per_token": 9437184.0,
  "kv_bytes_total_per_token": 9474048.0,
  "peak_kv_bytes": 37748736,
  "flops_proxy": 2359296.0,
  "flops_relative": 0.25,
  "wall_ms_per_token": 0.3082784487560275,
  "gate_ms_per_token": 2.4374458007514477e-06,
  "fwd_ms_per_token": 0.30825215435470454,
  "tokens_per_sec": 3243.8206564072957,
  "tokens_seen": 30720,
  "n_eval_batches": 30
}