{
  "variant": "V1_local_only",
  "seq_len": 1024,
  "seed": 1,
  "far_budget": 0,
  "ra_update_period": 1,
  "ppl_mean": 287.9462615966797,
  "ppl_std": 99.66412823285853,
  "enabled_rate": 0.0,
  "tokens_per_query_mean": 224.125,
  "effective_kept_tokens": 224.125,
  "kv_bytes_written_per_token": 36864,
  "kv_bytes_read_per_token": 9437184.0,
  "kv_bytes_total_per_token": 9474048.0,
  "peak_kv_bytes": 37748736,
  "flops_proxy": 2359296.0,
  "flops_relative": 0.25,
  "wall_ms_per_token": 0.3000545866598259,
  "gate_ms_per_token": 2.700289769563824e-06,
  "fwd_ms_per_token": 0.30003616029716795,
  "tokens_per_sec": 3332.726925230133,
  "tokens_seen": 30720,
  "n_eval_batches": 30
}