{
  "variant": "V1_local_only",
  "seq_len": 512,
  "seed": 3,
  "far_budget": 0,
  "ra_update_period": 1,
  "ppl_mean": 260.13398869832355,
  "ppl_std": 130.3677068622377,
  "enabled_rate": 0.0,
  "tokens_per_query_mean": 192.25,
  "effective_kept_tokens": 192.25,
  "kv_bytes_written_per_token": 36864,
  "kv_bytes_read_per_token": 9437184.0,
  "kv_bytes_total_per_token": 9474048.0,
  "peak_kv_bytes": 18874368,
  "flops_proxy": 2359296.0,
  "flops_relative": 0.5,
  "wall_ms_per_token": 0.2434919424558757,
  "gate_ms_per_token": 4.698449629358947e-06,
  "fwd_ms_per_token": 0.24345325073227286,
  "tokens_per_sec": 4106.912080596731,
  "tokens_seen": 15360,
  "n_eval_batches": 30
}