{
  "variant": "V1_local_only",
  "seq_len": 512,
  "seed": 1,
  "far_budget": 0,
  "ra_update_period": 1,
  "ppl_mean": 249.23713760375978,
  "ppl_std": 96.95514451452178,
  "enabled_rate": 0.0,
  "tokens_per_query_mean": 192.25,
  "effective_kept_tokens": 192.25,
  "kv_bytes_written_per_token": 36864,
  "kv_bytes_read_per_token": 9437184.0,
  "kv_bytes_total_per_token": 9474048.0,
  "peak_kv_bytes": 18874368,
  "flops_proxy": 2359296.0,
  "flops_relative": 0.5,
  "wall_ms_per_token": 0.3037647456949344,
  "gate_ms_per_token": 5.069523467682302e-06,
  "fwd_ms_per_token": 0.3037200549442787,
  "tokens_per_sec": 3292.0212571483935,
  "tokens_seen": 15360,
  "n_eval_batches": 30
}