{
  "variant": "V1_local_only",
  "seq_len": 2048,
  "seed": 1,
  "far_budget": 0,
  "ra_update_period": 1,
  "ppl_mean": 323.1314412434896,
  "ppl_std": 91.87721109977349,
  "enabled_rate": 0.0,
  "tokens_per_query_mean": 240.0625,
  "effective_kept_tokens": 240.0625,
  "kv_bytes_written_per_token": 36864,
  "kv_bytes_read_per_token": 9437184.0,
  "kv_bytes_total_per_token": 9474048.0,
  "peak_kv_bytes": 75497472,
  "flops_proxy": 2359296.0,
  "flops_relative": 0.125,
  "wall_ms_per_token": 0.5382459576139809,
  "gate_ms_per_token": 1.8994796846527606e-06,
  "fwd_ms_per_token": 0.5382303497754037,
  "tokens_per_sec": 1857.8866888902487,
  "tokens_seen": 61440,
  "n_eval_batches": 30
}