{
  "variant": "V1_local_only",
  "seq_len": 2048,
  "seed": 2,
  "far_budget": 0,
  "ra_update_period": 1,
  "ppl_mean": 297.7574681599935,
  "ppl_std": 64.16172021801027,
  "enabled_rate": 0.0,
  "tokens_per_query_mean": 240.0625,
  "effective_kept_tokens": 240.0625,
  "kv_bytes_written_per_token": 36864,
  "kv_bytes_read_per_token": 9437184.0,
  "kv_bytes_total_per_token": 9474048.0,
  "peak_kv_bytes": 75497472,
  "flops_proxy": 2359296.0,
  "flops_relative": 0.125,
  "wall_ms_per_token": 0.5098503047520353,
  "gate_ms_per_token": 1.931311999214813e-06,
  "fwd_ms_per_token": 0.5098367032587703,
  "tokens_per_sec": 1961.3600123007636,
  "tokens_seen": 61440,
  "n_eval_batches": 30
}