{
  "variant": "V6_ra_blend_fb8",
  "seq_len": 2048,
  "seed": 2,
  "far_budget": 8,
  "ra_update_period": 1,
  "ppl_mean": 270.7509160359701,
  "ppl_std": 58.042083411033865,
  "enabled_rate": 0.6997767857142855,
  "tokens_per_query_mean": 553.5625,
  "effective_kept_tokens": 553.5625,
  "kv_bytes_written_per_token": 36864,
  "kv_bytes_read_per_token": 22645028.571428567,
  "kv_bytes_total_per_token": 22681892.571428567,
  "peak_kv_bytes": 75497472,
  "flops_proxy": 5661257.142857142,
  "flops_relative": 0.2999441964285714,
  "wall_ms_per_token": 1.4334094407786324,
  "gate_ms_per_token": 0.9113513515330851,
  "fwd_ms_per_token": 0.5221586015977664,
  "tokens_per_sec": 697.6373753034561,
  "tokens_seen": 61440,
  "n_eval_batches": 30
}