{
  "variant": "V6_ra_value_fb8",
  "seq_len": 2048,
  "seed": 2,
  "far_budget": 8,
  "ra_update_period": 1,
  "ppl_mean": 268.59117584228517,
  "ppl_std": 58.6027504897054,
  "enabled_rate": 0.6997767857142855,
  "tokens_per_query_mean": 553.5625,
  "effective_kept_tokens": 553.5625,
  "kv_bytes_written_per_token": 36864,
  "kv_bytes_read_per_token": 22645028.571428567,
  "kv_bytes_total_per_token": 22681892.571428567,
  "peak_kv_bytes": 75497472,
  "flops_proxy": 5661257.142857142,
  "flops_relative": 0.2999441964285714,
  "wall_ms_per_token": 1.4233765928111097,
  "gate_ms_per_token": 0.9019283306770376,
  "fwd_ms_per_token": 0.52139178114885,
  "tokens_per_sec": 702.5547596121709,
  "tokens_seen": 61440,
  "n_eval_batches": 30
}