{
  "variant": "V6_random_fb8",
  "seq_len": 1024,
  "seed": 2,
  "far_budget": 8,
  "ra_update_period": 1,
  "ppl_mean": 228.5556854248047,
  "ppl_std": 59.264652537761656,
  "enabled_rate": 0.69921875,
  "tokens_per_query_mean": 492.625,
  "effective_kept_tokens": 492.625,
  "kv_bytes_written_per_token": 36864,
  "kv_bytes_read_per_token": 22634496.0,
  "kv_bytes_total_per_token": 22671360.0,
  "peak_kv_bytes": 37748736,
  "flops_proxy": 5658624.0,
  "flops_relative": 0.599609375,
  "wall_ms_per_token": 0.9660548266765545,
  "gate_ms_per_token": 0.6455516777350567,
  "fwd_ms_per_token": 0.3185130744896014,
  "tokens_per_sec": 1035.1379366740753,
  "tokens_seen": 30720,
  "n_eval_batches": 30
}