{
  "variant": "V6_random_fb4",
  "seq_len": 512,
  "seed": 3,
  "far_budget": 4,
  "ra_update_period": 1,
  "ppl_mean": 268.7066253662109,
  "ppl_std": 114.70897584983418,
  "enabled_rate": 0.69921875,
  "tokens_per_query_mean": 281.75,
  "effective_kept_tokens": 281.75,
  "kv_bytes_written_per_token": 36864,
  "kv_bytes_read_per_token": 16035840.0,
  "kv_bytes_total_per_token": 16072704.0,
  "peak_kv_bytes": 18874368,
  "flops_proxy": 4008960.0,
  "flops_relative": 0.849609375,
  "wall_ms_per_token": 0.686908255374874,
  "gate_ms_per_token": 0.4433343856362626,
  "fwd_ms_per_token": 0.24214700533775613,
  "tokens_per_sec": 1455.7984886267802,
  "tokens_seen": 15360,
  "n_eval_batches": 30
}