{
  "variant": "V6_ra_value_fb4",
  "seq_len": 1024,
  "seed": 1,
  "far_budget": 4,
  "ra_update_period": 1,
  "ppl_mean": 264.63689880371095,
  "ppl_std": 95.24818281432499,
  "enabled_rate": 0.69921875,
  "tokens_per_query_mean": 358.375,
  "effective_kept_tokens": 358.375,
  "kv_bytes_written_per_token": 36864,
  "kv_bytes_read_per_token": 16035840.0,
  "kv_bytes_total_per_token": 16072704.0,
  "peak_kv_bytes": 37748736,
  "flops_proxy": 4008960.0,
  "flops_relative": 0.4248046875,
  "wall_ms_per_token": 0.9425425187146175,
  "gate_ms_per_token": 0.6374787271852256,
  "fwd_ms_per_token": 0.30327010790642817,
  "tokens_per_sec": 1060.960094790991,
  "tokens_seen": 30720,
  "n_eval_batches": 30
}