{
  "variant": "V6_ra_blend_fb4",
  "seq_len": 2048,
  "seed": 2,
  "far_budget": 4,
  "ra_update_period": 1,
  "ppl_mean": 277.81347605387367,
  "ppl_std": 59.45647916517463,
  "enabled_rate": 0.6997767857142855,
  "tokens_per_query_mean": 396.8125,
  "effective_kept_tokens": 396.8125,
  "kv_bytes_written_per_token": 36864,
  "kv_bytes_read_per_token": 16041106.285714284,
  "kv_bytes_total_per_token": 16077970.285714284,
  "peak_kv_bytes": 75497472,
  "flops_proxy": 4010276.571428571,
  "flops_relative": 0.2124720982142857,
  "wall_ms_per_token": 1.4253966637625126,
  "gate_ms_per_token": 0.9074905169654812,
  "fwd_ms_per_token": 0.5184880378692469,
  "tokens_per_sec": 701.5590995985461,
  "tokens_seen": 61440,
  "n_eval_batches": 30
}