{
  "variant": "V6_ra_value_fb4",
  "seq_len": 512,
  "seed": 2,
  "far_budget": 4,
  "ra_update_period": 1,
  "ppl_mean": 246.23969904581705,
  "ppl_std": 115.87008227384341,
  "enabled_rate": 0.69921875,
  "tokens_per_query_mean": 281.75,
  "effective_kept_tokens": 281.75,
  "kv_bytes_written_per_token": 36864,
  "kv_bytes_read_per_token": 16035840.0,
  "kv_bytes_total_per_token": 16072704.0,
  "peak_kv_bytes": 18874368,
  "flops_proxy": 4008960.0,
  "flops_relative": 0.849609375,
  "wall_ms_per_token": 0.7186302900663577,
  "gate_ms_per_token": 0.45877454067522194,
  "fwd_ms_per_token": 0.2590579642856028,
  "tokens_per_sec": 1391.536112272224,
  "tokens_seen": 15360,
  "n_eval_batches": 30
}