{
  "variant": "V6_random_fb8",
  "seq_len": 1024,
  "seed": 3,
  "far_budget": 8,
  "ra_update_period": 1,
  "ppl_mean": 282.56903279622395,
  "ppl_std": 132.27949951319175,
  "enabled_rate": 0.69921875,
  "tokens_per_query_mean": 492.625,
  "effective_kept_tokens": 492.625,
  "kv_bytes_written_per_token": 36864,
  "kv_bytes_read_per_token": 22634496.0,
  "kv_bytes_total_per_token": 22671360.0,
  "peak_kv_bytes": 37748736,
  "flops_proxy": 5658624.0,
  "flops_relative": 0.599609375,
  "wall_ms_per_token": 0.955451555455511,
  "gate_ms_per_token": 0.6264339590416057,
  "fwd_ms_per_token": 0.31357390616904013,
  "tokens_per_sec": 1046.6255398194946,
  "tokens_seen": 30720,
  "n_eval_batches": 30
}