{
  "variant": "V6_recency_fb8",
  "seq_len": 1024,
  "seed": 3,
  "far_budget": 8,
  "ra_update_period": 1,
  "ppl_mean": 257.4262227376302,
  "ppl_std": 97.4846339754626,
  "enabled_rate": 0.69921875,
  "tokens_per_query_mean": 492.625,
  "effective_kept_tokens": 492.625,
  "kv_bytes_written_per_token": 36864,
  "kv_bytes_read_per_token": 22634496.0,
  "kv_bytes_total_per_token": 22671360.0,
  "peak_kv_bytes": 37748736,
  "flops_proxy": 5658624.0,
  "flops_relative": 0.599609375,
  "wall_ms_per_token": 0.9411502715011011,
  "gate_ms_per_token": 0.6324836458588834,
  "fwd_ms_per_token": 0.3080505639445619,
  "tokens_per_sec": 1062.529577136535,
  "tokens_seen": 30720,
  "n_eval_batches": 30
}