{
  "variant": "V6_recency_fb4",
  "seq_len": 1024,
  "seed": 2,
  "far_budget": 4,
  "ra_update_period": 1,
  "ppl_mean": 249.74222717285156,
  "ppl_std": 82.77105811339585,
  "enabled_rate": 0.69921875,
  "tokens_per_query_mean": 358.375,
  "effective_kept_tokens": 358.375,
  "kv_bytes_written_per_token": 36864,
  "kv_bytes_read_per_token": 16035840.0,
  "kv_bytes_total_per_token": 16072704.0,
  "peak_kv_bytes": 37748736,
  "flops_proxy": 4008960.0,
  "flops_relative": 0.4248046875,
  "wall_ms_per_token": 0.9464018303333432,
  "gate_ms_per_token": 0.6349948052957188,
  "fwd_ms_per_token": 0.3118544645985821,
  "tokens_per_sec": 1056.6336284956026,
  "tokens_seen": 30720,
  "n_eval_batches": 30
}