{
  "variant": "V6_ra_blend_fb8",
  "seq_len": 2048,
  "seed": 1,
  "far_budget": 8,
  "ra_update_period": 1,
  "ppl_mean": 296.29258422851564,
  "ppl_std": 84.22542735273716,
  "enabled_rate": 0.6997767857142855,
  "tokens_per_query_mean": 553.5625,
  "effective_kept_tokens": 553.5625,
  "kv_bytes_written_per_token": 36864,
  "kv_bytes_read_per_token": 22645028.571428567,
  "kv_bytes_total_per_token": 22681892.571428567,
  "peak_kv_bytes": 75497472,
  "flops_proxy": 5661257.142857142,
  "flops_relative": 0.2999441964285714,
  "wall_ms_per_token": 1.4813421621511225,
  "gate_ms_per_token": 0.9292458189520403,
  "fwd_ms_per_token": 0.550212017060403,
  "tokens_per_sec": 675.0634833399029,
  "tokens_seen": 61440,
  "n_eval_batches": 30
}