{
  "variant": "V6_random_fb4",
  "seq_len": 2048,
  "seed": 2,
  "far_budget": 4,
  "ra_update_period": 1,
  "ppl_mean": 295.2200205485026,
  "ppl_std": 84.644736786698,
  "enabled_rate": 0.6997767857142855,
  "tokens_per_query_mean": 396.8125,
  "effective_kept_tokens": 396.8125,
  "kv_bytes_written_per_token": 36864,
  "kv_bytes_read_per_token": 16041106.285714284,
  "kv_bytes_total_per_token": 16077970.285714284,
  "peak_kv_bytes": 75497472,
  "flops_proxy": 4010276.571428571,
  "flops_relative": 0.2124720982142857,
  "wall_ms_per_token": 1.4251538200369396,
  "gate_ms_per_token": 0.9070329583664716,
  "fwd_ms_per_token": 0.5155052308509767,
  "tokens_per_sec": 701.6786440456514,
  "tokens_seen": 61440,
  "n_eval_batches": 30
}