{
  "variant": "V6_random_fb8",
  "seq_len": 1024,
  "seed": 1,
  "far_budget": 8,
  "ra_update_period": 1,
  "ppl_mean": 264.79003957112633,
  "ppl_std": 76.20580754742124,
  "enabled_rate": 0.69921875,
  "tokens_per_query_mean": 492.625,
  "effective_kept_tokens": 492.625,
  "kv_bytes_written_per_token": 36864,
  "kv_bytes_read_per_token": 22634496.0,
  "kv_bytes_total_per_token": 22671360.0,
  "peak_kv_bytes": 37748736,
  "flops_proxy": 5658624.0,
  "flops_relative": 0.599609375,
  "wall_ms_per_token": 0.9519332425043103,
  "gate_ms_per_token": 0.6480043948613456,
  "fwd_ms_per_token": 0.30315827461890876,
  "tokens_per_sec": 1050.49383228727,
  "tokens_seen": 30720,
  "n_eval_batches": 30
}