{
  "variant": "V6_recency_fb8",
  "seq_len": 512,
  "seed": 1,
  "far_budget": 8,
  "ra_update_period": 1,
  "ppl_mean": 248.73539250691732,
  "ppl_std": 96.47136675200336,
  "enabled_rate": 0.69921875,
  "tokens_per_query_mean": 371.25,
  "effective_kept_tokens": 371.25,
  "kv_bytes_written_per_token": 36864,
  "kv_bytes_read_per_token": 18874368,
  "kv_bytes_total_per_token": 18911232,
  "peak_kv_bytes": 18874368,
  "flops_proxy": 4718592,
  "flops_relative": 1.0,
  "wall_ms_per_token": 0.8070602016232442,
  "gate_ms_per_token": 0.503896448208252,
  "fwd_ms_per_token": 0.30600044738093857,
  "tokens_per_sec": 1239.0649396274218,
  "tokens_seen": 15360,
  "n_eval_batches": 30
}