{
  "variant": "V6_ra_blend_fb8",
  "seq_len": 1024,
  "seed": 2,
  "far_budget": 8,
  "ra_update_period": 1,
  "ppl_mean": 248.01787567138672,
  "ppl_std": 82.75970832361762,
  "enabled_rate": 0.69921875,
  "tokens_per_query_mean": 492.625,
  "effective_kept_tokens": 492.625,
  "kv_bytes_written_per_token": 36864,
  "kv_bytes_read_per_token": 22634496.0,
  "kv_bytes_total_per_token": 22671360.0,
  "peak_kv_bytes": 37748736,
  "flops_proxy": 5658624.0,
  "flops_relative": 0.599609375,
  "wall_ms_per_token": 0.9612995518182288,
  "gate_ms_per_token": 0.6383722356986254,
  "fwd_ms_per_token": 0.3185714522260241,
  "tokens_per_sec": 1040.258468974184,
  "tokens_seen": 30720,
  "n_eval_batches": 30
}