{
  "variant": "V6_ra_value_fb4",
  "seq_len": 1024,
  "seed": 2,
  "far_budget": 4,
  "ra_update_period": 1,
  "ppl_mean": 247.6584019978841,
  "ppl_std": 82.70951302078119,
  "enabled_rate": 0.69921875,
  "tokens_per_query_mean": 358.375,
  "effective_kept_tokens": 358.375,
  "kv_bytes_written_per_token": 36864,
  "kv_bytes_read_per_token": 16035840.0,
  "kv_bytes_total_per_token": 16072704.0,
  "peak_kv_bytes": 37748736,
  "flops_proxy": 4008960.0,
  "flops_relative": 0.4248046875,
  "wall_ms_per_token": 0.9579048000887269,
  "gate_ms_per_token": 0.6415916777768871,
  "fwd_ms_per_token": 0.314312448608689,
  "tokens_per_sec": 1043.9450767000792,
  "tokens_seen": 30720,
  "n_eval_batches": 30
}