{
  "variant": "V6_ra_blend_fb8",
  "seq_len": 512,
  "seed": 3,
  "far_budget": 8,
  "ra_update_period": 1,
  "ppl_mean": 260.62383728027345,
  "ppl_std": 130.1387059460022,
  "enabled_rate": 0.69921875,
  "tokens_per_query_mean": 371.25,
  "effective_kept_tokens": 371.25,
  "kv_bytes_written_per_token": 36864,
  "kv_bytes_read_per_token": 18874368,
  "kv_bytes_total_per_token": 18911232,
  "peak_kv_bytes": 18874368,
  "flops_proxy": 4718592,
  "flops_relative": 1.0,
  "wall_ms_per_token": 0.711375958417193,
  "gate_ms_per_token": 0.4608957951859338,
  "fwd_ms_per_token": 0.25178563555527944,
  "tokens_per_sec": 1405.7264490987206,
  "tokens_seen": 15360,
  "n_eval_batches": 30
}