{
  "variant": "V6_ra_value_fb8",
  "seq_len": 512,
  "seed": 2,
  "far_budget": 8,
  "ra_update_period": 1,
  "ppl_mean": 246.23969904581705,
  "ppl_std": 115.87008227384341,
  "enabled_rate": 0.69921875,
  "tokens_per_query_mean": 371.25,
  "effective_kept_tokens": 371.25,
  "kv_bytes_written_per_token": 36864,
  "kv_bytes_read_per_token": 18874368,
  "kv_bytes_total_per_token": 18911232,
  "peak_kv_bytes": 18874368,
  "flops_proxy": 4718592,
  "flops_relative": 1.0,
  "wall_ms_per_token": 0.7099034191924147,
  "gate_ms_per_token": 0.45168574069975875,
  "fwd_ms_per_token": 0.25793511849769857,
  "tokens_per_sec": 1408.6423208633066,
  "tokens_seen": 15360,
  "n_eval_batches": 30
}