{
  "V0_dense": {
    "beta_eff": 0.40355336987294177,
    "c": 26928.751299948104,
    "r_squared": 0.9370177482547698,
    "data_points": [
      [
        512,
        320160.25
      ],
      [
        1024,
        480176.125
      ],
      [
        2048,
        560184.0625
      ]
    ]
  },
  "V1_local_only": {
    "beta_eff": 0.16021323028461942,
    "c": 71.7690358072846,
    "r_squared": 0.953751701941331,
    "data_points": [
      [
        512,
        192.25
      ],
      [
        1024,
        224.125
      ],
      [
        2048,
        240.0625
      ]
    ]
  },
  "V6_ra_blend_fb4": {
    "beta_eff": 0.24702093120695418,
    "c": 61.75259699960167,
    "r_squared": 0.9481692305054737,
    "data_points": [
      [
        512,
        281.75
      ],
      [
        1024,
        358.375
      ],
      [
        2048,
        396.8125
      ]
    ]
  },
  "V6_ra_blend_fb8": {
    "beta_eff": 0.28817759392036046,
    "c": 63.23373850410981,
    "r_squared": 0.9454269281641827,
    "data_points": [
      [
        512,
        371.25
      ],
      [
        1024,
        492.625
      ],
      [
        2048,
        553.5625
      ]
    ]
  },
  "V6_ra_value_fb4": {
    "beta_eff": 0.24702093120695418,
    "c": 61.75259699960167,
    "r_squared": 0.9481692305054737,
    "data_points": [
      [
        512,
        281.75
      ],
      [
        1024,
        358.375
      ],
      [
        2048,
        396.8125
      ]
    ]
  },
  "V6_ra_value_fb8": {
    "beta_eff": 0.28817759392036046,
    "c": 63.23373850410981,
    "r_squared": 0.9454269281641827,
    "data_points": [
      [
        512,
        371.25
      ],
      [
        1024,
        492.625
      ],
      [
        2048,
        553.5625
      ]
    ]
  },
  "V6_random_fb4": {
    "beta_eff": 0.24702093120695418,
    "c": 61.75259699960167,
    "r_squared": 0.9481692305054737,
    "data_points": [
      [
        512,
        281.75
      ],
      [
        1024,
        358.375
      ],
      [
        2048,
        396.8125
      ]
    ]
  },
  "V6_random_fb8": {
    "beta_eff": 0.28817759392036046,
    "c": 63.23373850410981,
    "r_squared": 0.9454269281641827,
    "data_points": [
      [
        512,
        371.25
      ],
      [
        1024,
        492.625
      ],
      [
        2048,
        553.5625
      ]
    ]
  },
  "V6_recency_fb4": {
    "beta_eff": 0.24702093120695418,
    "c": 61.75259699960167,
    "r_squared": 0.9481692305054737,
    "data_points": [
      [
        512,
        281.75
      ],
      [
        1024,
        358.375
      ],
      [
        2048,
        396.8125
      ]
    ]
  },
  "V6_recency_fb8": {
    "beta_eff": 0.28817759392036046,
    "c": 63.23373850410981,
    "r_squared": 0.9454269281641827,
    "data_points": [
      [
        512,
        371.25
      ],
      [
        1024,
        492.625
      ],
      [
        2048,
        553.5625
      ]
    ]
  }
}