{
  "seeds": [
    1,
    2,
    3
  ],
  "n_seeds": 3,
  "configs": {
    "focal_085_g2": {
      "mean_roc_auc": 0.8971473217971292,
      "mean_recall_at_30pct": 0.7484992790612793,
      "std_recall_at_30pct": 0.001071214874745497,
      "per_seed_auc": [
        0.8984902111147761,
        0.8964600499942288,
        0.8964917042823825
      ],
      "per_seed_recall": [
        0.7495777209926805,
        0.7488814560618565,
        0.747038660129301
      ]
    },
    "focal_090_g2": {
      "mean_roc_auc": 0.8945221546840463,
      "mean_recall_at_30pct": 0.7436445013543098,
      "std_recall_at_30pct": 0.002661055774243744,
      "per_seed_auc": [
        0.8930327556920394,
        0.8955405378565146,
        0.8949931705035852
      ],
      "per_seed_recall": [
        0.7400493741608558,
        0.7464054558881021,
        0.7444786740139715
      ]
    },
    "v3_baseline": {
      "mean_roc_auc": 0.8987247587780166,
      "mean_recall_at_30pct": 0.7525362466565572,
      "std_recall_at_30pct": 0.00177859297056516,
      "per_seed_auc": [
        0.8983608832709705,
        0.898505097090447,
        0.8993082959726325
      ],
      "per_seed_recall": [
        0.7502706916713586,
        0.7546153512010773,
        0.752722697097236
      ]
    },
    "wbce_10x": {
      "mean_roc_auc": 0.9003183203223211,
      "mean_recall_at_30pct": 0.7544150093628835,
      "std_recall_at_30pct": 0.0020565726551975035,
      "per_seed_auc": [
        0.9007006497300523,
        0.9002490586304981,
        0.9000052526064126
      ],
      "per_seed_recall": [
        0.7541686517389233,
        0.7570479127752922,
        0.7520284635744349
      ]
    }
  },
  "best_config": "wbce_10x",
  "best_mean_recall_at_30pct": 0.7544150093628835,
  "best_mean_auc": 0.9003183203223211,
  "verdict": "NEEDS_WORK"
}