{
  "variant": "cheap_recency",
  "seq_len": 512,
  "seed": 1,
  "far_budget": 4,
  "mode": "cheap-features",
  "ppl_mean": 248.73539250691732,
  "ppl_std": 96.47136675200336,
  "enabled_rate": 0.69921875,
  "effective_kept_tokens": 281.75,
  "kv_bytes_read_per_token": 16035840.0,
  "peak_kv_bytes": 18874368,
  "flops_relative": 0.849609375,
  "wall_ms_per_token": 0.723829381968244,
  "gate_ms_per_token": 0.4608469553204486,
  "fwd_ms_per_token": 0.2640274033183232,
  "budget_mean": 4.0,
  "budget_p95": 4.0,
  "budget_p99": 4.0,
  "tokens_seen": 15360,
  "n_eval_batches": 30,
  "extra": {
    "cheap_strategy": "recency",
    "ema_gamma": 0.0
  }
}