{
  "variant": "cheap_recency",
  "seq_len": 1024,
  "seed": 3,
  "far_budget": 4,
  "mode": "cheap-features",
  "ppl_mean": 258.9318110148112,
  "ppl_std": 97.4322139359218,
  "enabled_rate": 0.69921875,
  "effective_kept_tokens": 358.375,
  "kv_bytes_read_per_token": 16035840.0,
  "peak_kv_bytes": 37748736,
  "flops_relative": 0.4248046875,
  "wall_ms_per_token": 0.9041744297064724,
  "gate_ms_per_token": 0.6136134634289192,
  "fwd_ms_per_token": 0.2895838597396505,
  "budget_mean": 4.0,
  "budget_p95": 4.0,
  "budget_p99": 4.0,
  "tokens_seen": 30720,
  "n_eval_batches": 30,
  "extra": {
    "cheap_strategy": "recency",
    "ema_gamma": 0.0
  }
}