{
  "variant": "cheap_recency",
  "seq_len": 2048,
  "seed": 2,
  "far_budget": 4,
  "mode": "cheap-features",
  "ppl_mean": 278.26369222005206,
  "ppl_std": 59.5632688751301,
  "enabled_rate": 0.6997767857142855,
  "effective_kept_tokens": 396.8125,
  "kv_bytes_read_per_token": 16041106.285714284,
  "peak_kv_bytes": 75497472,
  "flops_relative": 0.2124720982142857,
  "wall_ms_per_token": 1.328612882844027,
  "gate_ms_per_token": 0.8574308340030257,
  "fwd_ms_per_token": 0.46806192949588876,
  "budget_mean": 4.0,
  "budget_p95": 4.0,
  "budget_p99": 4.0,
  "tokens_seen": 61440,
  "n_eval_batches": 30,
  "extra": {
    "cheap_strategy": "recency",
    "ema_gamma": 0.0
  }
}