{
  "variant": "cheap_recency",
  "seq_len": 1024,
  "seed": 1,
  "far_budget": 4,
  "mode": "cheap-features",
  "ppl_mean": 266.7664505004883,
  "ppl_std": 95.53120079240055,
  "enabled_rate": 0.69921875,
  "effective_kept_tokens": 358.375,
  "kv_bytes_read_per_token": 16035840.0,
  "peak_kv_bytes": 37748736,
  "flops_relative": 0.4248046875,
  "wall_ms_per_token": 0.9313145064879791,
  "gate_ms_per_token": 0.6360810793921701,
  "fwd_ms_per_token": 0.29491917484847363,
  "budget_mean": 4.0,
  "budget_p95": 4.0,
  "budget_p99": 4.0,
  "tokens_seen": 30720,
  "n_eval_batches": 30,
  "extra": {
    "cheap_strategy": "recency",
    "ema_gamma": 0.0
  }
}