{
  "variant": "dynbudget_concentration_recency",
  "seq_len": 1024,
  "seed": 2,
  "far_budget": 4,
  "mode": "dynamic-budget",
  "ppl_mean": 249.76840642293294,
  "ppl_std": 82.73923580383698,
  "enabled_rate": 0.69921875,
  "effective_kept_tokens": 317.55810546875,
  "kv_bytes_read_per_token": 14025312.0,
  "peak_kv_bytes": 37748736,
  "flops_relative": 0.37154388427734375,
  "wall_ms_per_token": 0.9347790646643261,
  "gate_ms_per_token": 0.6289185121204355,
  "fwd_ms_per_token": 0.3056339855902479,
  "budget_mean": 2.7838541666666665,
  "budget_p95": 4.0,
  "budget_p99": 4.0,
  "tokens_seen": 30720,
  "n_eval_batches": 30,
  "extra": {
    "budget_mode": "concentration",
    "strategy": "recency"
  }
}