{
  "variant": "dynbudget_concentration_recency",
  "seq_len": 512,
  "seed": 3,
  "far_budget": 4,
  "mode": "dynamic-budget",
  "ppl_mean": 260.62383728027345,
  "ppl_std": 130.1387059460022,
  "enabled_rate": 0.69921875,
  "effective_kept_tokens": 254.54747721354167,
  "kv_bytes_read_per_token": 14025312.0,
  "peak_kv_bytes": 18874368,
  "flops_relative": 0.7430877685546875,
  "wall_ms_per_token": 0.728908717064769,
  "gate_ms_per_token": 0.46734803618164733,
  "fwd_ms_per_token": 0.2621058920340147,
  "budget_mean": 2.7842447916666666,
  "budget_p95": 4.0,
  "budget_p99": 4.0,
  "tokens_seen": 15360,
  "n_eval_batches": 30,
  "extra": {
    "budget_mode": "concentration",
    "strategy": "recency"
  }
}