{
  "variant": "dynbudget_entropy_ra_value",
  "seq_len": 2048,
  "seed": 1,
  "far_budget": 4,
  "mode": "dynamic-budget",
  "ppl_mean": 292.060134379069,
  "ppl_std": 82.62994207076137,
  "enabled_rate": 0.6997767857142855,
  "effective_kept_tokens": 349.7342878069184,
  "kv_bytes_read_per_token": 14054770.285714284,
  "peak_kv_bytes": 75497472,
  "flops_relative": 0.18616213117327007,
  "wall_ms_per_token": 1.3843621286468988,
  "gate_ms_per_token": 0.8578918768762378,
  "fwd_ms_per_token": 0.5230315632616112,
  "budget_mean": 2.798642113095238,
  "budget_p95": 4.0,
  "budget_p99": 4.0,
  "tokens_seen": 61440,
  "n_eval_batches": 30,
  "extra": {
    "budget_mode": "entropy",
    "strategy": "ra_value"
  }
}