{
  "variant": "dynbudget_concentration_ra_value",
  "seq_len": 512,
  "seed": 2,
  "far_budget": 4,
  "mode": "dynamic-budget",
  "ppl_mean": 246.23969904581705,
  "ppl_std": 115.87008227384341,
  "enabled_rate": 0.69921875,
  "effective_kept_tokens": 254.52708333333334,
  "kv_bytes_read_per_token": 14025312.0,
  "peak_kv_bytes": 18874368,
  "flops_relative": 0.7430877685546875,
  "wall_ms_per_token": 0.7265483018272789,
  "gate_ms_per_token": 0.46492682486132253,
  "fwd_ms_per_token": 0.26264471489412244,
  "budget_mean": 2.783333333333333,
  "budget_p95": 4.0,
  "budget_p99": 4.0,
  "tokens_seen": 15360,
  "n_eval_batches": 30,
  "extra": {
    "budget_mode": "concentration",
    "strategy": "ra_value"
  }
}