{
  "variant": "dynbudget_entropy_recency",
  "seq_len": 2048,
  "seed": 1,
  "far_budget": 4,
  "mode": "dynamic-budget",
  "ppl_mean": 304.578385925293,
  "ppl_std": 86.1976004710742,
  "enabled_rate": 0.6997767857142855,
  "effective_kept_tokens": 349.7342878069184,
  "kv_bytes_read_per_token": 14054770.285714284,
  "peak_kv_bytes": 75497472,
  "flops_relative": 0.18616213117327007,
  "wall_ms_per_token": 1.393838235799194,
  "gate_ms_per_token": 0.8764871299717925,
  "fwd_ms_per_token": 0.5169789064893848,
  "budget_mean": 2.798642113095238,
  "budget_p95": 4.0,
  "budget_p99": 4.0,
  "tokens_seen": 61440,
  "n_eval_batches": 30,
  "extra": {
    "budget_mode": "entropy",
    "strategy": "recency"
  }
}