{
  "variant": "dynbudget_entropy_recency",
  "seq_len": 2048,
  "seed": 2,
  "far_budget": 4,
  "mode": "dynamic-budget",
  "ppl_mean": 278.25980478922526,
  "ppl_std": 59.55819127248636,
  "enabled_rate": 0.6997767857142855,
  "effective_kept_tokens": 349.7423060825861,
  "kv_bytes_read_per_token": 14054770.285714284,
  "peak_kv_bytes": 75497472,
  "flops_relative": 0.18616213117327007,
  "wall_ms_per_token": 1.3878124950679194,
  "gate_ms_per_token": 0.8641045583317464,
  "fwd_ms_per_token": 0.5225448076089378,
  "budget_mean": 2.7988467261904764,
  "budget_p95": 4.0,
  "budget_p99": 4.0,
  "tokens_seen": 61440,
  "n_eval_batches": 30,
  "extra": {
    "budget_mode": "entropy",
    "strategy": "recency"
  }
}