{
  "variant": "dynbudget_entropy_recency",
  "seq_len": 1024,
  "seed": 2,
  "far_budget": 4,
  "mode": "dynamic-budget",
  "ppl_mean": 249.74222717285156,
  "ppl_std": 82.77105811339585,
  "enabled_rate": 0.69921875,
  "effective_kept_tokens": 317.9951171875,
  "kv_bytes_read_per_token": 14051088.0,
  "peak_kv_bytes": 37748736,
  "flops_relative": 0.3722267150878906,
  "wall_ms_per_token": 0.9442524160476751,
  "gate_ms_per_token": 0.6342664382827934,
  "fwd_ms_per_token": 0.30962573327997234,
  "budget_mean": 2.796875,
  "budget_p95": 4.0,
  "budget_p99": 4.0,
  "tokens_seen": 30720,
  "n_eval_batches": 30,
  "extra": {
    "budget_mode": "entropy",
    "strategy": "recency"
  }
}