{
  "variant": "dynbudget_entropy_ra_value",
  "seq_len": 512,
  "seed": 1,
  "far_budget": 4,
  "mode": "dynamic-budget",
  "ppl_mean": 248.73539250691732,
  "ppl_std": 96.47136675200336,
  "enabled_rate": 0.69921875,
  "effective_kept_tokens": 254.830078125,
  "kv_bytes_read_per_token": 14051088.0,
  "peak_kv_bytes": 18874368,
  "flops_relative": 0.7444534301757812,
  "wall_ms_per_token": 0.7613790021423483,
  "gate_ms_per_token": 0.4568919466692023,
  "fwd_ms_per_token": 0.30358162985066883,
  "budget_mean": 2.796875,
  "budget_p95": 4.0,
  "budget_p99": 4.0,
  "tokens_seen": 15360,
  "n_eval_batches": 30,
  "extra": {
    "budget_mode": "entropy",
    "strategy": "ra_value"
  }
}