{
  "variant": "dynbudget_entropy_ra_value",
  "seq_len": 512,
  "seed": 3,
  "far_budget": 4,
  "mode": "dynamic-budget",
  "ppl_mean": 260.62383728027345,
  "ppl_std": 130.1387059460022,
  "enabled_rate": 0.69921875,
  "effective_kept_tokens": 254.830078125,
  "kv_bytes_read_per_token": 14051088.0,
  "peak_kv_bytes": 18874368,
  "flops_relative": 0.7444534301757812,
  "wall_ms_per_token": 0.7122066435840679,
  "gate_ms_per_token": 0.4492151438171277,
  "fwd_ms_per_token": 0.2627029643917922,
  "budget_mean": 2.796875,
  "budget_p95": 4.0,
  "budget_p99": 4.0,
  "tokens_seen": 15360,
  "n_eval_batches": 30,
  "extra": {
    "budget_mode": "entropy",
    "strategy": "ra_value"
  }
}