{
  "variant": "dynbudget_concentration_recency",
  "seq_len": 1024,
  "seed": 1,
  "far_budget": 4,
  "mode": "dynamic-budget",
  "ppl_mean": 266.79354298909504,
  "ppl_std": 95.5648034282879,
  "enabled_rate": 0.69921875,
  "effective_kept_tokens": 317.6163736979167,
  "kv_bytes_read_per_token": 14025312.0,
  "peak_kv_bytes": 37748736,
  "flops_relative": 0.37154388427734375,
  "wall_ms_per_token": 0.945427308579383,
  "gate_ms_per_token": 0.6242163453862304,
  "fwd_ms_per_token": 0.32122946959134424,
  "budget_mean": 2.7855902777777777,
  "budget_p95": 4.0,
  "budget_p99": 4.0,
  "tokens_seen": 30720,
  "n_eval_batches": 30,
  "extra": {
    "budget_mode": "concentration",
    "strategy": "recency"
  }
}