{
  "variant": "dynbudget_entropy_ra_value",
  "seq_len": 1024,
  "seed": 1,
  "far_budget": 4,
  "mode": "dynamic-budget",
  "ppl_mean": 264.63034871419273,
  "ppl_std": 95.24351008922575,
  "enabled_rate": 0.69921875,
  "effective_kept_tokens": 317.99366048177086,
  "kv_bytes_read_per_token": 14025312.0,
  "peak_kv_bytes": 37748736,
  "flops_relative": 0.37154388427734375,
  "wall_ms_per_token": 0.9643052335377433,
  "gate_ms_per_token": 0.639302005765785,
  "fwd_ms_per_token": 0.32442940118926344,
  "budget_mean": 2.7968315972222224,
  "budget_p95": 4.0,
  "budget_p99": 4.0,
  "tokens_seen": 30720,
  "n_eval_batches": 30,
  "extra": {
    "budget_mode": "entropy",
    "strategy": "ra_value"
  }
}