{
  "variant": "dynbudget_concentration_recency",
  "seq_len": 1024,
  "seed": 3,
  "far_budget": 4,
  "mode": "dynamic-budget",
  "ppl_mean": 259.04426600138345,
  "ppl_std": 97.55331607747992,
  "enabled_rate": 0.69921875,
  "effective_kept_tokens": 317.4721598307291,
  "kv_bytes_read_per_token": 14025312.0,
  "peak_kv_bytes": 37748736,
  "flops_relative": 0.37154388427734375,
  "wall_ms_per_token": 0.947729761719529,
  "gate_ms_per_token": 0.6356317981044413,
  "fwd_ms_per_token": 0.3132375250061159,
  "budget_mean": 2.7812934027777776,
  "budget_p95": 4.0,
  "budget_p99": 4.0,
  "tokens_seen": 30720,
  "n_eval_batches": 30,
  "extra": {
    "budget_mode": "concentration",
    "strategy": "recency"
  }
}