{
  "variant": "dynbudget_entropy_recency",
  "seq_len": 1024,
  "seed": 3,
  "far_budget": 4,
  "mode": "dynamic-budget",
  "ppl_mean": 258.93592224121096,
  "ppl_std": 97.43075194372224,
  "enabled_rate": 0.69921875,
  "effective_kept_tokens": 317.9907470703125,
  "kv_bytes_read_per_token": 14025312.0,
  "peak_kv_bytes": 37748736,
  "flops_relative": 0.37154388427734375,
  "wall_ms_per_token": 0.9423383044122602,
  "gate_ms_per_token": 0.6307013545665541,
  "fwd_ms_per_token": 0.3100524636465707,
  "budget_mean": 2.796744791666667,
  "budget_p95": 4.0,
  "budget_p99": 4.0,
  "tokens_seen": 30720,
  "n_eval_batches": 30,
  "extra": {
    "budget_mode": "entropy",
    "strategy": "recency"
  }
}