{
  "variant": "dynbudget_entropy_ra_value",
  "seq_len": 1024,
  "seed": 3,
  "far_budget": 4,
  "mode": "dynamic-budget",
  "ppl_mean": 256.6405835469564,
  "ppl_std": 96.9786115776763,
  "enabled_rate": 0.69921875,
  "effective_kept_tokens": 317.9907470703125,
  "kv_bytes_read_per_token": 14025312.0,
  "peak_kv_bytes": 37748736,
  "flops_relative": 0.37154388427734375,
  "wall_ms_per_token": 0.942745045904303,
  "gate_ms_per_token": 0.6312519872153644,
  "fwd_ms_per_token": 0.3132651263513253,
  "budget_mean": 2.796744791666667,
  "budget_p95": 4.0,
  "budget_p99": 4.0,
  "tokens_seen": 30720,
  "n_eval_batches": 30,
  "extra": {
    "budget_mode": "entropy",
    "strategy": "ra_value"
  }
}