{
  "variant": "stress_corrupt",
  "seq_len": 512,
  "seed": 2,
  "far_budget": 4,
  "mode": "stress",
  "ppl_mean": 246.23969904581705,
  "ppl_std": 115.87008227384341,
  "enabled_rate": 0.69921875,
  "effective_kept_tokens": 281.75,
  "kv_bytes_read_per_token": 16035840.0,
  "peak_kv_bytes": 18874368,
  "flops_relative": 0.849609375,
  "wall_ms_per_token": 0.7240663362608757,
  "gate_ms_per_token": 0.47096575872274116,
  "fwd_ms_per_token": 0.25279880537709687,
  "budget_mean": 4.0,
  "budget_p95": 4.0,
  "budget_p99": 4.0,
  "tokens_seen": 15360,
  "n_eval_batches": 30,
  "extra": {
    "ra_mode": "corrupt_nonsurgical"
  }
}