{
  "variant": "stress_corrupt",
  "seq_len": 1024,
  "seed": 3,
  "far_budget": 4,
  "mode": "stress",
  "ppl_mean": 256.85863189697267,
  "ppl_std": 96.8175132937576,
  "enabled_rate": 0.69921875,
  "effective_kept_tokens": 358.375,
  "kv_bytes_read_per_token": 16035840.0,
  "peak_kv_bytes": 37748736,
  "flops_relative": 0.4248046875,
  "wall_ms_per_token": 0.8979158592410386,
  "gate_ms_per_token": 0.6096118931964156,
  "fwd_ms_per_token": 0.2878332352338475,
  "budget_mean": 4.0,
  "budget_p95": 4.0,
  "budget_p99": 4.0,
  "tokens_seen": 30720,
  "n_eval_batches": 30,
  "extra": {
    "ra_mode": "corrupt_nonsurgical"
  }
}