{
  "variant": "stress_recency",
  "seq_len": 2048,
  "seed": 1,
  "far_budget": 4,
  "mode": "stress",
  "ppl_mean": 304.58990173339845,
  "ppl_std": 86.19411179536748,
  "enabled_rate": 0.6997767857142855,
  "effective_kept_tokens": 396.8125,
  "kv_bytes_read_per_token": 16041106.285714284,
  "peak_kv_bytes": 75497472,
  "flops_relative": 0.2124720982142857,
  "wall_ms_per_token": 1.3499563519872027,
  "gate_ms_per_token": 0.8722104898879479,
  "fwd_ms_per_token": 0.4763544707202527,
  "budget_mean": 4.0,
  "budget_p95": 4.0,
  "budget_p99": 4.0,
  "tokens_seen": 61440,
  "n_eval_batches": 30,
  "extra": {
    "ra_mode": "none"
  }
}