{
  "variant": "stress_recency",
  "seq_len": 2048,
  "seed": 2,
  "far_budget": 4,
  "mode": "stress",
  "ppl_mean": 278.26369222005206,
  "ppl_std": 59.5632688751301,
  "enabled_rate": 0.6997767857142855,
  "effective_kept_tokens": 396.8125,
  "kv_bytes_read_per_token": 16041106.285714284,
  "peak_kv_bytes": 75497472,
  "flops_relative": 0.2124720982142857,
  "wall_ms_per_token": 1.3413290271273581,
  "gate_ms_per_token": 0.8728039638299379,
  "fwd_ms_per_token": 0.4693979944931925,
  "budget_mean": 4.0,
  "budget_p95": 4.0,
  "budget_p99": 4.0,
  "tokens_seen": 61440,
  "n_eval_batches": 30,
  "extra": {
    "ra_mode": "none"
  }
}