{
  "variant": "stress_frozen",
  "seq_len": 1024,
  "seed": 3,
  "far_budget": 4,
  "mode": "stress",
  "ppl_mean": 256.72613093058266,
  "ppl_std": 96.79887855896754,
  "enabled_rate": 0.69921875,
  "effective_kept_tokens": 358.375,
  "kv_bytes_read_per_token": 16035840.0,
  "peak_kv_bytes": 37748736,
  "flops_relative": 0.4248046875,
  "wall_ms_per_token": 0.9257204110326711,
  "gate_ms_per_token": 0.6357081729220226,
  "fwd_ms_per_token": 0.2906241916207364,
  "budget_mean": 4.0,
  "budget_p95": 4.0,
  "budget_p99": 4.0,
  "tokens_seen": 30720,
  "n_eval_batches": 30,
  "extra": {
    "ra_mode": "frozen"
  }
}