{
  "variant": "stress_corrupt",
  "seq_len": 1024,
  "seed": 1,
  "far_budget": 4,
  "mode": "stress",
  "ppl_mean": 264.6223332722982,
  "ppl_std": 95.27119635891006,
  "enabled_rate": 0.69921875,
  "effective_kept_tokens": 358.375,
  "kv_bytes_read_per_token": 16035840.0,
  "peak_kv_bytes": 37748736,
  "flops_relative": 0.4248046875,
  "wall_ms_per_token": 0.9162337746602134,
  "gate_ms_per_token": 0.6215461435203906,
  "fwd_ms_per_token": 0.2938145344160148,
  "budget_mean": 4.0,
  "budget_p95": 4.0,
  "budget_p99": 4.0,
  "tokens_seen": 30720,
  "n_eval_batches": 30,
  "extra": {
    "ra_mode": "corrupt_nonsurgical"
  }
}