{
  "variant": "stress_recency",
  "seq_len": 1024,
  "seed": 2,
  "far_budget": 4,
  "mode": "stress",
  "ppl_mean": 249.74222717285156,
  "ppl_std": 82.77105811339585,
  "enabled_rate": 0.69921875,
  "effective_kept_tokens": 358.375,
  "kv_bytes_read_per_token": 16035840.0,
  "peak_kv_bytes": 37748736,
  "flops_relative": 0.4248046875,
  "wall_ms_per_token": 0.9066648626685492,
  "gate_ms_per_token": 0.6153807325972593,
  "fwd_ms_per_token": 0.28921417833771557,
  "budget_mean": 4.0,
  "budget_p95": 4.0,
  "budget_p99": 4.0,
  "tokens_seen": 30720,
  "n_eval_batches": 30,
  "extra": {
    "ra_mode": "none"
  }
}