{
  "cheap_ra_ema": {
    "beta_eff": 0.24702093120695418,
    "c": 61.75259699960167,
    "r_squared": 0.9481692305054737,
    "data_points": [
      [
        512,
        281.75
      ],
      [
        1024,
        358.375
      ],
      [
        2048,
        396.8125
      ]
    ]
  },
  "cheap_ra_rank": {
    "beta_eff": 0.24702093120695418,
    "c": 61.75259699960167,
    "r_squared": 0.9481692305054737,
    "data_points": [
      [
        512,
        281.75
      ],
      [
        1024,
        358.375
      ],
      [
        2048,
        396.8125
      ]
    ]
  },
  "cheap_ra_value": {
    "beta_eff": 0.24702093120695418,
    "c": 61.75259699960167,
    "r_squared": 0.9481692305054737,
    "data_points": [
      [
        512,
        281.75
      ],
      [
        1024,
        358.375
      ],
      [
        2048,
        396.8125
      ]
    ]
  },
  "cheap_recency": {
    "beta_eff": 0.24702093120695418,
    "c": 61.75259699960167,
    "r_squared": 0.9481692305054737,
    "data_points": [
      [
        512,
        281.75
      ],
      [
        1024,
        358.375
      ],
      [
        2048,
        396.8125
      ]
    ]
  },
  "dynbudget_concentration_ra_value": {
    "beta_eff": 0.22774657684742505,
    "c": 62.791637962957566,
    "r_squared": 0.9491513893401639,
    "data_points": [
      [
        512,
        254.5465060763889
      ],
      [
        1024,
        317.5488796657986
      ],
      [
        2048,
        349.04726736886266
      ]
    ]
  },
  "dynbudget_concentration_recency": {
    "beta_eff": 0.22774657684742505,
    "c": 62.791637962957566,
    "r_squared": 0.9491513893401639,
    "data_points": [
      [
        512,
        254.5465060763889
      ],
      [
        1024,
        317.5488796657986
      ],
      [
        2048,
        349.04726736886266
      ]
    ]
  },
  "dynbudget_constant_ra_value": {
    "beta_eff": 0.22839942188741377,
    "c": 62.60272295149503,
    "r_squared": 0.9496720277395629,
    "data_points": [
      [
        512,
        254.830078125
      ],
      [
        1024,
        317.9951171875
      ],
      [
        2048,
        349.752511160707
      ]
    ]
  },
  "dynbudget_constant_recency": {
    "beta_eff": 0.22839942188741377,
    "c": 62.60272295149503,
    "r_squared": 0.9496720277395629,
    "data_points": [
      [
        512,
        254.830078125
      ],
      [
        1024,
        317.9951171875
      ],
      [
        2048,
        349.752511160707
      ]
    ]
  },
  "dynbudget_entropy_ra_value": {
    "beta_eff": 0.2283701051635436,
    "c": 62.61446988169487,
    "r_squared": 0.9496382262232957,
    "data_points": [
      [
        512,
        254.830078125
      ],
      [
        1024,
        317.9931749131944
      ],
      [
        2048,
        349.7382969447523
      ]
    ]
  },
  "dynbudget_entropy_recency": {
    "beta_eff": 0.2283701051635436,
    "c": 62.61446988169487,
    "r_squared": 0.9496382262232957,
    "data_points": [
      [
        512,
        254.830078125
      ],
      [
        1024,
        317.9931749131944
      ],
      [
        2048,
        349.7382969447523
      ]
    ]
  },
  "stress_control": {
    "beta_eff": 0.24702093120695418,
    "c": 61.75259699960167,
    "r_squared": 0.9481692305054737,
    "data_points": [
      [
        512,
        281.75
      ],
      [
        1024,
        358.375
      ],
      [
        2048,
        396.8125
      ]
    ]
  },
  "stress_corrupt": {
    "beta_eff": 0.24702093120695418,
    "c": 61.75259699960167,
    "r_squared": 0.9481692305054737,
    "data_points": [
      [
        512,
        281.75
      ],
      [
        1024,
        358.375
      ],
      [
        2048,
        396.8125
      ]
    ]
  },
  "stress_frozen": {
    "beta_eff": 0.24702093120695418,
    "c": 61.75259699960167,
    "r_squared": 0.9481692305054737,
    "data_points": [
      [
        512,
        281.75
      ],
      [
        1024,
        358.375
      ],
      [
        2048,
        396.8125
      ]
    ]
  },
  "stress_recency": {
    "beta_eff": 0.24702093120695418,
    "c": 61.75259699960167,
    "r_squared": 0.9481692305054737,
    "data_points": [
      [
        512,
        281.75
      ],
      [
        1024,
        358.375
      ],
      [
        2048,
        396.8125
      ]
    ]
  },
  "stress_shuffled": {
    "beta_eff": 0.24702093120695418,
    "c": 61.75259699960167,
    "r_squared": 0.9481692305054737,
    "data_points": [
      [
        512,
        281.75
      ],
      [
        1024,
        358.375
      ],
      [
        2048,
        396.8125
      ]
    ]
  }
}