{
  "timestamp": "2026-02-14T06:51:08.283025",
  "phase": 2,
  "version": "v16",
  "gpu_info": {
    "device_name": "AMD Radeon Pro W7900",
    "total_gb": 48.3,
    "torch_version": "2.6.0+rocm6.2.4",
    "hip_version": "6.2.41134-65d174c3e"
  },
  "best_k_adam": 2,
  "schedules": {
    "adam_root4": {
      "schedule": [
        8,
        8,
        4,
        4,
        4,
        4,
        4,
        4,
        4,
        4,
        4,
        4,
        4,
        4,
        4,
        4,
        4,
        4,
        4,
        4,
        4,
        4,
        4,
        4
      ],
      "k": 2,
      "int8_layers": [
        0,
        1
      ]
    },
    "empirical": {
      "schedule": [
        8,
        4,
        4,
        4,
        4,
        4,
        4,
        4,
        8,
        4,
        4,
        4,
        4,
        4,
        4,
        4,
        4,
        4,
        4,
        4,
        4,
        4,
        4,
        4
      ],
      "k": 2,
      "int8_layers": [
        0,
        8
      ]
    },
    "random": {
      "schedule": [
        4,
        4,
        4,
        4,
        4,
        4,
        4,
        4,
        8,
        4,
        4,
        4,
        4,
        4,
        4,
        4,
        8,
        4,
        4,
        4,
        4,
        4,
        4,
        4
      ],
      "k": 2,
      "int8_layers": [
        8,
        16
      ]
    },
    "S2_manual": {
      "schedule": [
        8,
        8,
        8,
        4,
        4,
        4,
        4,
        4,
        8,
        4,
        4,
        8,
        4,
        4,
        4,
        4,
        8,
        4,
        4,
        4,
        4,
        4,
        4,
        4
      ],
      "k": 6,
      "int8_layers": [
        0,
        1,
        2,
        8,
        11,
        16
      ]
    }
  }
}