{
  "experiment": "large_kv_cache_size",
  "model_info": {
    "model": "mistralai/Mixtral-8x7B-Instruct-v0.1",
    "n_params": 46702792704,
    "n_layers": 32,
    "n_kv_heads": 8,
    "head_dim": 128,
    "dtype": "bfloat16",
    "gpu": "NVIDIA H200",
    "gpu_mem_gb": 150.121545728,
    "load_time_s": 67.32457828521729,
    "k_proj_shape": [
      1,
      4,
      1024
    ]
  },
  "results": {
    "model_size_gb": 93.405585408,
    "per_seq_len": [
      {
        "seq_len": 2048,
        "kv_cache_fp16_gb": 0.268435456,
        "kv_cache_int4_gb": 0.067108864,
        "kv_savings_gb": 0.20132659200000003,
        "kv_fraction_of_total_fp16": 0.002865633966857537,
        "gpu_mem_peak_gb": 95.160684032,
        "gpu_mem_used_gb": 1.7207459840000041,
        "status": "ok"
      },
      {
        "seq_len": 4096,
        "kv_cache_fp16_gb": 0.536870912,
        "kv_cache_int4_gb": 0.134217728,
        "kv_savings_gb": 0.40265318400000005,
        "kv_fraction_of_total_fp16": 0.0057148911475258315,
        "gpu_mem_peak_gb": 99.98128896,
        "gpu_mem_used_gb": 6.142623744000005,
        "status": "ok"
      },
      {
        "seq_len": 8192,
        "kv_cache_fp16_gb": 1.073741824,
        "kv_cache_int4_gb": 0.268435456,
        "kv_savings_gb": 0.8053063680000001,
        "kv_fraction_of_total_fp16": 0.01136483350864003,
        "gpu_mem_peak_gb": 117.327947264,
        "gpu_mem_used_gb": 23.089774591999998,
        "status": "ok"
      }
    ]
  }
}