{
  "experiment": "large_ratio_classifier",
  "model_info": {
    "model": "google/gemma-2-27b-it",
    "n_params": 27227128320,
    "n_layers": 46,
    "n_kv_heads": 16,
    "head_dim": 128,
    "dtype": "bfloat16",
    "gpu": "NVIDIA H200",
    "gpu_mem_gb": 150.0217344,
    "load_time_s": 35.70090293884277,
    "k_proj_shape": [
      1,
      4,
      2048
    ]
  },
  "results": {
    "logit_error_INT6": 0.2892976701259613,
    "logit_error_INT8": 0.18951786756515504,
    "ratio_INT6_INT8": 1.526492851796692,
    "needs_fp16_keys": false,
    "threshold": 3.0
  }
}