{
  "experiment": "large_ratio_classifier",
  "model_info": {
    "model": "01-ai/Yi-1.5-34B-Chat",
    "n_params": 34388917248,
    "n_layers": 60,
    "n_kv_heads": 8,
    "head_dim": 128,
    "dtype": "bfloat16",
    "gpu": "NVIDIA H200",
    "gpu_mem_gb": 150.121545728,
    "load_time_s": 49.8295578956604,
    "k_proj_shape": [
      1,
      4,
      1024
    ]
  },
  "results": {
    "logit_error_INT6": 0.09219023287296295,
    "logit_error_INT8": 0.038486412912607196,
    "ratio_INT6_INT8": 2.3953968659615903,
    "needs_fp16_keys": false,
    "threshold": 3.0
  }
}