{
  "n_samples": 1152,
  "n_pos": 288,
  "n_neg": 864,
  "cheap": {
    "roc_auc": 0.6263,
    "confusion": {
      "tp": 18,
      "fp": 19,
      "fn": 270,
      "tn": 845
    },
    "precision": 0.4865,
    "recall": 0.0625,
    "weights": [
      -0.1334913820028305,
      -0.04334993287920952,
      0.36861178278923035,
      -0.02163740247488022,
      0.0007789071532897651
    ],
    "bias": -1.141148567199707,
    "feature_mean": [
      2.3423759937286377,
      1416.653076171875,
      1.9381442070007324,
      0.7502691149711609,
      0.5
    ],
    "feature_std": [
      1.5894595384597778,
      261.8132629394531,
      2.0747125148773193,
      0.22098009288311005,
      0.2909393608570099
    ],
    "feature_names": [
      "entropy",
      "resid_norm",
      "logit_margin",
      "top5_mass",
      "step_pos"
    ]
  },
  "attn": {
    "roc_auc": 0.4029,
    "confusion": {
      "tp": 0,
      "fp": 0,
      "fn": 288,
      "tn": 864
    },
    "precision": 0.0,
    "recall": 0.0,
    "weights": [
      NaN,
      NaN
    ],
    "bias": NaN,
    "feature_mean": [
      NaN,
      NaN
    ],
    "feature_std": [
      NaN,
      NaN
    ],
    "feature_names": [
      "avg_attn_entropy",
      "attn_entropy_std"
    ]
  },
  "all": {
    "roc_auc": 0.4029,
    "confusion": {
      "tp": 0,
      "fp": 0,
      "fn": 288,
      "tn": 864
    },
    "precision": 0.0,
    "recall": 0.0,
    "weights": [
      NaN,
      NaN,
      NaN,
      NaN,
      NaN,
      NaN,
      NaN,
      NaN
    ],
    "bias": NaN,
    "feature_mean": [
      2.3423759937286377,
      1416.653076171875,
      1.9381442070007324,
      0.7502691149711609,
      0.5,
      NaN,
      NaN,
      0.18283846974372864
    ],
    "feature_std": [
      1.5894595384597778,
      261.8132629394531,
      2.0747125148773193,
      0.22098009288311005,
      0.2909393608570099,
      NaN,
      NaN,
      0.021899007260799408
    ],
    "feature_names": [
      "entropy",
      "resid_norm",
      "logit_margin",
      "top5_mass",
      "step_pos",
      "avg_attn_entropy",
      "attn_entropy_std",
      "far_mass_std"
    ]
  },
  "best_set": "cheap",
  "roc_auc": 0.6263,
  "status": "OK",
  "far_mass_threshold": 0.4819
}