{
  "seeds": [
    1,
    2,
    3
  ],
  "n_seeds": 3,
  "models": {
    "logistic": {
      "mean_roc_auc": 0.7863175764198957,
      "std_roc_auc": 0.001233824786497421,
      "mean_pr_auc": 0.516001639762916,
      "mean_ece": 0.19357557397398284,
      "per_seed_auc": [
        0.7853154707761352,
        0.7855815667475097,
        0.7880556917360424
      ]
    },
    "mlp": {
      "mean_roc_auc": 0.9086846162489338,
      "std_roc_auc": 0.0003229688142786775,
      "mean_pr_auc": 0.7851439332130346,
      "mean_ece": 0.1214291604361986,
      "per_seed_auc": [
        0.9084512714631765,
        0.9091413267877826,
        0.9084612504958425
      ]
    }
  },
  "best_model": "mlp",
  "best_mean_auc": 0.9086846162489338,
  "verdict": "PASS"
}