{
  "method": "spearman",
  "n_layers": 24,
  "raw_vhat_vs_empirical": {
    "rho": 0.4006,
    "p_value": 0.0524
  },
  "root4_vhat_vs_empirical": {
    "rho": 0.4006,
    "p_value": 0.0524
  },
  "empirical_ranking": [
    0,
    8,
    2,
    16,
    1,
    11,
    9,
    15,
    21,
    13,
    17,
    7,
    22,
    4,
    14,
    5,
    20,
    19,
    6,
    12,
    3,
    23,
    18,
    10
  ],
  "adam_root4_ranking": [
    0,
    1,
    4,
    3,
    2,
    16,
    11,
    9,
    5,
    12,
    10,
    6,
    8,
    7,
    17,
    13,
    14,
    15,
    20,
    18,
    19,
    21,
    22,
    23
  ],
  "per_layer": {
    "0": {
      "empirical_delta": 6.427,
      "adam_norm": 1.0,
      "adam_raw": 0.00041107098845216683
    },
    "1": {
      "empirical_delta": 0.606,
      "adam_norm": 0.3924767607815933,
      "adam_raw": 9.75377231249297e-06
    },
    "2": {
      "empirical_delta": 1.025,
      "adam_norm": 0.306162655393433,
      "adam_raw": 3.611816611126528e-06
    },
    "3": {
      "empirical_delta": -0.007,
      "adam_norm": 0.31404839042246246,
      "adam_raw": 3.998555374806756e-06
    },
    "4": {
      "empirical_delta": 0.027,
      "adam_norm": 0.3387480240393663,
      "adam_raw": 5.412824044981335e-06
    },
    "5": {
      "empirical_delta": 0.014,
      "adam_norm": 0.2796346343791923,
      "adam_raw": 2.5135102958984135e-06
    },
    "6": {
      "empirical_delta": -0.001,
      "adam_norm": 0.25600455599803945,
      "adam_raw": 1.7656621391637373e-06
    },
    "7": {
      "empirical_delta": 0.029,
      "adam_norm": 0.2452196713579343,
      "adam_raw": 1.4864080597476459e-06
    },
    "8": {
      "empirical_delta": 2.703,
      "adam_norm": 0.2530976050858007,
      "adam_raw": 1.686820887414342e-06
    },
    "9": {
      "empirical_delta": 0.121,
      "adam_norm": 0.280629503224983,
      "adam_raw": 2.5494713575824335e-06
    },
    "10": {
      "empirical_delta": -0.031,
      "adam_norm": 0.257540058619702,
      "adam_raw": 1.8084062034517956e-06
    },
    "11": {
      "empirical_delta": 0.331,
      "adam_norm": 0.28575610995322304,
      "adam_raw": 2.740936206890865e-06
    },
    "12": {
      "empirical_delta": -0.001,
      "adam_norm": 0.26123321215893736,
      "adam_raw": 1.914389879509315e-06
    },
    "13": {
      "empirical_delta": 0.057,
      "adam_norm": 0.23068998247107744,
      "adam_raw": 1.164211195892051e-06
    },
    "14": {
      "empirical_delta": 0.018,
      "adam_norm": 0.22647485569629788,
      "adam_raw": 1.0814259674418736e-06
    },
    "15": {
      "empirical_delta": 0.073,
      "adam_norm": 0.21203184612500806,
      "adam_raw": 8.308472869700267e-07
    },
    "16": {
      "empirical_delta": 0.718,
      "adam_norm": 0.2969620856164958,
      "adam_raw": 3.1968395979298236e-06
    },
    "17": {
      "empirical_delta": 0.04,
      "adam_norm": 0.2389014019945448,
      "adam_raw": 1.3390340507513088e-06
    },
    "18": {
      "empirical_delta": -0.028,
      "adam_norm": 0.20053599616681875,
      "adam_raw": 6.647926147351768e-07
    },
    "19": {
      "empirical_delta": 0.011,
      "adam_norm": 0.19106677949888998,
      "adam_raw": 5.47844821952026e-07
    },
    "20": {
      "empirical_delta": 0.013,
      "adam_norm": 0.20708300052608142,
      "adam_raw": 7.559527017697576e-07
    },
    "21": {
      "empirical_delta": 0.065,
      "adam_norm": 0.18528592080896766,
      "adam_raw": 4.844918857216385e-07
    },
    "22": {
      "empirical_delta": 0.029,
      "adam_norm": 0.1665116839896383,
      "adam_raw": 3.160062551632592e-07
    },
    "23": {
      "empirical_delta": -0.024,
      "adam_norm": 0.16153255543066242,
      "adam_raw": 2.798704730189172e-07
    }
  }
}