{
  "seeds": [
    1,
    2,
    3
  ],
  "n_seeds": 3,
  "models": {
    "logistic": {
      "mean_roc_auc": 0.9954008933133806,
      "std_roc_auc": 2.732698659562231e-05,
      "mean_pr_auc": 0.9864727089943529,
      "mean_ece": 0.030177751130851766,
      "per_seed_auc": [
        0.9954393548619916,
        0.9953849302987695,
        0.9953783947793804
      ]
    },
    "mlp": {
      "mean_roc_auc": 0.9956328595964159,
      "std_roc_auc": 1.9317232574322222e-05,
      "mean_pr_auc": 0.987206262625703,
      "mean_ece": 0.02418191830004583,
      "per_seed_auc": [
        0.9956597294230806,
        0.9956236958097213,
        0.9956151535564459
      ]
    }
  },
  "best_model": "mlp",
  "best_mean_auc": 0.9956328595964159,
  "verdict": "PASS"
}