{
  "V0_dense_W64_C16_control": {
    "beta_eff": 0.9989446267020955,
    "c": 0.5042448068776622,
    "r_squared": 0.9999999587410813,
    "n_points": 3,
    "data": [
      [
        512,
        256.5
      ],
      [
        1024,
        512.5
      ],
      [
        2048,
        1024.5
      ]
    ]
  },
  "V0_dense_W64_C32_control": {
    "beta_eff": 0.9989446267020955,
    "c": 0.5042448068776622,
    "r_squared": 0.9999999587410813,
    "n_points": 3,
    "data": [
      [
        512,
        256.5
      ],
      [
        1024,
        512.5
      ],
      [
        2048,
        1024.5
      ]
    ]
  },
  "V0_dense_W64_C64_control": {
    "beta_eff": 0.9989446267020955,
    "c": 0.5042448068776622,
    "r_squared": 0.9999999587410813,
    "n_points": 3,
    "data": [
      [
        512,
        256.5
      ],
      [
        1024,
        512.5
      ],
      [
        2048,
        1024.5
      ]
    ]
  },
  "V0_dense_W256_C64_control": {
    "beta_eff": 0.9989446267020955,
    "c": 0.5042448068776622,
    "r_squared": 0.9999999587410813,
    "n_points": 3,
    "data": [
      [
        512,
        256.5
      ],
      [
        1024,
        512.5
      ],
      [
        2048,
        1024.5
      ]
    ]
  },
  "V0_dense_W256_C64_topic_switch": {
    "beta_eff": 0.9989446267020955,
    "c": 0.5042448068776622,
    "r_squared": 0.9999999587410813,
    "n_points": 3,
    "data": [
      [
        512,
        256.5
      ],
      [
        1024,
        512.5
      ],
      [
        2048,
        1024.5
      ]
    ]
  },
  "V8_ra_value_W64_C16_control": {
    "beta_eff": 0.06176357217221926,
    "c": 94.09148659344628,
    "r_squared": 0.9494629551510912,
    "n_points": 3,
    "data": [
      [
        512,
        137.53333333333333
      ],
      [
        1024,
        146.02604166666666
      ],
      [
        2048,
        149.828125
      ]
    ]
  },
  "V8_ra_value_W64_C32_control": {
    "beta_eff": 0.06300301373364195,
    "c": 93.23266326095923,
    "r_squared": 0.9466867836919574,
    "n_points": 3,
    "data": [
      [
        512,
        137.29722222222222
      ],
      [
        1024,
        146.0236111111111
      ],
      [
        2048,
        149.828125
      ]
    ]
  },
  "V8_ra_value_W64_C64_control": {
    "beta_eff": 0.06613295314092243,
    "c": 91.09888836009381,
    "r_squared": 0.9398491756122492,
    "n_points": 3,
    "data": [
      [
        512,
        136.70277777777778
      ],
      [
        1024,
        146.01874999999998
      ],
      [
        2048,
        149.828125
      ]
    ]
  },
  "V8_ra_value_W128_C16_control": {
    "beta_eff": 0.111522164709311,
    "c": 89.78366496964384,
    "r_squared": 0.9519328128446812,
    "n_points": 3,
    "data": [
      [
        512,
        178.23194444444445
      ],
      [
        1024,
        198.4373263888889
      ],
      [
        2048,
        208.03125
      ]
    ]
  },
  "V8_ra_value_W128_C32_control": {
    "beta_eff": 0.1132781043330393,
    "c": 88.62554197146099,
    "r_squared": 0.9496875485207638,
    "n_points": 3,
    "data": [
      [
        512,
        177.79861111111111
      ],
      [
        1024,
        198.43715277777778
      ],
      [
        2048,
        208.03125
      ]
    ]
  },
  "V8_ra_value_W128_C64_control": {
    "beta_eff": 0.1179646000588649,
    "c": 85.60721637570062,
    "r_squared": 0.9438312162475214,
    "n_points": 3,
    "data": [
      [
        512,
        176.6472222222222
      ],
      [
        1024,
        198.43680555555557
      ],
      [
        2048,
        208.03125
      ]
    ]
  },
  "V8_ra_value_W256_C16_control": {
    "beta_eff": 0.23592198220199806,
    "c": 54.0209793764763,
    "r_squared": 0.9356428509717718,
    "n_points": 3,
    "data": [
      [
        512,
        229.60694444444445
      ],
      [
        1024,
        291.25
      ],
      [
        2048,
        318.4375
      ]
    ]
  },
  "V8_ra_value_W256_C32_control": {
    "beta_eff": 0.2394496925034193,
    "c": 52.630200306421585,
    "r_squared": 0.933497357229708,
    "n_points": 3,
    "data": [
      [
        512,
        228.48680555555555
      ],
      [
        1024,
        291.25
      ],
      [
        2048,
        318.4375
      ]
    ]
  },
  "V8_ra_value_W256_C64_control": {
    "beta_eff": 0.3191237777842131,
    "c": 32.67813259956347,
    "r_squared": 0.9089557037026699,
    "n_points": 3,
    "data": [
      [
        512,
        229.77152777777778
      ],
      [
        1024,
        323.61041666666665
      ],
      [
        2048,
        357.625
      ]
    ]
  },
  "V8_ra_value_W256_C64_topic_switch": {
    "beta_eff": 0.38280499365830856,
    "c": 22.577083759777945,
    "r_squared": 0.8959228398983401,
    "n_points": 3,
    "data": [
      [
        512,
        233.40694444444443
      ],
      [
        1024,
        355.9409722222222
      ],
      [
        2048,
        396.8125
      ]
    ]
  },
  "V8_recency_W64_C16_control": {
    "beta_eff": 0.06182367240004845,
    "c": 94.0494622036587,
    "r_squared": 0.9493627213015412,
    "n_points": 3,
    "data": [
      [
        512,
        137.521875
      ],
      [
        1024,
        146.025
      ],
      [
        2048,
        149.828125
      ]
    ]
  },
  "V8_recency_W64_C32_control": {
    "beta_eff": 0.06307598842443915,
    "c": 93.1821521791324,
    "r_squared": 0.9465594512823721,
    "n_points": 3,
    "data": [
      [
        512,
        137.28333333333333
      ],
      [
        1024,
        146.02256944444446
      ],
      [
        2048,
        149.828125
      ]
    ]
  },
  "V8_recency_W64_C64_control": {
    "beta_eff": 0.06619891563578899,
    "c": 91.05403737340735,
    "r_squared": 0.9397849438627002,
    "n_points": 3,
    "data": [
      [
        512,
        136.69027777777777
      ],
      [
        1024,
        146.01666666666665
      ],
      [
        2048,
        149.828125
      ]
    ]
  },
  "V8_recency_W128_C16_control": {
    "beta_eff": 0.11157556777423056,
    "c": 89.74811715493071,
    "r_squared": 0.9518747000373453,
    "n_points": 3,
    "data": [
      [
        512,
        178.21875
      ],
      [
        1024,
        198.43663194444446
      ],
      [
        2048,
        208.03125
      ]
    ]
  },
  "V8_recency_W128_C32_control": {
    "beta_eff": 0.11333727286488213,
    "c": 88.58667639065021,
    "r_squared": 0.9496229581357524,
    "n_points": 3,
    "data": [
      [
        512,
        177.78402777777777
      ],
      [
        1024,
        198.43645833333335
      ],
      [
        2048,
        208.03125
      ]
    ]
  },
  "V8_recency_W128_C64_control": {
    "beta_eff": 0.11803833456618709,
    "c": 85.56045955013566,
    "r_squared": 0.9437514084981083,
    "n_points": 3,
    "data": [
      [
        512,
        176.62916666666663
      ],
      [
        1024,
        198.43611111111113
      ],
      [
        2048,
        208.03125
      ]
    ]
  },
  "V8_recency_W256_C16_control": {
    "beta_eff": 0.2360310759535015,
    "c": 53.97738113905558,
    "r_squared": 0.9355798296455639,
    "n_points": 3,
    "data": [
      [
        512,
        229.57222222222222
      ],
      [
        1024,
        291.24930555555557
      ],
      [
        2048,
        318.4375
      ]
    ]
  },
  "V8_recency_W256_C32_control": {
    "beta_eff": 0.23957467045510109,
    "c": 52.58154892344358,
    "r_squared": 0.9334258643233452,
    "n_points": 3,
    "data": [
      [
        512,
        228.44722222222222
      ],
      [
        1024,
        291.24930555555557
      ],
      [
        2048,
        318.4375
      ]
    ]
  },
  "V8_recency_W256_C64_control": {
    "beta_eff": 0.31929384932159516,
    "c": 32.636775946717,
    "r_squared": 0.9089196314097765,
    "n_points": 3,