{
  "variant": "V0_dense",
  "seq_len": 2048,
  "seed": 2,
  "local_window": 64,
  "chunk_size": 32,
  "far_budget": 4,
  "selection_strategy": "recency",
  "stress_mode": "control",
  "gate_mode": "no_gate",
  "ppl_mean": 247.76675465901693,
  "ppl_std": 52.312225168713056,
  "ppl_ci_lo": 228.45880695343016,
  "ppl_ci_hi": 266.22663420359294,
  "ppl_vs_dense_pct": 0.0,
  "effective_kv_kept_tokens": 1024.5,
  "kv_read_bytes_per_token": 37767168.0,
  "gate_ms_per_token": 4.189587343716994e-06,
  "forward_ms_per_token": 0.4601453160830715,
  "enabled_rate": 1.0,
  "tokens_seen": 61440,
  "n_eval_batches": 30,
  "extra": {}
}