{
  "variant": "V0_dense",
  "seq_len": 2048,
  "seed": 1,
  "local_window": 64,
  "chunk_size": 16,
  "far_budget": 8,
  "selection_strategy": "recency",
  "stress_mode": "control",
  "gate_mode": "no_gate",
  "ppl_mean": 268.1526824951172,
  "ppl_std": 75.43243612765662,
  "ppl_ci_lo": 242.22699534098308,
  "ppl_ci_hi": 294.26696936289466,
  "ppl_vs_dense_pct": 0.0,
  "effective_kv_kept_tokens": 1024.5,
  "kv_read_bytes_per_token": 37767168.0,
  "gate_ms_per_token": 4.025878297397867e-06,
  "forward_ms_per_token": 0.46217203180276556,
  "enabled_rate": 1.0,
  "tokens_seen": 61440,
  "n_eval_batches": 30,
  "extra": {}
}