{
  "variant": "V0_dense",
  "seq_len": 1024,
  "seed": 1,
  "local_window": 64,
  "chunk_size": 16,
  "far_budget": 8,
  "selection_strategy": "recency",
  "stress_mode": "control",
  "gate_mode": "no_gate",
  "ppl_mean": 251.88042627970378,
  "ppl_std": 89.33017865582673,
  "ppl_ci_lo": 222.0292358080546,
  "ppl_ci_hi": 286.2568127504984,
  "ppl_vs_dense_pct": 0.0,
  "effective_kv_kept_tokens": 512.5,
  "kv_read_bytes_per_token": 18892800.0,
  "gate_ms_per_token": 7.968992576934397e-06,
  "forward_ms_per_token": 0.2907609068643069,
  "enabled_rate": 1.0,
  "tokens_seen": 30720,
  "n_eval_batches": 30,
  "extra": {}
}