{
  "variant": "V0_dense",
  "seq_len": 512,
  "seed": 1,
  "local_window": 64,
  "chunk_size": 16,
  "far_budget": 8,
  "selection_strategy": "recency",
  "stress_mode": "control",
  "gate_mode": "no_gate",
  "ppl_mean": 247.94579645792643,
  "ppl_std": 95.78092148908887,
  "ppl_ci_lo": 215.8103560447693,
  "ppl_ci_hi": 283.81431133906045,
  "ppl_vs_dense_pct": 0.0,
  "effective_kv_kept_tokens": 256.5,
  "kv_read_bytes_per_token": 9455616.0,
  "gate_ms_per_token": 1.4471879694610834e-05,
  "forward_ms_per_token": 0.29175681447668467,
  "enabled_rate": 1.0,
  "tokens_seen": 15360,
  "n_eval_batches": 30,
  "extra": {}
}