{
  "variant": "V0_dense",
  "seq_len": 512,
  "seed": 2,
  "local_window": 64,
  "chunk_size": 64,
  "far_budget": 2,
  "selection_strategy": "recency",
  "stress_mode": "control",
  "gate_mode": "no_gate",
  "ppl_mean": 248.84788869222004,
  "ppl_std": 113.421310056083,
  "ppl_ci_lo": 211.64275629679364,
  "ppl_ci_hi": 290.07884644826254,
  "ppl_vs_dense_pct": 0.0,
  "effective_kv_kept_tokens": 256.5,
  "kv_read_bytes_per_token": 9455616.0,
  "gate_ms_per_token": 1.518492354080081e-05,
  "forward_ms_per_token": 0.2562404133641394,
  "enabled_rate": 1.0,
  "tokens_seen": 15360,
  "n_eval_batches": 30,
  "extra": {}
}