{
  "variant": "V0_dense",
  "seq_len": 512,
  "seed": 3,
  "local_window": 64,
  "chunk_size": 32,
  "far_budget": 4,
  "selection_strategy": "recency",
  "stress_mode": "control",
  "gate_mode": "no_gate",
  "ppl_mean": 264.70129979451497,
  "ppl_std": 130.8318819515401,
  "ppl_ci_lo": 220.90505816777548,
  "ppl_ci_hi": 313.2804282633463,
  "ppl_vs_dense_pct": 0.0,
  "effective_kv_kept_tokens": 256.5,
  "kv_read_bytes_per_token": 9455616.0,
  "gate_ms_per_token": 1.479384081903845e-05,
  "forward_ms_per_token": 0.25476713744865265,
  "enabled_rate": 1.0,
  "tokens_seen": 15360,
  "n_eval_batches": 30,
  "extra": {}
}