{
  "variant": "V0_dense",
  "seq_len": 1024,
  "seed": 2,
  "local_window": 64,
  "chunk_size": 32,
  "far_budget": 4,
  "selection_strategy": "recency",
  "stress_mode": "control",
  "gate_mode": "no_gate",
  "ppl_mean": 240.66298268636066,
  "ppl_std": 79.45202353243748,
  "ppl_ci_lo": 214.69174746195475,
  "ppl_ci_hi": 269.4819926071167,
  "ppl_vs_dense_pct": 0.0,
  "effective_kv_kept_tokens": 512.5,
  "kv_read_bytes_per_token": 18892800.0,
  "gate_ms_per_token": 7.877133612055331e-06,
  "forward_ms_per_token": 0.29159946734580444,
  "enabled_rate": 1.0,
  "tokens_seen": 30720,
  "n_eval_batches": 30,
  "extra": {}
}