{
  "variant": "V0_dense",
  "seq_len": 1024,
  "seed": 3,
  "local_window": 64,
  "chunk_size": 32,
  "far_budget": 4,
  "selection_strategy": "recency",
  "stress_mode": "control",
  "gate_mode": "no_gate",
  "ppl_mean": 251.45471598307293,
  "ppl_std": 95.65093379976115,
  "ppl_ci_lo": 219.4453588740031,
  "ppl_ci_hi": 286.98073179244994,
  "ppl_vs_dense_pct": 0.0,
  "effective_kv_kept_tokens": 512.5,
  "kv_read_bytes_per_token": 18892800.0,
  "gate_ms_per_token": 7.82711140345782e-06,
  "forward_ms_per_token": 0.29737348904745886,
  "enabled_rate": 1.0,
  "tokens_seen": 30720,
  "n_eval_batches": 30,
  "extra": {}
}