{
  "variant": "V8_ra_value",
  "seq_len": 512,
  "seed": 1,
  "local_window": 256,
  "chunk_size": 16,
  "far_budget": 8,
  "selection_strategy": "ra_value",
  "stress_mode": "control",
  "gate_mode": "learned_gate",
  "ppl_mean": 247.7963966369629,
  "ppl_std": 95.72050479060216,
  "ppl_ci_lo": 215.91660515467325,
  "ppl_ci_hi": 284.4903719393412,
  "ppl_vs_dense_pct": -0.06025503279257623,
  "effective_kv_kept_tokens": 230.07083333333333,
  "kv_read_bytes_per_token": 8481331.2,
  "gate_ms_per_token": 0.4774082080984954,
  "forward_ms_per_token": 0.2606116631795885,
  "enabled_rate": 0.69921875,
  "tokens_seen": 15360,
  "n_eval_batches": 30,
  "extra": {}
}