{
  "variant": "V8_recency",
  "seq_len": 512,
  "seed": 2,
  "local_window": 128,
  "chunk_size": 32,
  "far_budget": 4,
  "selection_strategy": "recency",
  "stress_mode": "control",
  "gate_mode": "learned_gate",
  "ppl_mean": 251.02731221516927,
  "ppl_std": 114.34641812810031,
  "ppl_ci_lo": 213.46376205444335,
  "ppl_ci_hi": 292.65966924031574,
  "ppl_vs_dense_pct": 0.8758055109098353,
  "effective_kv_kept_tokens": 177.88541666666666,
  "kv_read_bytes_per_token": 6557568.0,
  "gate_ms_per_token": 0.5491108713613357,
  "forward_ms_per_token": 0.25705553343868814,
  "enabled_rate": 0.7005208333333331,
  "tokens_seen": 15360,
  "n_eval_batches": 30,
  "extra": {}
}