{
  "variant": "V8_ra_value",
  "seq_len": 512,
  "seed": 3,
  "local_window": 256,
  "chunk_size": 64,
  "far_budget": 2,
  "selection_strategy": "ra_value",
  "stress_mode": "control",
  "gate_mode": "learned_gate",
  "ppl_mean": 260.17146860758464,
  "ppl_std": 130.03839392414517,
  "ppl_ci_lo": 213.78360520044964,
  "ppl_ci_hi": 310.8708706601461,
  "ppl_vs_dense_pct": -1.7112991853257944,
  "effective_kv_kept_tokens": 224.7,
  "kv_read_bytes_per_token": 8283340.799999999,
  "gate_ms_per_token": 0.45686068915529177,
  "forward_ms_per_token": 0.25634232406446245,
  "enabled_rate": 0.69921875,
  "tokens_seen": 15360,
  "n_eval_batches": 30,
  "extra": {}
}