{
  "variant": "V8_recency",
  "seq_len": 2048,
  "seed": 1,
  "local_window": 64,
  "chunk_size": 32,
  "far_budget": 4,
  "selection_strategy": "recency",
  "stress_mode": "control",
  "gate_mode": "learned_gate",
  "ppl_mean": 333.9573109944661,
  "ppl_std": 91.59783087829749,
  "ppl_ci_lo": 302.8087690607707,
  "ppl_ci_hi": 366.6026234690348,
  "ppl_vs_dense_pct": 24.539985163320974,
  "effective_kv_kept_tokens": 149.828125,
  "kv_read_bytes_per_token": 5523264.0,
  "gate_ms_per_token": 0.8480494730065402,
  "forward_ms_per_token": 0.48244439267364214,
  "enabled_rate": 0.7001008064516127,
  "tokens_seen": 61440,
  "n_eval_batches": 30,
  "extra": {}
}