{
  "variant": "V8_ra_value",
  "seq_len": 512,
  "seed": 1,
  "local_window": 128,
  "chunk_size": 64,
  "far_budget": 2,
  "selection_strategy": "ra_value",
  "stress_mode": "control",
  "gate_mode": "learned_gate",
  "ppl_mean": 252.8215680440267,
  "ppl_std": 96.59577004003802,
  "ppl_ci_lo": 220.991400680542,
  "ppl_ci_hi": 290.21626928329465,
  "ppl_vs_dense_pct": 1.9664667260965722,
  "effective_kv_kept_tokens": 176.87916666666666,
  "kv_read_bytes_per_token": 6520473.600000001,
  "gate_ms_per_token": 0.5476424466905883,
  "forward_ms_per_token": 0.25922389068000484,
  "enabled_rate": 0.7005208333333331,
  "tokens_seen": 15360,
  "n_eval_batches": 30,
  "extra": {}
}