{
  "variant": "V8_recency",
  "seq_len": 1024,
  "seed": 2,
  "local_window": 128,
  "chunk_size": 64,
  "far_budget": 2,
  "selection_strategy": "recency",
  "stress_mode": "control",
  "gate_mode": "learned_gate",
  "ppl_mean": 276.07181345621746,
  "ppl_std": 91.8879382637254,
  "ppl_ci_lo": 246.0423472849528,
  "ppl_ci_hi": 309.760080947876,
  "ppl_vs_dense_pct": 14.713035787478235,
  "effective_kv_kept_tokens": 198.43541666666667,
  "kv_read_bytes_per_token": 7315123.199999999,
  "gate_ms_per_token": 0.662911696053925,
  "forward_ms_per_token": 0.30915013667254243,
  "enabled_rate": 0.6997767857142855,
  "tokens_seen": 30720,
  "n_eval_batches": 30,
  "extra": {}
}