{
  "variant": "V8_recency",
  "seq_len": 512,
  "seed": 2,
  "local_window": 256,
  "chunk_size": 16,
  "far_budget": 8,
  "selection_strategy": "recency",
  "stress_mode": "control",
  "gate_mode": "learned_gate",
  "ppl_mean": 248.21179911295573,
  "ppl_std": 113.70761556574527,
  "ppl_ci_lo": 210.92164379119873,
  "ppl_ci_hi": 290.0083137512207,
  "ppl_vs_dense_pct": -0.255613813967711,
  "effective_kv_kept_tokens": 230.36145833333333,
  "kv_read_bytes_per_token": 8492044.8,
  "gate_ms_per_token": 0.4633924108929932,
  "forward_ms_per_token": 0.25356874357385095,
  "enabled_rate": 0.69921875,
  "tokens_seen": 15360,
  "n_eval_batches": 30,
  "extra": {}
}