{
  "variant": "V8_ra_value",
  "seq_len": 512,
  "seed": 2,
  "local_window": 128,
  "chunk_size": 16,
  "far_budget": 8,
  "selection_strategy": "ra_value",
  "stress_mode": "control",
  "gate_mode": "learned_gate",
  "ppl_mean": 249.75253524780274,
  "ppl_std": 117.77403090762205,
  "ppl_ci_lo": 210.72492036819457,
  "ppl_ci_hi": 297.1380485343933,
  "ppl_vs_dense_pct": 0.36353394852450843,
  "effective_kv_kept_tokens": 178.29375,
  "kv_read_bytes_per_token": 6572620.799999999,
  "gate_ms_per_token": 0.5476077567436732,
  "forward_ms_per_token": 0.26524907661951147,
  "enabled_rate": 0.7005208333333331,
  "tokens_seen": 15360,
  "n_eval_batches": 30,
  "extra": {}
}