{
  "variant": "V8_recency",
  "seq_len": 1024,
  "seed": 1,
  "local_window": 64,
  "chunk_size": 16,
  "far_budget": 8,
  "selection_strategy": "recency",
  "stress_mode": "control",
  "gate_mode": "learned_gate",
  "ppl_mean": 311.4735148111979,
  "ppl_std": 107.90319876008972,
  "ppl_ci_lo": 276.11605247497556,
  "ppl_ci_hi": 353.1373490778605,
  "ppl_vs_dense_pct": 23.659277305382286,
  "effective_kv_kept_tokens": 146.01822916666666,
  "kv_read_bytes_per_token": 5382816.0,
  "gate_ms_per_token": 0.659286904920009,
  "forward_ms_per_token": 0.29992756753927097,
  "enabled_rate": 0.6999999999999997,
  "tokens_seen": 30720,
  "n_eval_batches": 30,
  "extra": {}
}