{
  "variant": "V8_recency",
  "seq_len": 1024,
  "seed": 1,
  "local_window": 64,
  "chunk_size": 64,
  "far_budget": 2,
  "selection_strategy": "recency",
  "stress_mode": "control",
  "gate_mode": "learned_gate",
  "ppl_mean": 307.2946233113607,
  "ppl_std": 106.5290532456916,
  "ppl_ci_lo": 272.2284910837809,
  "ppl_ci_hi": 348.95589243570964,
  "ppl_vs_dense_pct": 22.000199797232955,
  "effective_kv_kept_tokens": 146.00416666666666,
  "kv_read_bytes_per_token": 5382297.6,
  "gate_ms_per_token": 0.6637147944275057,
  "forward_ms_per_token": 0.3056128425669158,
  "enabled_rate": 0.6999999999999997,
  "tokens_seen": 30720,
  "n_eval_batches": 30,
  "extra": {}
}