{
  "variant": "V8_recency",
  "seq_len": 1024,
  "seed": 3,
  "local_window": 256,
  "chunk_size": 16,
  "far_budget": 8,
  "selection_strategy": "recency",
  "stress_mode": "control",
  "gate_mode": "learned_gate",
  "ppl_mean": 269.6001948038737,
  "ppl_std": 99.8549913914155,
  "ppl_ci_lo": 235.9654398282369,
  "ppl_ci_hi": 306.61578481674195,
  "ppl_vs_dense_pct": 7.216201434067464,
  "effective_kv_kept_tokens": 291.25,
  "kv_read_bytes_per_token": 10736640.0,
  "gate_ms_per_token": 0.638962375887786,
  "forward_ms_per_token": 0.30019933910807595,
  "enabled_rate": 0.69921875,
  "tokens_seen": 30720,
  "n_eval_batches": 30,
  "extra": {}
}