{
  "variant": "V8_recency",
  "seq_len": 2048,
  "seed": 2,
  "local_window": 128,
  "chunk_size": 16,
  "far_budget": 8,
  "selection_strategy": "recency",
  "stress_mode": "control",
  "gate_mode": "learned_gate",
  "ppl_mean": 301.71138763427734,
  "ppl_std": 67.17577257440651,
  "ppl_ci_lo": 276.44950786590573,
  "ppl_ci_hi": 324.8769199371338,
  "ppl_vs_dense_pct": 21.772345143520337,
  "effective_kv_kept_tokens": 208.03125,
  "kv_read_bytes_per_token": 7668864.0,
  "gate_ms_per_token": 0.8496698619637755,
  "forward_ms_per_token": 0.4803552169505565,
  "enabled_rate": 0.6999999999999997,
  "tokens_seen": 61440,
  "n_eval_batches": 30,
  "extra": {}
}