{
  "variant": "V8_ra_value",
  "seq_len": 2048,
  "seed": 1,
  "local_window": 64,
  "chunk_size": 16,
  "far_budget": 8,
  "selection_strategy": "ra_value",
  "stress_mode": "control",
  "gate_mode": "learned_gate",
  "ppl_mean": 299.5712646484375,
  "ppl_std": 87.77442262072616,
  "ppl_ci_lo": 269.1669407780965,
  "ppl_ci_hi": 332.1618251291911,
  "ppl_vs_dense_pct": 11.716676432611264,
  "effective_kv_kept_tokens": 149.828125,
  "kv_read_bytes_per_token": 5523264.0,
  "gate_ms_per_token": 0.8501611514475371,
  "forward_ms_per_token": 0.4944357551721623,
  "enabled_rate": 0.7001008064516127,
  "tokens_seen": 61440,
  "n_eval_batches": 30,
  "extra": {}
}