{
  "variant": "V8_recency",
  "seq_len": 512,
  "seed": 1,
  "local_window": 64,
  "chunk_size": 64,
  "far_budget": 2,
  "selection_strategy": "recency",
  "stress_mode": "control",
  "gate_mode": "learned_gate",
  "ppl_mean": 262.2083384195964,
  "ppl_std": 102.93533528523109,
  "ppl_ci_lo": 228.1562308883667,
  "ppl_ci_hi": 300.9465014076233,
  "ppl_vs_dense_pct": 5.752282218702639,
  "effective_kv_kept_tokens": 136.27916666666667,
  "kv_read_bytes_per_token": 5023795.199999999,
  "gate_ms_per_token": 0.5906402911932673,
  "forward_ms_per_token": 0.2576889510237379,
  "enabled_rate": 0.6986607142857145,
  "tokens_seen": 15360,
  "n_eval_batches": 30,
  "extra": {}
}