{
  "variant": "V8_recency",
  "seq_len": 1024,
  "seed": 3,
  "local_window": 64,
  "chunk_size": 64,
  "far_budget": 2,
  "selection_strategy": "recency",
  "stress_mode": "control",
  "gate_mode": "learned_gate",
  "ppl_mean": 301.85248311360675,
  "ppl_std": 108.4744538529371,
  "ppl_ci_lo": 264.74444661458335,
  "ppl_ci_hi": 340.17621657053627,
  "ppl_vs_dense_pct": 20.042482374411474,
  "effective_kv_kept_tokens": 146.03125,
  "kv_read_bytes_per_token": 5383296.0,
  "gate_ms_per_token": 0.6638034838033491,
  "forward_ms_per_token": 0.30578657879232196,
  "enabled_rate": 0.6999999999999997,
  "tokens_seen": 30720,
  "n_eval_batches": 30,
  "extra": {}
}