{
  "variant": "V8_recency",
  "seq_len": 512,
  "seed": 2,
  "local_window": 128,
  "chunk_size": 64,
  "far_budget": 2,
  "selection_strategy": "recency",
  "stress_mode": "control",
  "gate_mode": "learned_gate",
  "ppl_mean": 251.3670674641927,
  "ppl_std": 114.47283293766633,
  "ppl_ci_lo": 213.889547030131,
  "ppl_ci_hi": 293.1490483474731,
  "ppl_vs_dense_pct": 1.0123368075219765,
  "effective_kv_kept_tokens": 176.75,
  "kv_read_bytes_per_token": 6515712.0,
  "gate_ms_per_token": 0.547076288057724,
  "forward_ms_per_token": 0.25087655922106933,
  "enabled_rate": 0.7005208333333331,
  "tokens_seen": 15360,
  "n_eval_batches": 30,
  "extra": {}
}