{
  "variant": "V8_recency",
  "seq_len": 2048,
  "seed": 2,
  "local_window": 128,
  "chunk_size": 32,
  "far_budget": 4,
  "selection_strategy": "recency",
  "stress_mode": "control",
  "gate_mode": "learned_gate",
  "ppl_mean": 301.0162887573242,
  "ppl_std": 67.11272208956012,
  "ppl_ci_lo": 275.7707103474935,
  "ppl_ci_hi": 324.14145201365153,
  "ppl_vs_dense_pct": 21.491799483587172,
  "effective_kv_kept_tokens": 208.03125,
  "kv_read_bytes_per_token": 7668864.0,
  "gate_ms_per_token": 0.8437609553766379,
  "forward_ms_per_token": 0.4740599965771253,
  "enabled_rate": 0.6999999999999997,
  "tokens_seen": 61440,
  "n_eval_batches": 30,
  "extra": {}
}