{
  "variant": "V8_recency",
  "seq_len": 512,
  "seed": 3,
  "local_window": 128,
  "chunk_size": 16,
  "far_budget": 8,
  "selection_strategy": "recency",
  "stress_mode": "control",
  "gate_mode": "learned_gate",
  "ppl_mean": 266.46535669962566,
  "ppl_std": 133.00600225592538,
  "ppl_ci_lo": 222.62168296178183,
  "ppl_ci_hi": 315.8606955146789,
  "ppl_vs_dense_pct": 0.6664330346999098,
  "effective_kv_kept_tokens": 178.00729166666667,
  "kv_read_bytes_per_token": 6562060.800000001,
  "gate_ms_per_token": 0.5514238564501284,
  "forward_ms_per_token": 0.2659028959897114,
  "enabled_rate": 0.7005208333333331,
  "tokens_seen": 15360,
  "n_eval_batches": 30,
  "extra": {}
}