{
  "variant": "V8_ra_value",
  "seq_len": 1024,
  "seed": 1,
  "local_window": 256,
  "chunk_size": 32,
  "far_budget": 4,
  "selection_strategy": "ra_value",
  "stress_mode": "control",
  "gate_mode": "learned_gate",
  "ppl_mean": 266.57872873942057,
  "ppl_std": 95.23363009986916,
  "ppl_ci_lo": 233.34760979970298,
  "ppl_ci_hi": 304.80643680572507,
  "ppl_vs_dense_pct": 5.835428610635616,
  "effective_kv_kept_tokens": 291.25,
  "kv_read_bytes_per_token": 10736640.0,
  "gate_ms_per_token": 0.6219808992682374,
  "forward_ms_per_token": 0.3007272362083313,
  "enabled_rate": 0.69921875,
  "tokens_seen": 30720,
  "n_eval_batches": 30,
  "extra": {}
}