{
  "variant": "V8_ra_value",
  "seq_len": 1024,
  "seed": 3,
  "local_window": 64,
  "chunk_size": 32,
  "far_budget": 4,
  "selection_strategy": "ra_value",
  "stress_mode": "control",
  "gate_mode": "learned_gate",
  "ppl_mean": 275.92291895548504,
  "ppl_std": 100.8573384883558,
  "ppl_ci_lo": 239.38407941182456,
  "ppl_ci_hi": 316.5659109624227,
  "ppl_vs_dense_pct": 9.7306598035963,
  "effective_kv_kept_tokens": 146.03125,
  "kv_read_bytes_per_token": 5383296.0,
  "gate_ms_per_token": 0.6659460304945242,
  "forward_ms_per_token": 0.30880081067152787,
  "enabled_rate": 0.6999999999999997,
  "tokens_seen": 30720,
  "n_eval_batches": 30,
  "extra": {}
}