{
  "variant": "V8_recency",
  "seq_len": 512,
  "seed": 1,
  "local_window": 256,
  "chunk_size": 64,
  "far_budget": 2,
  "selection_strategy": "recency",
  "stress_mode": "control",
  "gate_mode": "learned_gate",
  "ppl_mean": 247.6432996114095,
  "ppl_std": 95.46950441100952,
  "ppl_ci_lo": 215.70604649861653,
  "ppl_ci_hi": 283.60461240768433,
  "ppl_vs_dense_pct": -0.12200119979378685,
  "effective_kv_kept_tokens": 226.38333333333333,
  "kv_read_bytes_per_token": 8345395.199999999,
  "gate_ms_per_token": 0.47627387175452895,
  "forward_ms_per_token": 0.2572731809777906,
  "enabled_rate": 0.69921875,
  "tokens_seen": 15360,
  "n_eval_batches": 30,
  "extra": {}
}