{
  "variant": "V8_recency",
  "seq_len": 512,
  "seed": 1,
  "local_window": 64,
  "chunk_size": 16,
  "far_budget": 8,
  "selection_strategy": "recency",
  "stress_mode": "control",
  "gate_mode": "learned_gate",
  "ppl_mean": 260.4652142842611,
  "ppl_std": 101.92524666023648,
  "ppl_ci_lo": 226.38758630752562,
  "ppl_ci_hi": 298.4691717274984,
  "ppl_vs_dense_pct": 5.049255928183909,
  "effective_kv_kept_tokens": 137.29479166666667,
  "kv_read_bytes_per_token": 5061235.199999999,
  "gate_ms_per_token": 0.6115567175584147,
  "forward_ms_per_token": 0.30047559630475007,
  "enabled_rate": 0.6986607142857145,
  "tokens_seen": 15360,
  "n_eval_batches": 30,
  "extra": {}
}