{
  "variant": "V8_recency",
  "seq_len": 2048,
  "seed": 1,
  "local_window": 128,
  "chunk_size": 64,
  "far_budget": 2,
  "selection_strategy": "recency",
  "stress_mode": "control",
  "gate_mode": "learned_gate",
  "ppl_mean": 322.0289057413737,
  "ppl_std": 87.84919977144854,
  "ppl_ci_lo": 292.1208214823405,
  "ppl_ci_hi": 352.3762934366862,
  "ppl_vs_dense_pct": 20.091621961394164,
  "effective_kv_kept_tokens": 208.03125,
  "kv_read_bytes_per_token": 7668864.0,
  "gate_ms_per_token": 0.8404349136981182,
  "forward_ms_per_token": 0.47363993235194357,
  "enabled_rate": 0.6999999999999997,
  "tokens_seen": 61440,
  "n_eval_batches": 30,
  "extra": {}
}