{
  "variant": "V8_recency",
  "seq_len": 1024,
  "seed": 1,
  "local_window": 256,
  "chunk_size": 16,
  "far_budget": 8,
  "selection_strategy": "recency",
  "stress_mode": "control",
  "gate_mode": "learned_gate",
  "ppl_mean": 270.85793050130206,
  "ppl_std": 93.49859615429816,
  "ppl_ci_lo": 240.42542004903157,
  "ppl_ci_hi": 307.7279091771444,
  "ppl_vs_dense_pct": 7.534330675034062,
  "effective_kv_kept_tokens": 291.24791666666664,
  "kv_read_bytes_per_token": 10736563.2,
  "gate_ms_per_token": 0.6347619018924888,
  "forward_ms_per_token": 0.29678179726033704,
  "enabled_rate": 0.69921875,
  "tokens_seen": 30720,
  "n_eval_batches": 30,
  "extra": {}
}