{
  "variant": "V8_ra_value",
  "seq_len": 512,
  "seed": 2,
  "local_window": 64,
  "chunk_size": 16,
  "far_budget": 8,
  "selection_strategy": "ra_value",
  "stress_mode": "control",
  "gate_mode": "learned_gate",
  "ppl_mean": 265.5750114440918,
  "ppl_std": 124.1722013922793,
  "ppl_ci_lo": 224.2858982785543,
  "ppl_ci_hi": 315.49172524134315,
  "ppl_vs_dense_pct": 6.721826268962314,
  "effective_kv_kept_tokens": 137.58854166666666,
  "kv_read_bytes_per_token": 5072064.0,
  "gate_ms_per_token": 0.5835607444169,
  "forward_ms_per_token": 0.2655792395671597,
  "enabled_rate": 0.6986607142857145,
  "tokens_seen": 15360,
  "n_eval_batches": 30,
  "extra": {}
}