{
  "variant": "V8_recency",
  "seq_len": 512,
  "seed": 2,
  "local_window": 256,
  "chunk_size": 32,
  "far_budget": 4,
  "selection_strategy": "recency",
  "stress_mode": "control",
  "gate_mode": "learned_gate",
  "ppl_mean": 248.31749903361003,
  "ppl_std": 113.89990624505663,
  "ppl_ci_lo": 210.9935219891866,
  "ppl_ci_hi": 290.23741238911947,
  "ppl_vs_dense_pct": -0.21313809869851924,
  "effective_kv_kept_tokens": 229.31041666666667,
  "kv_read_bytes_per_token": 8453299.2,
  "gate_ms_per_token": 0.45896685878688004,
  "forward_ms_per_token": 0.25413560251763556,
  "enabled_rate": 0.69921875,
  "tokens_seen": 15360,
  "n_eval_batches": 30,
  "extra": {}
}