{
  "variant": "V8_ra_value",
  "seq_len": 512,
  "seed": 2,
  "local_window": 64,
  "chunk_size": 64,
  "far_budget": 2,
  "selection_strategy": "ra_value",
  "stress_mode": "control",
  "gate_mode": "learned_gate",
  "ppl_mean": 272.3805165608724,
  "ppl_std": 129.97209851488313,
  "ppl_ci_lo": 230.20147139231366,
  "ppl_ci_hi": 324.9248402404785,
  "ppl_vs_dense_pct": 9.456631515872735,
  "effective_kv_kept_tokens": 136.79166666666666,
  "kv_read_bytes_per_token": 5042688.0,
  "gate_ms_per_token": 0.590874540648656,
  "forward_ms_per_token": 0.25865011775749736,
  "enabled_rate": 0.6986607142857145,
  "tokens_seen": 15360,
  "n_eval_batches": 30,
  "extra": {}
}