{
  "variant": "V8_ra_value",
  "seq_len": 512,
  "seed": 3,
  "local_window": 64,
  "chunk_size": 16,
  "far_budget": 8,
  "selection_strategy": "ra_value",
  "stress_mode": "control",
  "gate_mode": "learned_gate",
  "ppl_mean": 280.5507029215495,
  "ppl_std": 136.24305493075866,
  "ppl_ci_lo": 231.8230034383138,
  "ppl_ci_hi": 333.71296425501504,
  "ppl_vs_dense_pct": 5.987655950060788,
  "effective_kv_kept_tokens": 137.72291666666666,
  "kv_read_bytes_per_token": 5077017.6,
  "gate_ms_per_token": 0.5817793789901771,
  "forward_ms_per_token": 0.2631728148116963,
  "enabled_rate": 0.6986607142857145,
  "tokens_seen": 15360,
  "n_eval_batches": 30,
  "extra": {}
}