{
  "variant": "V8_recency",
  "seq_len": 2048,
  "seed": 1,
  "local_window": 64,
  "chunk_size": 64,
  "far_budget": 2,
  "selection_strategy": "recency",
  "stress_mode": "control",
  "gate_mode": "learned_gate",
  "ppl_mean": 332.9958485921224,
  "ppl_std": 91.50385963696544,
  "ppl_ci_lo": 301.7249310048421,
  "ppl_ci_hi": 365.3502049636841,
  "ppl_vs_dense_pct": 24.18143480559288,
  "effective_kv_kept_tokens": 149.828125,
  "kv_read_bytes_per_token": 5523264.0,
  "gate_ms_per_token": 0.8486205238114053,
  "forward_ms_per_token": 0.4802588296115573,
  "enabled_rate": 0.7001008064516127,
  "tokens_seen": 61440,
  "n_eval_batches": 30,
  "extra": {}
}