{
  "variant": "V8_ra_value",
  "seq_len": 2048,
  "seed": 2,
  "local_window": 128,
  "chunk_size": 32,
  "far_budget": 4,
  "selection_strategy": "ra_value",
  "stress_mode": "control",
  "gate_mode": "learned_gate",
  "ppl_mean": 273.7194356282552,
  "ppl_std": 59.25695804443838,
  "ppl_ci_lo": 253.40282725016274,
  "ppl_ci_hi": 294.7768494669597,
  "ppl_vs_dense_pct": 10.474642171002742,
  "effective_kv_kept_tokens": 208.03125,
  "kv_read_bytes_per_token": 7668864.0,
  "gate_ms_per_token": 0.8428556152466626,
  "forward_ms_per_token": 0.4802618414032622,
  "enabled_rate": 0.6999999999999997,
  "tokens_seen": 61440,
  "n_eval_batches": 30,
  "extra": {}
}