{
  "variant": "V8_ra_value",
  "seq_len": 2048,
  "seed": 1,
  "local_window": 64,
  "chunk_size": 64,
  "far_budget": 2,
  "selection_strategy": "ra_value",
  "stress_mode": "control",
  "gate_mode": "learned_gate",
  "ppl_mean": 301.9859588623047,
  "ppl_std": 90.37392123740649,
  "ppl_ci_lo": 270.9762659708659,
  "ppl_ci_hi": 335.79037236531576,
  "ppl_vs_dense_pct": 12.617168716111426,
  "effective_kv_kept_tokens": 149.828125,
  "kv_read_bytes_per_token": 5523264.0,
  "gate_ms_per_token": 0.8536252098565456,
  "forward_ms_per_token": 0.4862362870881043,
  "enabled_rate": 0.7001008064516127,
  "tokens_seen": 61440,
  "n_eval_batches": 30,
  "extra": {}
}