{
  "variant": "V8_recency",
  "seq_len": 2048,
  "seed": 2,
  "local_window": 64,
  "chunk_size": 32,
  "far_budget": 4,
  "selection_strategy": "recency",
  "stress_mode": "control",
  "gate_mode": "learned_gate",
  "ppl_mean": 310.7817876180013,
  "ppl_std": 69.34585647815926,
  "ppl_ci_lo": 284.6320574315389,
  "ppl_ci_hi": 335.2049741744995,
  "ppl_vs_dense_pct": 25.43320755268693,
  "effective_kv_kept_tokens": 149.828125,
  "kv_read_bytes_per_token": 5523264.0,
  "gate_ms_per_token": 0.8489598153573752,
  "forward_ms_per_token": 0.48153372836168273,
  "enabled_rate": 0.7001008064516127,
  "tokens_seen": 61440,
  "n_eval_batches": 30,
  "extra": {}
}