{
  "variant": "V8_recency",
  "seq_len": 512,
  "seed": 2,
  "local_window": 128,
  "chunk_size": 16,
  "far_budget": 8,
  "selection_strategy": "recency",
  "stress_mode": "control",
  "gate_mode": "learned_gate",
  "ppl_mean": 250.9553550720215,
  "ppl_std": 114.3954846370907,
  "ppl_ci_lo": 213.38164566040038,
  "ppl_ci_hi": 292.67721256891883,
  "ppl_vs_dense_pct": 0.8468893953157092,
  "effective_kv_kept_tokens": 178.284375,
  "kv_read_bytes_per_token": 6572275.200000001,
  "gate_ms_per_token": 0.5494009437825298,
  "forward_ms_per_token": 0.2635039527376648,
  "enabled_rate": 0.7005208333333331,
  "tokens_seen": 15360,
  "n_eval_batches": 30,
  "extra": {}
}