{
  "variant": "V8_ra_value",
  "seq_len": 2048,
  "seed": 1,
  "local_window": 64,
  "chunk_size": 32,
  "far_budget": 4,
  "selection_strategy": "ra_value",
  "stress_mode": "control",
  "gate_mode": "learned_gate",
  "ppl_mean": 298.87872517903645,
  "ppl_std": 86.05420831859102,
  "ppl_ci_lo": 269.0102895100912,
  "ppl_ci_hi": 331.3554688898722,
  "ppl_vs_dense_pct": 11.458413318121018,
  "effective_kv_kept_tokens": 149.828125,
  "kv_read_bytes_per_token": 5523264.0,
  "gate_ms_per_token": 0.8509290514666645,
  "forward_ms_per_token": 0.4890473642262805,
  "enabled_rate": 0.7001008064516127,
  "tokens_seen": 61440,
  "n_eval_batches": 30,
  "extra": {}
}