{
  "variant": "V8_recency",
  "seq_len": 2048,
  "seed": 1,
  "local_window": 256,
  "chunk_size": 64,
  "far_budget": 2,
  "selection_strategy": "recency",
  "stress_mode": "control",
  "gate_mode": "learned_gate",
  "ppl_mean": 306.7507960001628,
  "ppl_std": 83.08086934118376,
  "ppl_ci_lo": 278.1459355163574,
  "ppl_ci_hi": 336.13475100199383,
  "ppl_vs_dense_pct": 14.394080695332384,
  "effective_kv_kept_tokens": 318.4375,
  "kv_read_bytes_per_token": 11738880.0,
  "gate_ms_per_token": 0.8785135159996571,
  "forward_ms_per_token": 0.4819620335183572,
  "enabled_rate": 0.6997767857142855,
  "tokens_seen": 61440,
  "n_eval_batches": 30,
  "extra": {}
}