{
  "variant": "V8_recency",
  "seq_len": 2048,
  "seed": 1,
  "local_window": 256,
  "chunk_size": 32,
  "far_budget": 4,
  "selection_strategy": "recency",
  "stress_mode": "control",
  "gate_mode": "learned_gate",
  "ppl_mean": 307.52440490722654,
  "ppl_std": 83.22408866227853,
  "ppl_ci_lo": 278.8638759104411,
  "ppl_ci_hi": 336.89581217447915,
  "ppl_vs_dense_pct": 14.682576376175646,
  "effective_kv_kept_tokens": 318.4375,
  "kv_read_bytes_per_token": 11738880.0,
  "gate_ms_per_token": 0.8802149136499793,
  "forward_ms_per_token": 0.48435839471494546,
  "enabled_rate": 0.6997767857142855,
  "tokens_seen": 61440,
  "n_eval_batches": 30,
  "extra": {}
}