{
  "variant": "V8_recency",
  "seq_len": 512,
  "seed": 3,
  "local_window": 64,
  "chunk_size": 32,
  "far_budget": 4,
  "selection_strategy": "recency",
  "stress_mode": "control",
  "gate_mode": "learned_gate",
  "ppl_mean": 275.23211135864256,
  "ppl_std": 135.28383582695503,
  "ppl_ci_lo": 230.15759152730305,
  "ppl_ci_hi": 324.98169566472376,
  "ppl_vs_dense_pct": 3.9783754640806657,
  "effective_kv_kept_tokens": 137.51041666666666,
  "kv_read_bytes_per_token": 5069184.0,
  "gate_ms_per_token": 0.5898368799535092,
  "forward_ms_per_token": 0.2588946317700902,
  "enabled_rate": 0.6986607142857145,
  "tokens_seen": 15360,
  "n_eval_batches": 30,
  "extra": {}
}