{
  "variant": "V8_recency",
  "seq_len": 1024,
  "seed": 2,
  "local_window": 256,
  "chunk_size": 16,
  "far_budget": 8,
  "selection_strategy": "recency",
  "stress_mode": "control",
  "gate_mode": "learned_gate",
  "ppl_mean": 258.3650494893392,
  "ppl_std": 84.53543556274234,
  "ppl_ci_lo": 230.95191155751544,
  "ppl_ci_hi": 288.9119258562724,
  "ppl_vs_dense_pct": 7.355542013724809,
  "effective_kv_kept_tokens": 291.25,
  "kv_read_bytes_per_token": 10736640.0,
  "gate_ms_per_token": 0.622641480731545,
  "forward_ms_per_token": 0.30626806255895644,
  "enabled_rate": 0.69921875,
  "tokens_seen": 30720,
  "n_eval_batches": 30,
  "extra": {}
}