{
  "variant": "V8_ra_value",
  "seq_len": 1024,
  "seed": 2,
  "local_window": 128,
  "chunk_size": 16,
  "far_budget": 8,
  "selection_strategy": "ra_value",
  "stress_mode": "control",
  "gate_mode": "learned_gate",
  "ppl_mean": 259.7520812988281,
  "ppl_std": 88.55932200224777,
  "ppl_ci_lo": 230.8829694366455,
  "ppl_ci_hi": 292.96789286295575,
  "ppl_vs_dense_pct": 7.931879842669836,
  "effective_kv_kept_tokens": 198.43697916666667,
  "kv_read_bytes_per_token": 7315180.800000001,
  "gate_ms_per_token": 0.6502203304989962,
  "forward_ms_per_token": 0.31515807586401934,
  "enabled_rate": 0.6997767857142855,
  "tokens_seen": 30720,
  "n_eval_batches": 30,
  "extra": {}
}