{
  "variant": "V8_ra_value",
  "seq_len": 512,
  "seed": 2,
  "local_window": 256,
  "chunk_size": 32,
  "far_budget": 4,
  "selection_strategy": "ra_value",
  "stress_mode": "control",
  "gate_mode": "learned_gate",
  "ppl_mean": 245.251375579834,
  "ppl_std": 115.26727270095083,
  "ppl_ci_lo": 207.11536049524943,
  "ppl_ci_hi": 291.7258180681864,
  "ppl_vs_dense_pct": -1.4452656726512505,
  "effective_kv_kept_tokens": 229.31041666666667,
  "kv_read_bytes_per_token": 8453299.2,
  "gate_ms_per_token": 0.45940263953525573,
  "forward_ms_per_token": 0.25678006386442576,
  "enabled_rate": 0.69921875,
  "tokens_seen": 15360,
  "n_eval_batches": 30,
  "extra": {}
}