{
  "variant": "V8_ra_value",
  "seq_len": 512,
  "seed": 1,
  "local_window": 128,
  "chunk_size": 32,
  "far_budget": 4,
  "selection_strategy": "ra_value",
  "stress_mode": "control",
  "gate_mode": "learned_gate",
  "ppl_mean": 252.39135920206706,
  "ppl_std": 96.98798576380743,
  "ppl_ci_lo": 220.37679715474448,
  "ppl_ci_hi": 290.3604463895162,
  "ppl_vs_dense_pct": 1.7929574962142953,
  "effective_kv_kept_tokens": 177.97916666666666,
  "kv_read_bytes_per_token": 6561024.0,
  "gate_ms_per_token": 0.5516577239177423,
  "forward_ms_per_token": 0.26384137709101196,
  "enabled_rate": 0.7005208333333331,
  "tokens_seen": 15360,
  "n_eval_batches": 30,
  "extra": {}
}