{
  "variant": "V8_ra_value",
  "seq_len": 2048,
  "seed": 2,
  "local_window": 128,
  "chunk_size": 16,
  "far_budget": 8,
  "selection_strategy": "ra_value",
  "stress_mode": "control",
  "gate_mode": "learned_gate",
  "ppl_mean": 272.88416290283203,
  "ppl_std": 60.19974231006089,
  "ppl_ci_lo": 252.13626987457275,
  "ppl_ci_hi": 294.4239498392741,
  "ppl_vs_dense_pct": 10.137521588956654,
  "effective_kv_kept_tokens": 208.03125,
  "kv_read_bytes_per_token": 7668864.0,
  "gate_ms_per_token": 0.8504724351041659,
  "forward_ms_per_token": 0.4896573705082119,
  "enabled_rate": 0.6999999999999997,
  "tokens_seen": 61440,
  "n_eval_batches": 30,
  "extra": {}
}