{
  "variant": "V8_ra_value",
  "seq_len": 1024,
  "seed": 3,
  "local_window": 128,
  "chunk_size": 64,
  "far_budget": 2,
  "selection_strategy": "ra_value",
  "stress_mode": "control",
  "gate_mode": "learned_gate",
  "ppl_mean": 269.46056315104164,
  "ppl_std": 99.0091694102956,
  "ppl_ci_lo": 233.90099943796795,
  "ppl_ci_hi": 308.92395652771,
  "ppl_vs_dense_pct": 7.160671891785399,
  "effective_kv_kept_tokens": 198.4375,
  "kv_read_bytes_per_token": 7315200.0,
  "gate_ms_per_token": 0.6586529780179262,
  "forward_ms_per_token": 0.3128811113128904,
  "enabled_rate": 0.6997767857142855,
  "tokens_seen": 30720,
  "n_eval_batches": 30,
  "extra": {}
}