{
  "variant": "V8_recency",
  "seq_len": 512,
  "seed": 1,
  "local_window": 128,
  "chunk_size": 16,
  "far_budget": 8,
  "selection_strategy": "recency",
  "stress_mode": "control",
  "gate_mode": "learned_gate",
  "ppl_mean": 251.20131708780926,
  "ppl_std": 96.84996512672366,
  "ppl_ci_lo": 219.25336081822712,
  "ppl_ci_hi": 287.68894622802736,
  "ppl_vs_dense_pct": 1.3129969035128404,
  "effective_kv_kept_tokens": 178.36458333333334,
  "kv_read_bytes_per_token": 6575232.0,
  "gate_ms_per_token": 0.5487043563334737,
  "forward_ms_per_token": 0.2646650082169799,
  "enabled_rate": 0.7005208333333331,
  "tokens_seen": 15360,
  "n_eval_batches": 30,
  "extra": {}
}