{
  "variant": "V8_ra_value",
  "seq_len": 512,
  "seed": 3,
  "local_window": 256,
  "chunk_size": 16,
  "far_budget": 8,
  "selection_strategy": "ra_value",
  "stress_mode": "control",
  "gate_mode": "learned_gate",
  "ppl_mean": 259.90640385945636,
  "ppl_std": 129.9208223120645,
  "ppl_ci_lo": 213.66816166559857,
  "ppl_ci_hi": 310.6013958358765,
  "ppl_vs_dense_pct": -1.8114364904066718,
  "effective_kv_kept_tokens": 228.38229166666667,
  "kv_read_bytes_per_token": 8419084.8,
  "gate_ms_per_token": 0.45968895938131027,
  "forward_ms_per_token": 0.2583633249741979,
  "enabled_rate": 0.69921875,
  "tokens_seen": 15360,
  "n_eval_batches": 30,
  "extra": {}
}