{
  "variant": "V8_ra_value",
  "seq_len": 1024,
  "seed": 1,
  "local_window": 64,
  "chunk_size": 32,
  "far_budget": 4,
  "selection_strategy": "ra_value",
  "stress_mode": "control",
  "gate_mode": "learned_gate",
  "ppl_mean": 290.3977325439453,
  "ppl_std": 106.41655558329235,
  "ppl_ci_lo": 255.86082219441732,
  "ppl_ci_hi": 332.6449218622844,
  "ppl_vs_dense_pct": 15.291901333162553,
  "effective_kv_kept_tokens": 146.01354166666667,
  "kv_read_bytes_per_token": 5382643.199999999,
  "gate_ms_per_token": 0.6647615164183662,
  "forward_ms_per_token": 0.30930794127925765,
  "enabled_rate": 0.6999999999999997,
  "tokens_seen": 30720,
  "n_eval_batches": 30,
  "extra": {}
}