{
  "variant": "V8_ra_value",
  "seq_len": 1024,
  "seed": 3,
  "local_window": 256,
  "chunk_size": 32,
  "far_budget": 4,
  "selection_strategy": "ra_value",
  "stress_mode": "control",
  "gate_mode": "learned_gate",
  "ppl_mean": 258.56494394938153,
  "ppl_std": 97.081558790212,
  "ppl_ci_lo": 224.11362103780112,
  "ppl_ci_hi": 297.2151924006144,
  "ppl_vs_dense_pct": 2.82763754837958,
  "effective_kv_kept_tokens": 291.25,
  "kv_read_bytes_per_token": 10736640.0,
  "gate_ms_per_token": 0.647150028271426,
  "forward_ms_per_token": 0.30381371379917255,
  "enabled_rate": 0.69921875,
  "tokens_seen": 30720,
  "n_eval_batches": 30,
  "extra": {}
}