{
  "variant": "V8_recency",
  "seq_len": 512,
  "seed": 1,
  "local_window": 128,
  "chunk_size": 32,
  "far_budget": 4,
  "selection_strategy": "recency",
  "stress_mode": "control",
  "gate_mode": "learned_gate",
  "ppl_mean": 251.34303614298503,
  "ppl_std": 96.58320570902829,
  "ppl_ci_lo": 219.51124943415326,
  "ppl_ci_hi": 287.6927666854858,
  "ppl_vs_dense_pct": 1.370154176271775,
  "effective_kv_kept_tokens": 177.95208333333332,
  "kv_read_bytes_per_token": 6560025.6,
  "gate_ms_per_token": 0.5522888932318892,
  "forward_ms_per_token": 0.26068730585393496,
  "enabled_rate": 0.7005208333333331,
  "tokens_seen": 15360,
  "n_eval_batches": 30,
  "extra": {}
}