{
  "variant": "V8_recency",
  "seq_len": 512,
  "seed": 3,
  "local_window": 256,
  "chunk_size": 16,
  "far_budget": 8,
  "selection_strategy": "recency",
  "stress_mode": "control",
  "gate_mode": "learned_gate",
  "ppl_mean": 264.20379333496095,
  "ppl_std": 131.37351726769464,
  "ppl_ci_lo": 220.844422454834,
  "ppl_ci_hi": 312.7564296658834,
  "ppl_vs_dense_pct": -0.18795013849203873,
  "effective_kv_kept_tokens": 228.3375,
  "kv_read_bytes_per_token": 8417433.600000001,
  "gate_ms_per_token": 0.4729153879452497,
  "forward_ms_per_token": 0.25266489865316544,
  "enabled_rate": 0.69921875,
  "tokens_seen": 15360,
  "n_eval_batches": 30,
  "extra": {}
}