{
  "variant": "V8_ra_value",
  "seq_len": 1024,
  "seed": 3,
  "local_window": 128,
  "chunk_size": 16,
  "far_budget": 8,
  "selection_strategy": "ra_value",
  "stress_mode": "control",
  "gate_mode": "learned_gate",
  "ppl_mean": 267.25487213134767,
  "ppl_std": 97.62670361280047,
  "ppl_ci_lo": 232.42965151468914,
  "ppl_ci_hi": 306.2048416010539,
  "ppl_vs_dense_pct": 6.283499629944641,
  "effective_kv_kept_tokens": 198.4375,
  "kv_read_bytes_per_token": 7315200.0,
  "gate_ms_per_token": 0.6489200586656807,
  "forward_ms_per_token": 0.3156234861307894,
  "enabled_rate": 0.6997767857142855,
  "tokens_seen": 30720,
  "n_eval_batches": 30,
  "extra": {}
}