{
  "variant": "V8_ra_value",
  "seq_len": 512,
  "seed": 2,
  "local_window": 64,
  "chunk_size": 32,
  "far_budget": 4,
  "selection_strategy": "ra_value",
  "stress_mode": "control",
  "gate_mode": "learned_gate",
  "ppl_mean": 267.2386965433756,
  "ppl_std": 127.94062453445054,
  "ppl_ci_lo": 225.14938076019286,
  "ppl_ci_hi": 318.1676262029012,
  "ppl_vs_dense_pct": 7.390381307957046,
  "effective_kv_kept_tokens": 137.38333333333333,
  "kv_read_bytes_per_token": 5064499.199999999,
  "gate_ms_per_token": 0.5827721470268443,
  "forward_ms_per_token": 0.2598305709398119,
  "enabled_rate": 0.6986607142857145,
  "tokens_seen": 15360,
  "n_eval_batches": 30,
  "extra": {}
}