{
  "variant": "V8_recency",
  "seq_len": 512,
  "seed": 2,
  "local_window": 64,
  "chunk_size": 16,
  "far_budget": 8,
  "selection_strategy": "recency",
  "stress_mode": "control",
  "gate_mode": "learned_gate",
  "ppl_mean": 258.56429723103844,
  "ppl_std": 117.43820782222997,
  "ppl_ci_lo": 220.08031882603964,
  "ppl_ci_hi": 301.2846981811523,
  "ppl_vs_dense_pct": 3.9045573542461693,
  "effective_kv_kept_tokens": 137.559375,
  "kv_read_bytes_per_token": 5070988.8,
  "gate_ms_per_token": 0.5856021634826902,
  "forward_ms_per_token": 0.264892723862431,
  "enabled_rate": 0.6986607142857145,
  "tokens_seen": 15360,
  "n_eval_batches": 30,
  "extra": {}
}