{
  "variant": "V8_ra_value",
  "seq_len": 1024,
  "seed": 2,
  "local_window": 64,
  "chunk_size": 64,
  "far_budget": 2,
  "selection_strategy": "ra_value",
  "stress_mode": "control",
  "gate_mode": "learned_gate",
  "ppl_mean": 276.3355326334635,
  "ppl_std": 95.69693911467259,
  "ppl_ci_lo": 245.3148421605428,
  "ppl_ci_hi": 312.75846538543703,
  "ppl_vs_dense_pct": 14.822616070371076,
  "effective_kv_kept_tokens": 146.02083333333334,
  "kv_read_bytes_per_token": 5382912.0,
  "gate_ms_per_token": 0.6708053242618917,
  "forward_ms_per_token": 0.3138324927931535,
  "enabled_rate": 0.6999999999999997,
  "tokens_seen": 30720,
  "n_eval_batches": 30,
  "extra": {}
}