{
  "variant": "V8_ra_value",
  "seq_len": 512,
  "seed": 1,
  "local_window": 256,
  "chunk_size": 64,
  "far_budget": 2,
  "selection_strategy": "ra_value",
  "stress_mode": "control",
  "gate_mode": "learned_gate",
  "ppl_mean": 248.23422978719074,
  "ppl_std": 96.12880323601482,
  "ppl_ci_lo": 216.23328020731608,
  "ppl_ci_hi": 285.2777784792582,
  "ppl_vs_dense_pct": 0.1163291870177971,
  "effective_kv_kept_tokens": 226.45833333333334,
  "kv_read_bytes_per_token": 8348160.0,
  "gate_ms_per_token": 0.47425802040379494,
  "forward_ms_per_token": 0.2596115991764236,
  "enabled_rate": 0.69921875,
  "tokens_seen": 15360,
  "n_eval_batches": 30,
  "extra": {}
}