{
  "variant": "V8_ra_value",
  "seq_len": 1024,
  "seed": 1,
  "local_window": 256,
  "chunk_size": 16,
  "far_budget": 8,
  "selection_strategy": "ra_value",
  "stress_mode": "control",
  "gate_mode": "learned_gate",
  "ppl_mean": 266.8108963012695,
  "ppl_std": 95.75690473360496,
  "ppl_ci_lo": 233.11654251098633,
  "ppl_ci_hi": 305.3851668294271,
  "ppl_vs_dense_pct": 5.927602331824704,
  "effective_kv_kept_tokens": 291.25,
  "kv_read_bytes_per_token": 10736640.0,
  "gate_ms_per_token": 0.6281059504544828,
  "forward_ms_per_token": 0.2993982170664822,
  "enabled_rate": 0.69921875,
  "tokens_seen": 30720,
  "n_eval_batches": 30,
  "extra": {}
}