{
  "variant": "V8_recency",
  "seq_len": 1024,
  "seed": 1,
  "local_window": 128,
  "chunk_size": 32,
  "far_budget": 4,
  "selection_strategy": "recency",
  "stress_mode": "control",
  "gate_mode": "learned_gate",
  "ppl_mean": 291.52735799153646,
  "ppl_std": 99.58339764566213,
  "ppl_ci_lo": 258.8381188201904,
  "ppl_ci_hi": 330.72938212076826,
  "ppl_vs_dense_pct": 15.740378201443189,
  "effective_kv_kept_tokens": 198.43541666666667,
  "kv_read_bytes_per_token": 7315123.199999999,
  "gate_ms_per_token": 0.6664241545877303,
  "forward_ms_per_token": 0.3130194463665248,
  "enabled_rate": 0.6997767857142855,
  "tokens_seen": 30720,
  "n_eval_batches": 30,
  "extra": {}
}