{
  "variant": "V8_recency",
  "seq_len": 512,
  "seed": 1,
  "local_window": 64,
  "chunk_size": 32,
  "far_budget": 4,
  "selection_strategy": "recency",
  "stress_mode": "control",
  "gate_mode": "learned_gate",
  "ppl_mean": 260.7158871968587,
  "ppl_std": 102.07812538338236,
  "ppl_ci_lo": 226.59404305140177,
  "ppl_ci_hi": 298.9223799133301,
  "ppl_vs_dense_pct": 5.150355812182209,
  "effective_kv_kept_tokens": 136.99375,
  "kv_read_bytes_per_token": 5050137.600000001,
  "gate_ms_per_token": 0.5862448051630054,
  "forward_ms_per_token": 0.2515632895665476,
  "enabled_rate": 0.6986607142857145,
  "tokens_seen": 15360,
  "n_eval_batches": 30,
  "extra": {}
}