{
  "variant": "V8_ra_value",
  "seq_len": 1024,
  "seed": 2,
  "local_window": 256,
  "chunk_size": 16,
  "far_budget": 8,
  "selection_strategy": "ra_value",
  "stress_mode": "control",
  "gate_mode": "learned_gate",
  "ppl_mean": 249.47185440063475,
  "ppl_std": 83.27105018459056,
  "ppl_ci_lo": 221.9792120552063,
  "ppl_ci_hi": 280.3399826494853,
  "ppl_vs_dense_pct": 3.6602520320933944,
  "effective_kv_kept_tokens": 291.25,
  "kv_read_bytes_per_token": 10736640.0,
  "gate_ms_per_token": 0.620194884504599,
  "forward_ms_per_token": 0.30512901139445603,
  "enabled_rate": 0.69921875,
  "tokens_seen": 30720,
  "n_eval_batches": 30,
  "extra": {}
}