{
  "variant": "V8_ra_value",
  "seq_len": 2048,
  "seed": 1,
  "local_window": 256,
  "chunk_size": 64,
  "far_budget": 2,
  "selection_strategy": "ra_value",
  "stress_mode": "control",
  "gate_mode": "learned_gate",
  "ppl_mean": 293.29939931233724,
  "ppl_std": 83.24200774779878,
  "ppl_ci_lo": 264.79990735371905,
  "ppl_ci_hi": 324.93423301696777,
  "ppl_vs_dense_pct": 9.377760678444067,
  "effective_kv_kept_tokens": 318.4375,
  "kv_read_bytes_per_token": 11738880.0,
  "gate_ms_per_token": 0.8652155465824762,
  "forward_ms_per_token": 0.48625359659126843,
  "enabled_rate": 0.6997767857142855,
  "tokens_seen": 61440,
  "n_eval_batches": 30,
  "extra": {}
}