{
  "variant": "V8_recency",
  "seq_len": 1024,
  "seed": 3,
  "local_window": 128,
  "chunk_size": 32,
  "far_budget": 4,
  "selection_strategy": "recency",
  "stress_mode": "control",
  "gate_mode": "learned_gate",
  "ppl_mean": 288.21349080403644,
  "ppl_std": 104.69152662795238,
  "ppl_ci_lo": 252.0332298787435,
  "ppl_ci_hi": 325.93748037974035,
  "ppl_vs_dense_pct": 14.618447173382098,
  "effective_kv_kept_tokens": 198.4375,
  "kv_read_bytes_per_token": 7315200.0,
  "gate_ms_per_token": 0.6564751429323223,
  "forward_ms_per_token": 0.31242139266396407,
  "enabled_rate": 0.6997767857142855,
  "tokens_seen": 30720,
  "n_eval_batches": 30,
  "extra": {}
}