{
  "variant": "V8_ra_value",
  "seq_len": 512,
  "seed": 2,
  "local_window": 128,
  "chunk_size": 32,
  "far_budget": 4,
  "selection_strategy": "ra_value",
  "stress_mode": "control",
  "gate_mode": "learned_gate",
  "ppl_mean": 250.30872497558593,
  "ppl_std": 118.09503412994096,
  "ppl_ci_lo": 211.3596711476644,
  "ppl_ci_hi": 297.7490283584595,
  "ppl_vs_dense_pct": 0.5870398543636768,
  "effective_kv_kept_tokens": 177.89583333333334,
  "kv_read_bytes_per_token": 6557952.0,
  "gate_ms_per_token": 0.5469751613418339,
  "forward_ms_per_token": 0.2608741051517427,
  "enabled_rate": 0.7005208333333331,
  "tokens_seen": 15360,
  "n_eval_batches": 30,
  "extra": {}
}