{
  "variant": "V8_ra_value",
  "seq_len": 512,
  "seed": 1,
  "local_window": 128,
  "chunk_size": 16,
  "far_budget": 8,
  "selection_strategy": "ra_value",
  "stress_mode": "control",
  "gate_mode": "learned_gate",
  "ppl_mean": 251.82543512980143,
  "ppl_std": 96.70295451370465,
  "ppl_ci_lo": 219.92606805165607,
  "ppl_ci_hi": 289.66839031855267,
  "ppl_vs_dense_pct": 1.5647124199313984,
  "effective_kv_kept_tokens": 178.3875,
  "kv_read_bytes_per_token": 6576076.799999999,
  "gate_ms_per_token": 0.5497781912708888,
  "forward_ms_per_token": 0.2672797709237784,
  "enabled_rate": 0.7005208333333331,
  "tokens_seen": 15360,
  "n_eval_batches": 30,
  "extra": {}
}