{
  "variant": "V8_recency",
  "seq_len": 1024,
  "seed": 3,
  "local_window": 256,
  "chunk_size": 64,
  "far_budget": 2,
  "selection_strategy": "recency",
  "stress_mode": "control",
  "gate_mode": "learned_gate",
  "ppl_mean": 268.58911514282227,
  "ppl_std": 99.41862556109832,
  "ppl_ci_lo": 235.19296909332277,
  "ppl_ci_hi": 305.53066034317015,
  "ppl_vs_dense_pct": 6.8141092891265425,
  "effective_kv_kept_tokens": 291.25,
  "kv_read_bytes_per_token": 10736640.0,
  "gate_ms_per_token": 0.6219098513611243,
  "forward_ms_per_token": 0.2929554821093916,
  "enabled_rate": 0.69921875,
  "tokens_seen": 30720,
  "n_eval_batches": 30,
  "extra": {}
}