{
  "variant": "V8_ra_value",
  "seq_len": 2048,
  "seed": 2,
  "local_window": 64,
  "chunk_size": 64,
  "far_budget": 2,
  "selection_strategy": "ra_value",
  "stress_mode": "control",
  "gate_mode": "learned_gate",
  "ppl_mean": 278.8390955607096,
  "ppl_std": 62.04975726870209,
  "ppl_ci_lo": 257.15813611348466,
  "ppl_ci_hi": 301.08355487823485,
  "ppl_vs_dense_pct": 12.54096456340773,
  "effective_kv_kept_tokens": 149.828125,
  "kv_read_bytes_per_token": 5523264.0,
  "gate_ms_per_token": 0.8561422223465343,
  "forward_ms_per_token": 0.4867600709985709,
  "enabled_rate": 0.7001008064516127,
  "tokens_seen": 61440,
  "n_eval_batches": 30,
  "extra": {}
}