{
  "variant": "V8_recency",
  "seq_len": 512,
  "seed": 1,
  "local_window": 256,
  "chunk_size": 16,
  "far_budget": 8,
  "selection_strategy": "recency",
  "stress_mode": "control",
  "gate_mode": "learned_gate",
  "ppl_mean": 247.33345006306965,
  "ppl_std": 95.20967260193135,
  "ppl_ci_lo": 215.66903718312582,
  "ppl_ci_hi": 283.2777351697286,
  "ppl_vs_dense_pct": -0.24696784684578998,
  "effective_kv_kept_tokens": 230.01770833333333,
  "kv_read_bytes_per_token": 8479372.8,
  "gate_ms_per_token": 0.4518251553236041,
  "forward_ms_per_token": 0.24758131803537253,
  "enabled_rate": 0.69921875,
  "tokens_seen": 15360,
  "n_eval_batches": 30,
  "extra": {}
}