{
  "variant": "V8_ra_value",
  "seq_len": 1024,
  "seed": 2,
  "local_window": 128,
  "chunk_size": 32,
  "far_budget": 4,
  "selection_strategy": "ra_value",
  "stress_mode": "control",
  "gate_mode": "learned_gate",
  "ppl_mean": 259.74522298177084,
  "ppl_std": 88.79074647735654,
  "ppl_ci_lo": 230.71577668507894,
  "ppl_ci_hi": 293.3969715245565,
  "ppl_vs_dense_pct": 7.929030082818649,
  "effective_kv_kept_tokens": 198.43645833333332,
  "kv_read_bytes_per_token": 7315161.6,
  "gate_ms_per_token": 0.6602204812224954,
  "forward_ms_per_token": 0.3167234990542056,
  "enabled_rate": 0.6997767857142855,
  "tokens_seen": 30720,
  "n_eval_batches": 30,
  "extra": {}
}