{
  "variant": "V8_recency",
  "seq_len": 512,
  "seed": 1,
  "local_window": 256,
  "chunk_size": 32,
  "far_budget": 4,
  "selection_strategy": "recency",
  "stress_mode": "control",
  "gate_mode": "learned_gate",
  "ppl_mean": 247.38111724853516,
  "ppl_std": 95.32352743975936,
  "ppl_ci_lo": 215.65045055389405,
  "ppl_ci_hi": 283.31084206899004,
  "ppl_vs_dense_pct": -0.22774300571257794,
  "effective_kv_kept_tokens": 228.86666666666667,
  "kv_read_bytes_per_token": 8436940.8,
  "gate_ms_per_token": 0.4664263815357117,
  "forward_ms_per_token": 0.2526577409298625,
  "enabled_rate": 0.69921875,
  "tokens_seen": 15360,
  "n_eval_batches": 30,
  "extra": {}
}