{
  "variant": "V8_recency",
  "seq_len": 1024,
  "seed": 3,
  "local_window": 64,
  "chunk_size": 32,
  "far_budget": 4,
  "selection_strategy": "recency",
  "stress_mode": "control",
  "gate_mode": "learned_gate",
  "ppl_mean": 304.8380610148112,
  "ppl_std": 109.4356365169743,
  "ppl_ci_lo": 267.5537323888143,
  "ppl_ci_hi": 343.2900749460856,
  "ppl_vs_dense_pct": 21.229804668022958,
  "effective_kv_kept_tokens": 146.03125,
  "kv_read_bytes_per_token": 5383296.0,
  "gate_ms_per_token": 0.6629942772633513,
  "forward_ms_per_token": 0.3039077782887034,
  "enabled_rate": 0.6999999999999997,
  "tokens_seen": 30720,
  "n_eval_batches": 30,
  "extra": {}
}