{
  "variant": "V8_recency",
  "seq_len": 1024,
  "seed": 2,
  "local_window": 128,
  "chunk_size": 32,
  "far_budget": 4,
  "selection_strategy": "recency",
  "stress_mode": "control",
  "gate_mode": "learned_gate",
  "ppl_mean": 277.72088724772135,
  "ppl_std": 92.37590083818735,
  "ppl_ci_lo": 247.47595601399738,
  "ppl_ci_hi": 311.61775849660233,
  "ppl_vs_dense_pct": 15.3982569931229,
  "effective_kv_kept_tokens": 198.43645833333332,
  "kv_read_bytes_per_token": 7315161.6,
  "gate_ms_per_token": 0.6588370679310174,
  "forward_ms_per_token": 0.3140612961942679,
  "enabled_rate": 0.6997767857142855,
  "tokens_seen": 30720,
  "n_eval_batches": 30,
  "extra": {}
}