{
  "variant": "V8_ra_value",
  "seq_len": 512,
  "seed": 3,
  "local_window": 64,
  "chunk_size": 32,
  "far_budget": 4,
  "selection_strategy": "ra_value",
  "stress_mode": "control",
  "gate_mode": "learned_gate",
  "ppl_mean": 282.19153289794923,
  "ppl_std": 136.63502289024737,
  "ppl_ci_lo": 233.00852639516197,
  "ppl_ci_hi": 336.21457852681476,
  "ppl_vs_dense_pct": 6.607535783546119,
  "effective_kv_kept_tokens": 137.525,
  "kv_read_bytes_per_token": 5069721.600000001,
  "gate_ms_per_token": 0.5887367060495308,
  "forward_ms_per_token": 0.26305019673600327,
  "enabled_rate": 0.6986607142857145,
  "tokens_seen": 15360,
  "n_eval_batches": 30,
  "extra": {}
}