{
  "variant": "V8_ra_value",
  "seq_len": 2048,
  "seed": 2,
  "local_window": 256,
  "chunk_size": 64,
  "far_budget": 2,
  "selection_strategy": "ra_value",
  "stress_mode": "control",
  "gate_mode": "learned_gate",
  "ppl_mean": 268.3557149251302,
  "ppl_std": 56.830505801650126,
  "ppl_ci_lo": 248.38203420003256,
  "ppl_ci_hi": 288.42388973236086,
  "ppl_vs_dense_pct": 8.309815533745978,
  "effective_kv_kept_tokens": 318.4375,
  "kv_read_bytes_per_token": 11738880.0,
  "gate_ms_per_token": 0.8641572408123466,
  "forward_ms_per_token": 0.4859013733948814,
  "enabled_rate": 0.6997767857142855,
  "tokens_seen": 61440,
  "n_eval_batches": 30,
  "extra": {}
}