{
  "variant": "V8_ra_value",
  "seq_len": 1024,
  "seed": 2,
  "local_window": 64,
  "chunk_size": 16,
  "far_budget": 8,
  "selection_strategy": "ra_value",
  "stress_mode": "control",
  "gate_mode": "learned_gate",
  "ppl_mean": 272.4915537516276,
  "ppl_std": 94.69360073049629,
  "ppl_ci_lo": 242.0361933517456,
  "ppl_ci_hi": 308.66193022410073,
  "ppl_vs_dense_pct": 13.225370478660976,
  "effective_kv_kept_tokens": 146.02864583333334,
  "kv_read_bytes_per_token": 5383200.0,
  "gate_ms_per_token": 0.6656402438238729,
  "forward_ms_per_token": 0.3157995524816215,
  "enabled_rate": 0.6999999999999997,
  "tokens_seen": 30720,
  "n_eval_batches": 30,
  "extra": {}
}