{
  "variant": "V8_recency",
  "seq_len": 1024,
  "seed": 1,
  "local_window": 256,
  "chunk_size": 32,
  "far_budget": 4,
  "selection_strategy": "recency",
  "stress_mode": "control",
  "gate_mode": "learned_gate",
  "ppl_mean": 270.50489908854166,
  "ppl_std": 93.50729615691334,
  "ppl_ci_lo": 240.0026806640625,
  "ppl_ci_hi": 307.36648882548013,
  "ppl_vs_dense_pct": 7.394172339598988,
  "effective_kv_kept_tokens": 291.24791666666664,
  "kv_read_bytes_per_token": 10736563.2,
  "gate_ms_per_token": 0.6215191151568433,
  "forward_ms_per_token": 0.2964003115266678,
  "enabled_rate": 0.69921875,
  "tokens_seen": 30720,
  "n_eval_batches": 30,
  "extra": {}
}