{
  "variant": "V8_ra_value",
  "seq_len": 512,
  "seed": 1,
  "local_window": 64,
  "chunk_size": 64,
  "far_budget": 2,
  "selection_strategy": "ra_value",
  "stress_mode": "control",
  "gate_mode": "learned_gate",
  "ppl_mean": 272.0164909362793,
  "ppl_std": 109.05494291640304,
  "ppl_ci_lo": 237.19674974441529,
  "ppl_ci_hi": 313.58120962778725,
  "ppl_vs_dense_pct": 9.70804700955573,
  "effective_kv_kept_tokens": 136.24583333333334,
  "kv_read_bytes_per_token": 5022566.4,
  "gate_ms_per_token": 0.5878969986952143,
  "forward_ms_per_token": 0.26148654978896957,
  "enabled_rate": 0.6986607142857145,
  "tokens_seen": 15360,
  "n_eval_batches": 30,
  "extra": {}
}