{
  "variant": "V8_recency",
  "seq_len": 2048,
  "seed": 2,
  "local_window": 256,
  "chunk_size": 16,
  "far_budget": 8,
  "selection_strategy": "recency",
  "stress_mode": "control",
  "gate_mode": "learned_gate",
  "ppl_mean": 285.6850189208984,
  "ppl_std": 62.509476588551884,
  "ppl_ci_lo": 262.40091897328693,
  "ppl_ci_hi": 307.33336849212645,
  "ppl_vs_dense_pct": 15.304016196226808,
  "effective_kv_kept_tokens": 318.4375,
  "kv_read_bytes_per_token": 11738880.0,
  "gate_ms_per_token": 0.8785214022282162,
  "forward_ms_per_token": 0.4869135932494828,
  "enabled_rate": 0.6997767857142855,
  "tokens_seen": 61440,
  "n_eval_batches": 30,
  "extra": {}
}