{
  "variant": "V8_ra_value",
  "seq_len": 512,
  "seed": 2,
  "local_window": 256,
  "chunk_size": 16,
  "far_budget": 8,
  "selection_strategy": "ra_value",
  "stress_mode": "control",
  "gate_mode": "learned_gate",
  "ppl_mean": 245.16338094075522,
  "ppl_std": 115.21764501644965,
  "ppl_ci_lo": 207.05002407073974,
  "ppl_ci_hi": 291.78878972371416,
  "ppl_vs_dense_pct": -1.4806264866574346,
  "effective_kv_kept_tokens": 230.36770833333333,
  "kv_read_bytes_per_token": 8492275.2,
  "gate_ms_per_token": 0.468730990178301,
  "forward_ms_per_token": 0.25373346761625726,
  "enabled_rate": 0.69921875,
  "tokens_seen": 15360,
  "n_eval_batches": 30,
  "extra": {}
}