{
  "variant": "V8_ra_value",
  "seq_len": 512,
  "seed": 1,
  "local_window": 64,
  "chunk_size": 16,
  "far_budget": 8,
  "selection_strategy": "ra_value",
  "stress_mode": "control",
  "gate_mode": "learned_gate",
  "ppl_mean": 267.600385538737,
  "ppl_std": 103.6606801815399,
  "ppl_ci_lo": 234.1448421351115,
  "ppl_ci_hi": 307.36336376190184,
  "ppl_vs_dense_pct": 7.926970072326155,
  "effective_kv_kept_tokens": 137.28854166666667,
  "kv_read_bytes_per_token": 5061004.800000001,
  "gate_ms_per_token": 0.6071203006285941,
  "forward_ms_per_token": 0.2971778012579307,
  "enabled_rate": 0.6986607142857145,
  "tokens_seen": 15360,
  "n_eval_batches": 30,
  "extra": {}
}