{
  "variant": "V8_ra_value",
  "seq_len": 1024,
  "seed": 1,
  "local_window": 128,
  "chunk_size": 32,
  "far_budget": 4,
  "selection_strategy": "ra_value",
  "stress_mode": "control",
  "gate_mode": "learned_gate",
  "ppl_mean": 278.0191034952799,
  "ppl_std": 100.0295552732105,
  "ppl_ci_lo": 243.20795665740968,
  "ppl_ci_hi": 317.190406366984,
  "ppl_vs_dense_pct": 10.377415030475658,
  "effective_kv_kept_tokens": 198.4375,
  "kv_read_bytes_per_token": 7315200.0,
  "gate_ms_per_token": 0.6558986915479181,
  "forward_ms_per_token": 0.3151559076286503,
  "enabled_rate": 0.6997767857142855,
  "tokens_seen": 30720,
  "n_eval_batches": 30,
  "extra": {}
}