{
  "variant": "V8_ra_value",
  "seq_len": 1024,
  "seed": 1,
  "local_window": 128,
  "chunk_size": 16,
  "far_budget": 8,
  "selection_strategy": "ra_value",
  "stress_mode": "control",
  "gate_mode": "learned_gate",
  "ppl_mean": 278.35343577067056,
  "ppl_std": 100.05259796252075,
  "ppl_ci_lo": 243.66653535207112,
  "ppl_ci_hi": 317.4390003967285,
  "ppl_vs_dense_pct": 10.51014955071161,
  "effective_kv_kept_tokens": 198.4375,
  "kv_read_bytes_per_token": 7315200.0,
  "gate_ms_per_token": 0.6469447580457199,
  "forward_ms_per_token": 0.3114884320893907,
  "enabled_rate": 0.6997767857142855,
  "tokens_seen": 30720,
  "n_eval_batches": 30,
  "extra": {}
}