{
  "variant": "V8_ra_value",
  "seq_len": 1024,
  "seed": 1,
  "local_window": 128,
  "chunk_size": 64,
  "far_budget": 2,
  "selection_strategy": "ra_value",
  "stress_mode": "control",
  "gate_mode": "learned_gate",
  "ppl_mean": 277.5680898030599,
  "ppl_std": 100.08853314613005,
  "ppl_ci_lo": 242.83310674031574,
  "ppl_ci_hi": 316.53609606424965,
  "ppl_vs_dense_pct": 10.198356379955822,
  "effective_kv_kept_tokens": 198.4375,
  "kv_read_bytes_per_token": 7315200.0,
  "gate_ms_per_token": 0.6614565299969399,
  "forward_ms_per_token": 0.31509313703281805,
  "enabled_rate": 0.6997767857142855,
  "tokens_seen": 30720,
  "n_eval_batches": 30,
  "extra": {}
}