{
  "variant": "V8_recency",
  "seq_len": 512,
  "seed": 2,
  "local_window": 64,
  "chunk_size": 32,
  "far_budget": 4,
  "selection_strategy": "recency",
  "stress_mode": "control",
  "gate_mode": "learned_gate",
  "ppl_mean": 258.7825637817383,
  "ppl_std": 117.30406129576151,
  "ppl_ci_lo": 220.1943733215332,
  "ppl_ci_hi": 301.11604956309,
  "ppl_vs_dense_pct": 3.992268185086218,
  "effective_kv_kept_tokens": 137.34583333333333,
  "kv_read_bytes_per_token": 5063116.800000001,
  "gate_ms_per_token": 0.5827112108818255,
  "forward_ms_per_token": 0.25474816720816307,
  "enabled_rate": 0.6986607142857145,
  "tokens_seen": 15360,
  "n_eval_batches": 30,
  "extra": {}
}