{
  "variant": "V8_recency",
  "seq_len": 2048,
  "seed": 2,
  "local_window": 64,
  "chunk_size": 16,
  "far_budget": 8,
  "selection_strategy": "recency",
  "stress_mode": "control",
  "gate_mode": "learned_gate",
  "ppl_mean": 311.6609491984049,
  "ppl_std": 69.70422421667145,
  "ppl_ci_lo": 285.55247497558594,
  "ppl_ci_hi": 336.317525138855,
  "ppl_vs_dense_pct": 25.788041913581527,
  "effective_kv_kept_tokens": 149.828125,
  "kv_read_bytes_per_token": 5523264.0,
  "gate_ms_per_token": 0.8547601100872271,
  "forward_ms_per_token": 0.49127224565381766,
  "enabled_rate": 0.7001008064516127,
  "tokens_seen": 61440,
  "n_eval_batches": 30,
  "extra": {}
}