{
  "variant": "V8_recency",
  "seq_len": 512,
  "seed": 3,
  "local_window": 256,
  "chunk_size": 32,
  "far_budget": 4,
  "selection_strategy": "recency",
  "stress_mode": "control",
  "gate_mode": "learned_gate",
  "ppl_mean": 264.2461575826009,
  "ppl_std": 131.4223909395238,
  "ppl_ci_lo": 220.8515302213033,
  "ppl_ci_hi": 312.8105684407552,
  "ppl_vs_dense_pct": -0.17194559009244517,
  "effective_kv_kept_tokens": 227.16458333333333,
  "kv_read_bytes_per_token": 8374195.199999999,
  "gate_ms_per_token": 0.4596809703798499,
  "forward_ms_per_token": 0.2544436083553592,
  "enabled_rate": 0.69921875,
  "tokens_seen": 15360,
  "n_eval_batches": 30,
  "extra": {}
}