{
  "variant": "V8_recency",
  "seq_len": 1024,
  "seed": 3,
  "local_window": 256,
  "chunk_size": 32,
  "far_budget": 4,
  "selection_strategy": "recency",
  "stress_mode": "control",
  "gate_mode": "learned_gate",
  "ppl_mean": 269.250390625,
  "ppl_std": 99.64764260488752,
  "ppl_ci_lo": 235.72027553558348,
  "ppl_ci_hi": 306.30425000508626,
  "ppl_vs_dense_pct": 7.077089237461363,
  "effective_kv_kept_tokens": 291.25,
  "kv_read_bytes_per_token": 10736640.0,
  "gate_ms_per_token": 0.629199071227049,
  "forward_ms_per_token": 0.2968447142848163,
  "enabled_rate": 0.69921875,
  "tokens_seen": 30720,
  "n_eval_batches": 30,
  "extra": {}
}