{
  "variant": "V8_ra_value",
  "seq_len": 1024,
  "seed": 2,
  "local_window": 256,
  "chunk_size": 64,
  "far_budget": 2,
  "selection_strategy": "ra_value",
  "stress_mode": "control",
  "gate_mode": "learned_gate",
  "ppl_mean": 249.06123911539714,
  "ppl_std": 83.03611688618771,
  "ppl_ci_lo": 221.7272954686483,
  "ppl_ci_hi": 279.7771109135945,
  "ppl_vs_dense_pct": 3.489633650880718,
  "effective_kv_kept_tokens": 291.25,
  "kv_read_bytes_per_token": 10736640.0,
  "gate_ms_per_token": 0.6207499955053208,
  "forward_ms_per_token": 0.29706311306654243,
  "enabled_rate": 0.69921875,
  "tokens_seen": 30720,
  "n_eval_batches": 30,
  "extra": {}
}