{
  "variant": "V8_recency",
  "seq_len": 1024,
  "seed": 3,
  "local_window": 64,
  "chunk_size": 16,
  "far_budget": 8,
  "selection_strategy": "recency",
  "stress_mode": "control",
  "gate_mode": "learned_gate",
  "ppl_mean": 306.66590423583983,
  "ppl_std": 109.9320284430283,
  "ppl_ci_lo": 269.13778766632083,
  "ppl_ci_hi": 345.3755145136515,
  "ppl_vs_dense_pct": 21.956712180527777,
  "effective_kv_kept_tokens": 146.03125,
  "kv_read_bytes_per_token": 5383296.0,
  "gate_ms_per_token": 0.6616018636123044,
  "forward_ms_per_token": 0.3059753698835266,
  "enabled_rate": 0.6999999999999997,
  "tokens_seen": 30720,
  "n_eval_batches": 30,
  "extra": {}
}