{
  "variant": "V8_recency",
  "seq_len": 1024,
  "seed": 2,
  "local_window": 256,
  "chunk_size": 64,
  "far_budget": 2,
  "selection_strategy": "recency",
  "stress_mode": "control",
  "gate_mode": "learned_gate",
  "ppl_mean": 257.4218510945638,
  "ppl_std": 84.18892392604994,
  "ppl_ci_lo": 230.10739036560057,
  "ppl_ci_hi": 287.81532979329427,
  "ppl_vs_dense_pct": 6.963625324150416,
  "effective_kv_kept_tokens": 291.25,
  "kv_read_bytes_per_token": 10736640.0,
  "gate_ms_per_token": 0.6261188827920705,
  "forward_ms_per_token": 0.29360290773183806,
  "enabled_rate": 0.69921875,
  "tokens_seen": 30720,
  "n_eval_batches": 30,
  "extra": {}
}