{
  "variant": "V8_recency",
  "seq_len": 2048,
  "seed": 1,
  "local_window": 128,
  "chunk_size": 16,
  "far_budget": 8,
  "selection_strategy": "recency",
  "stress_mode": "control",
  "gate_mode": "learned_gate",
  "ppl_mean": 323.51016896565756,
  "ppl_std": 87.86485855329151,
  "ppl_ci_lo": 293.6516873423259,
  "ppl_ci_hi": 353.80703578948976,
  "ppl_vs_dense_pct": 20.644017414052307,
  "effective_kv_kept_tokens": 208.03125,
  "kv_read_bytes_per_token": 7668864.0,
  "gate_ms_per_token": 0.8493879695379292,
  "forward_ms_per_token": 0.4783586523444683,
  "enabled_rate": 0.6999999999999997,
  "tokens_seen": 61440,
  "n_eval_batches": 30,
  "extra": {}
}