{
  "variant": "V8_ra_value",
  "seq_len": 1024,
  "seed": 2,
  "local_window": 64,
  "chunk_size": 32,
  "far_budget": 4,
  "selection_strategy": "ra_value",
  "stress_mode": "control",
  "gate_mode": "learned_gate",
  "ppl_mean": 271.30185852050784,
  "ppl_std": 95.14849643154182,
  "ppl_ci_lo": 240.75182637532552,
  "ppl_ci_hi": 308.33810986836755,
  "ppl_vs_dense_pct": 12.731029713064219,
  "effective_kv_kept_tokens": 146.02604166666666,
  "kv_read_bytes_per_token": 5383104.0,
  "gate_ms_per_token": 0.6699307277813205,
  "forward_ms_per_token": 0.3087402028540964,
  "enabled_rate": 0.6999999999999997,
  "tokens_seen": 30720,
  "n_eval_batches": 30,
  "extra": {}
}