{
  "variant": "V8_recency",
  "seq_len": 1024,
  "seed": 1,
  "local_window": 128,
  "chunk_size": 64,
  "far_budget": 2,
  "selection_strategy": "recency",
  "stress_mode": "control",
  "gate_mode": "learned_gate",
  "ppl_mean": 289.985194905599,
  "ppl_std": 99.2346988591075,
  "ppl_ci_lo": 257.4885783259074,
  "ppl_ci_hi": 328.92872619628906,
  "ppl_vs_dense_pct": 15.128118206208399,
  "effective_kv_kept_tokens": 198.43541666666667,
  "kv_read_bytes_per_token": 7315123.199999999,
  "gate_ms_per_token": 0.6578245256605442,
  "forward_ms_per_token": 0.3153511961500044,
  "enabled_rate": 0.6997767857142855,
  "tokens_seen": 30720,
  "n_eval_batches": 30,
  "extra": {}
}