{
  "variant": "V8_ra_value",
  "seq_len": 512,
  "seed": 3,
  "local_window": 128,
  "chunk_size": 32,
  "far_budget": 4,
  "selection_strategy": "ra_value",
  "stress_mode": "control",
  "gate_mode": "learned_gate",
  "ppl_mean": 263.78481165568036,
  "ppl_std": 130.9993280704252,
  "ppl_ci_lo": 216.48016483942666,
  "ppl_ci_hi": 314.26996711730953,
  "ppl_vs_dense_pct": -0.3462348464273012,
  "effective_kv_kept_tokens": 177.52083333333334,
  "kv_read_bytes_per_token": 6544128.0,
  "gate_ms_per_token": 0.5476213937072316,
  "forward_ms_per_token": 0.2615847970446339,
  "enabled_rate": 0.7005208333333331,
  "tokens_seen": 15360,
  "n_eval_batches": 30,
  "extra": {}
}