{
  "variant": "V8_ra_value",
  "seq_len": 1024,
  "seed": 3,
  "local_window": 64,
  "chunk_size": 64,
  "far_budget": 2,
  "selection_strategy": "ra_value",
  "stress_mode": "control",
  "gate_mode": "learned_gate",
  "ppl_mean": 280.4618865966797,
  "ppl_std": 104.46358636592804,
  "ppl_ci_lo": 243.327858060201,
  "ppl_ci_hi": 322.4292117055257,
  "ppl_vs_dense_pct": 11.535743324678553,
  "effective_kv_kept_tokens": 146.03125,
  "kv_read_bytes_per_token": 5383296.0,
  "gate_ms_per_token": 0.6590591856365791,
  "forward_ms_per_token": 0.3062741880057729,
  "enabled_rate": 0.6999999999999997,
  "tokens_seen": 30720,
  "n_eval_batches": 30,
  "extra": {}
}