{
  "variant": "V8_recency",
  "seq_len": 2048,
  "seed": 1,
  "local_window": 128,
  "chunk_size": 32,
  "far_budget": 4,
  "selection_strategy": "recency",
  "stress_mode": "control",
  "gate_mode": "learned_gate",
  "ppl_mean": 322.97644399007163,
  "ppl_std": 87.94041416623678,
  "ppl_ci_lo": 293.0478784306844,
  "ppl_ci_hi": 353.3512577056884,
  "ppl_vs_dense_pct": 20.444979697696198,
  "effective_kv_kept_tokens": 208.03125,
  "kv_read_bytes_per_token": 7668864.0,
  "gate_ms_per_token": 0.8516079738001281,
  "forward_ms_per_token": 0.47313290860984125,
  "enabled_rate": 0.6999999999999997,
  "tokens_seen": 61440,
  "n_eval_batches": 30,
  "extra": {}
}