{
  "variant": "V8_ra_value",
  "seq_len": 512,
  "seed": 2,
  "local_window": 256,
  "chunk_size": 64,
  "far_budget": 2,
  "selection_strategy": "ra_value",
  "stress_mode": "control",
  "gate_mode": "learned_gate",
  "ppl_mean": 245.74567057291668,
  "ppl_std": 115.70488942522226,
  "ppl_ci_lo": 207.4143535486857,
  "ppl_ci_hi": 292.2655431874593,
  "ppl_vs_dense_pct": -1.2466322843270103,
  "effective_kv_kept_tokens": 226.92916666666667,
  "kv_read_bytes_per_token": 8365516.800000001,
  "gate_ms_per_token": 0.4621474945452064,
  "forward_ms_per_token": 0.25712780552566983,
  "enabled_rate": 0.69921875,
  "tokens_seen": 15360,
  "n_eval_batches": 30,
  "extra": {}
}