{
  "variant": "V8_ra_value",
  "seq_len": 1024,
  "seed": 3,
  "local_window": 128,
  "chunk_size": 32,
  "far_budget": 4,
  "selection_strategy": "ra_value",
  "stress_mode": "control",
  "gate_mode": "learned_gate",
  "ppl_mean": 266.80480880737304,
  "ppl_std": 97.8627415787288,
  "ppl_ci_lo": 231.87445793151858,
  "ppl_ci_hi": 305.59388310750325,
  "ppl_vs_dense_pct": 6.104515783006202,
  "effective_kv_kept_tokens": 198.4375,
  "kv_read_bytes_per_token": 7315200.0,
  "gate_ms_per_token": 0.6550265861733351,
  "forward_ms_per_token": 0.31713477710582083,
  "enabled_rate": 0.6997767857142855,
  "tokens_seen": 30720,
  "n_eval_batches": 30,
  "extra": {}
}