{
  "variant": "V8_ra_value",
  "seq_len": 2048,
  "seed": 2,
  "local_window": 256,
  "chunk_size": 16,
  "far_budget": 8,
  "selection_strategy": "ra_value",
  "stress_mode": "control",
  "gate_mode": "learned_gate",
  "ppl_mean": 268.11363830566404,
  "ppl_std": 56.700943017136,
  "ppl_ci_lo": 248.24596749623618,
  "ppl_ci_hi": 288.1502783203125,
  "ppl_vs_dense_pct": 8.21211210303377,
  "effective_kv_kept_tokens": 318.4375,
  "kv_read_bytes_per_token": 11738880.0,
  "gate_ms_per_token": 0.8778679189163086,
  "forward_ms_per_token": 0.4959653351761517,
  "enabled_rate": 0.6997767857142855,
  "tokens_seen": 61440,
  "n_eval_batches": 30,
  "extra": {}
}