{
  "variant": "V8_recency",
  "seq_len": 1024,
  "seed": 3,
  "local_window": 128,
  "chunk_size": 16,
  "far_budget": 8,
  "selection_strategy": "recency",
  "stress_mode": "control",
  "gate_mode": "learned_gate",
  "ppl_mean": 289.40297648111977,
  "ppl_std": 105.0379578707669,
  "ppl_ci_lo": 253.08872196197512,
  "ppl_ci_hi": 327.15593313852946,
  "ppl_vs_dense_pct": 15.091488878896742,
  "effective_kv_kept_tokens": 198.4375,
  "kv_read_bytes_per_token": 7315200.0,
  "gate_ms_per_token": 0.646611812953779,
  "forward_ms_per_token": 0.3066783383474103,
  "enabled_rate": 0.6997767857142855,
  "tokens_seen": 30720,
  "n_eval_batches": 30,
  "extra": {}
}