{
  "variant": "V8_ra_value",
  "seq_len": 1024,
  "seed": 1,
  "local_window": 256,
  "chunk_size": 64,
  "far_budget": 2,
  "selection_strategy": "ra_value",
  "stress_mode": "control",
  "gate_mode": "learned_gate",
  "ppl_mean": 266.36597646077473,
  "ppl_std": 95.42059538921461,
  "ppl_ci_lo": 232.93771237691246,
  "ppl_ci_hi": 305.1179622650146,
  "ppl_vs_dense_pct": 5.750963024409561,
  "effective_kv_kept_tokens": 291.25,
  "kv_read_bytes_per_token": 10736640.0,
  "gate_ms_per_token": 0.632873639005993,
  "forward_ms_per_token": 0.2956186681331019,
  "enabled_rate": 0.69921875,
  "tokens_seen": 30720,
  "n_eval_batches": 30,
  "extra": {}
}