{
  "variant": "V8_ra_value",
  "seq_len": 2048,
  "seed": 1,
  "local_window": 128,
  "chunk_size": 32,
  "far_budget": 4,
  "selection_strategy": "ra_value",
  "stress_mode": "control",
  "gate_mode": "learned_gate",
  "ppl_mean": 297.2069351196289,
  "ppl_std": 86.68777097232862,
  "ppl_ci_lo": 267.03004886627195,
  "ppl_ci_hi": 330.73447558085127,
  "ppl_vs_dense_pct": 10.834966241682393,
  "effective_kv_kept_tokens": 208.03125,
  "kv_read_bytes_per_token": 7668864.0,
  "gate_ms_per_token": 0.8540695889678318,
  "forward_ms_per_token": 0.4774561998601712,
  "enabled_rate": 0.6999999999999997,
  "tokens_seen": 61440,
  "n_eval_batches": 30,
  "extra": {}
}