{
  "variant": "V8_recency",
  "seq_len": 2048,
  "seed": 2,
  "local_window": 64,
  "chunk_size": 64,
  "far_budget": 2,
  "selection_strategy": "recency",
  "stress_mode": "control",
  "gate_mode": "learned_gate",
  "ppl_mean": 309.4117360432943,
  "ppl_std": 69.08352916925631,
  "ppl_ci_lo": 283.2853503036499,
  "ppl_ci_hi": 333.9896091079712,
  "ppl_vs_dense_pct": 24.880247339524953,
  "effective_kv_kept_tokens": 149.828125,
  "kv_read_bytes_per_token": 5523264.0,
  "gate_ms_per_token": 0.854238756801351,
  "forward_ms_per_token": 0.4824472011932812,
  "enabled_rate": 0.7001008064516127,
  "tokens_seen": 61440,
  "n_eval_batches": 30,
  "extra": {}
}