{
  "variant": "V8_recency",
  "seq_len": 1024,
  "seed": 3,
  "local_window": 128,
  "chunk_size": 64,
  "far_budget": 2,
  "selection_strategy": "recency",
  "stress_mode": "control",
  "gate_mode": "learned_gate",
  "ppl_mean": 286.2426569620768,
  "ppl_std": 104.19211405773196,
  "ppl_ci_lo": 250.36209528605144,
  "ppl_ci_hi": 323.96942479451496,
  "ppl_vs_dense_pct": 13.834674304277389,
  "effective_kv_kept_tokens": 198.4375,
  "kv_read_bytes_per_token": 7315200.0,
  "gate_ms_per_token": 0.655422363706748,
  "forward_ms_per_token": 0.310829653244582,
  "enabled_rate": 0.6997767857142855,
  "tokens_seen": 30720,
  "n_eval_batches": 30,
  "extra": {}
}