{
  "variant": "V8_recency",
  "seq_len": 512,
  "seed": 3,
  "local_window": 128,
  "chunk_size": 64,
  "far_budget": 2,
  "selection_strategy": "recency",
  "stress_mode": "control",
  "gate_mode": "learned_gate",
  "ppl_mean": 267.08581899007163,
  "ppl_std": 132.87034930493874,
  "ppl_ci_lo": 222.89584385554,
  "ppl_ci_hi": 316.20268648147584,
  "ppl_vs_dense_pct": 0.9008339579018851,
  "effective_kv_kept_tokens": 176.29166666666666,
  "kv_read_bytes_per_token": 6498816.0,
  "gate_ms_per_token": 0.544492737390101,
  "forward_ms_per_token": 0.2533092356316047,
  "enabled_rate": 0.7005208333333331,
  "tokens_seen": 15360,
  "n_eval_batches": 30,
  "extra": {}
}