{
  "variant": "V8_recency",
  "seq_len": 2048,
  "seed": 2,
  "local_window": 128,
  "chunk_size": 64,
  "far_budget": 2,
  "selection_strategy": "recency",
  "stress_mode": "control",
  "gate_mode": "learned_gate",
  "ppl_mean": 299.8120869954427,
  "ppl_std": 67.04533415060855,
  "ppl_ci_lo": 274.53614579518637,
  "ppl_ci_hi": 322.96909903208416,
  "ppl_vs_dense_pct": 21.005777150389658,
  "effective_kv_kept_tokens": 208.03125,
  "kv_read_bytes_per_token": 7668864.0,
  "gate_ms_per_token": 0.8486862002428097,
  "forward_ms_per_token": 0.4763363331221626,
  "enabled_rate": 0.6999999999999997,
  "tokens_seen": 61440,
  "n_eval_batches": 30,
  "extra": {}
}