{
  "variant": "V8_recency",
  "seq_len": 2048,
  "seed": 1,
  "local_window": 64,
  "chunk_size": 16,
  "far_budget": 8,
  "selection_strategy": "recency",
  "stress_mode": "control",
  "gate_mode": "learned_gate",
  "ppl_mean": 334.39458516438805,
  "ppl_std": 91.75278688170735,
  "ppl_ci_lo": 303.2196351496379,
  "ppl_ci_hi": 367.2758582687378,
  "ppl_vs_dense_pct": 24.703054264794492,
  "effective_kv_kept_tokens": 149.828125,
  "kv_read_bytes_per_token": 5523264.0,
  "gate_ms_per_token": 0.8526129790880077,
  "forward_ms_per_token": 0.4849561009905301,
  "enabled_rate": 0.7001008064516127,
  "tokens_seen": 61440,
  "n_eval_batches": 30,
  "extra": {}
}