{
  "variant": "V8_recency",
  "seq_len": 1024,
  "seed": 1,
  "local_window": 256,
  "chunk_size": 64,
  "far_budget": 2,
  "selection_strategy": "recency",
  "stress_mode": "control",
  "gate_mode": "learned_gate",
  "ppl_mean": 269.7705235799154,
  "ppl_std": 93.38161284684438,
  "ppl_ci_lo": 239.2028401184082,
  "ppl_ci_hi": 306.5510341262817,
  "ppl_vs_dense_pct": 7.10261514340353,
  "effective_kv_kept_tokens": 291.24791666666664,
  "kv_read_bytes_per_token": 10736563.2,
  "gate_ms_per_token": 0.6157742382129072,
  "forward_ms_per_token": 0.29380733212747145,
  "enabled_rate": 0.69921875,
  "tokens_seen": 30720,
  "n_eval_batches": 30,
  "extra": {}
}