{
  "variant": "V8_ra_value",
  "seq_len": 2048,
  "seed": 2,
  "local_window": 128,
  "chunk_size": 64,
  "far_budget": 2,
  "selection_strategy": "ra_value",
  "stress_mode": "control",
  "gate_mode": "learned_gate",
  "ppl_mean": 276.4876220703125,
  "ppl_std": 61.38728588459218,
  "ppl_ci_lo": 255.6258155822754,
  "ppl_ci_hi": 298.32711310068765,
  "ppl_vs_dense_pct": 11.591897165873604,
  "effective_kv_kept_tokens": 208.03125,
  "kv_read_bytes_per_token": 7668864.0,
  "gate_ms_per_token": 0.8494384701407398,
  "forward_ms_per_token": 0.48407309941467247,
  "enabled_rate": 0.6999999999999997,
  "tokens_seen": 61440,
  "n_eval_batches": 30,
  "extra": {}
}