{
  "variant": "V8_ra_value",
  "seq_len": 2048,
  "seed": 1,
  "local_window": 128,
  "chunk_size": 64,
  "far_budget": 2,
  "selection_strategy": "ra_value",
  "stress_mode": "control",
  "gate_mode": "learned_gate",
  "ppl_mean": 301.1306894938151,
  "ppl_std": 86.90484710777991,
  "ppl_ci_lo": 271.43196908315025,
  "ppl_ci_hi": 333.94764017740886,
  "ppl_vs_dense_pct": 12.29822006322776,
  "effective_kv_kept_tokens": 208.03125,
  "kv_read_bytes_per_token": 7668864.0,
  "gate_ms_per_token": 0.8397343594879203,
  "forward_ms_per_token": 0.47632313317080843,
  "enabled_rate": 0.6999999999999997,
  "tokens_seen": 61440,
  "n_eval_batches": 30,
  "extra": {}
}