{
  "variant": "V8_ra_value",
  "seq_len": 1024,
  "seed": 2,
  "local_window": 256,
  "chunk_size": 32,
  "far_budget": 4,
  "selection_strategy": "ra_value",
  "stress_mode": "control",
  "gate_mode": "learned_gate",
  "ppl_mean": 249.12680486043294,
  "ppl_std": 83.08389590937617,
  "ppl_ci_lo": 221.6701068051656,
  "ppl_ci_hi": 279.94716756184897,
  "ppl_vs_dense_pct": 3.5168774522763178,
  "effective_kv_kept_tokens": 291.25,
  "kv_read_bytes_per_token": 10736640.0,
  "gate_ms_per_token": 0.6157003872431233,
  "forward_ms_per_token": 0.29582113438664237,
  "enabled_rate": 0.69921875,
  "tokens_seen": 30720,
  "n_eval_batches": 30,
  "extra": {}
}