{
  "variant": "V8_recency",
  "seq_len": 512,
  "seed": 1,
  "local_window": 128,
  "chunk_size": 64,
  "far_budget": 2,
  "selection_strategy": "recency",
  "stress_mode": "control",
  "gate_mode": "learned_gate",
  "ppl_mean": 251.79306360880534,
  "ppl_std": 96.88013135300038,
  "ppl_ci_lo": 219.85105325698854,
  "ppl_ci_hi": 288.21347677230835,
  "ppl_vs_dense_pct": 1.551656533742343,
  "effective_kv_kept_tokens": 176.84583333333333,
  "kv_read_bytes_per_token": 6519244.800000001,
  "gate_ms_per_token": 0.5452080840768758,
  "forward_ms_per_token": 0.25531553001201246,
  "enabled_rate": 0.7005208333333331,
  "tokens_seen": 15360,
  "n_eval_batches": 30,
  "extra": {}
}