{
  "variant": "V8_recency",
  "seq_len": 2048,
  "seed": 1,
  "local_window": 256,
  "chunk_size": 16,
  "far_budget": 8,
  "selection_strategy": "recency",
  "stress_mode": "control",
  "gate_mode": "learned_gate",
  "ppl_mean": 307.8978530883789,
  "ppl_std": 83.33890052932387,
  "ppl_ci_lo": 279.1871719106038,
  "ppl_ci_hi": 337.2971869659424,
  "ppl_vs_dense_pct": 14.821843370515394,
  "effective_kv_kept_tokens": 318.4375,
  "kv_read_bytes_per_token": 11738880.0,
  "gate_ms_per_token": 0.8819011404739285,
  "forward_ms_per_token": 0.4875378376709705,
  "enabled_rate": 0.6997767857142855,
  "tokens_seen": 61440,
  "n_eval_batches": 30,
  "extra": {}
}