{
  "variant": "V8_ra_value",
  "seq_len": 1024,
  "seed": 3,
  "local_window": 256,
  "chunk_size": 16,
  "far_budget": 8,
  "selection_strategy": "ra_value",
  "stress_mode": "control",
  "gate_mode": "learned_gate",
  "ppl_mean": 259.0116579691569,
  "ppl_std": 97.34301141946581,
  "ppl_ci_lo": 224.57244859695436,
  "ppl_ci_hi": 297.6178867848714,
  "ppl_vs_dense_pct": 3.0052894241970245,
  "effective_kv_kept_tokens": 291.25,
  "kv_read_bytes_per_token": 10736640.0,
  "gate_ms_per_token": 0.6391771421476733,
  "forward_ms_per_token": 0.3067418929276755,
  "enabled_rate": 0.69921875,
  "tokens_seen": 30720,
  "n_eval_batches": 30,
  "extra": {}
}