{
  "variant": "V8_ra_value",
  "seq_len": 2048,
  "seed": 1,
  "local_window": 128,
  "chunk_size": 16,
  "far_budget": 8,
  "selection_strategy": "ra_value",
  "stress_mode": "control",
  "gate_mode": "learned_gate",
  "ppl_mean": 297.575260925293,
  "ppl_std": 85.46634489134921,
  "ppl_ci_lo": 267.8437128957113,
  "ppl_ci_hi": 330.7066910171509,
  "ppl_vs_dense_pct": 10.972322990172422,
  "effective_kv_kept_tokens": 208.03125,
  "kv_read_bytes_per_token": 7668864.0,
  "gate_ms_per_token": 0.8464086886306177,
  "forward_ms_per_token": 0.48647281118974206,
  "enabled_rate": 0.6999999999999997,
  "tokens_seen": 61440,
  "n_eval_batches": 30,
  "extra": {}
}