{
  "variant": "V8_ra_value",
  "seq_len": 1024,
  "seed": 1,
  "local_window": 64,
  "chunk_size": 64,
  "far_budget": 2,
  "selection_strategy": "ra_value",
  "stress_mode": "control",
  "gate_mode": "learned_gate",
  "ppl_mean": 293.5351323445638,
  "ppl_std": 108.49157467785918,
  "ppl_ci_lo": 257.18589534759525,
  "ppl_ci_hi": 338.553671023051,
  "ppl_vs_dense_pct": 16.537492285567293,
  "effective_kv_kept_tokens": 146.00416666666666,
  "kv_read_bytes_per_token": 5382297.6,
  "gate_ms_per_token": 0.664793325086066,
  "forward_ms_per_token": 0.3080829519603867,
  "enabled_rate": 0.6999999999999997,
  "tokens_seen": 30720,
  "n_eval_batches": 30,
  "extra": {}
}