{
  "variant": "V8_ra_value",
  "seq_len": 1024,
  "seed": 1,
  "local_window": 64,
  "chunk_size": 16,
  "far_budget": 8,
  "selection_strategy": "ra_value",
  "stress_mode": "control",
  "gate_mode": "learned_gate",
  "ppl_mean": 289.1213307698568,
  "ppl_std": 104.67111873314462,
  "ppl_ci_lo": 254.01890497843425,
  "ppl_ci_hi": 331.1435618464152,
  "ppl_vs_dense_pct": 14.78515224076935,
  "effective_kv_kept_tokens": 146.01822916666666,
  "kv_read_bytes_per_token": 5382816.0,
  "gate_ms_per_token": 0.6600485667149769,
  "forward_ms_per_token": 0.3079374091612408,
  "enabled_rate": 0.6999999999999997,
  "tokens_seen": 30720,
  "n_eval_batches": 30,
  "extra": {}
}