{
  "variant": "V8_ra_value",
  "seq_len": 2048,
  "seed": 1,
  "local_window": 256,
  "chunk_size": 16,
  "far_budget": 8,
  "selection_strategy": "ra_value",
  "stress_mode": "control",
  "gate_mode": "learned_gate",
  "ppl_mean": 293.9333455403646,
  "ppl_std": 82.94490702305926,
  "ppl_ci_lo": 265.16751777648926,
  "ppl_ci_hi": 325.35546115875246,
  "ppl_vs_dense_pct": 9.61417309174853,
  "effective_kv_kept_tokens": 318.4375,
  "kv_read_bytes_per_token": 11738880.0,
  "gate_ms_per_token": 0.8804776043689344,
  "forward_ms_per_token": 0.4956612597197818,
  "enabled_rate": 0.6997767857142855,
  "tokens_seen": 61440,
  "n_eval_batches": 30,
  "extra": {}
}