{
  "variant": "V8_ra_value",
  "seq_len": 2048,
  "seed": 2,
  "local_window": 64,
  "chunk_size": 16,
  "far_budget": 8,
  "selection_strategy": "ra_value",
  "stress_mode": "control",
  "gate_mode": "learned_gate",
  "ppl_mean": 278.96068166097007,
  "ppl_std": 62.393500279335264,
  "ppl_ci_lo": 257.3187141545614,
  "ppl_ci_hi": 301.3883971532186,
  "ppl_vs_dense_pct": 12.590037369978486,
  "effective_kv_kept_tokens": 149.828125,
  "kv_read_bytes_per_token": 5523264.0,
  "gate_ms_per_token": 0.8531672515346145,
  "forward_ms_per_token": 0.5007797549296811,
  "enabled_rate": 0.7001008064516127,
  "tokens_seen": 61440,
  "n_eval_batches": 30,
  "extra": {}
}