{
  "variant": "V8_recency",
  "seq_len": 512,
  "seed": 3,
  "local_window": 256,
  "chunk_size": 64,
  "far_budget": 2,
  "selection_strategy": "recency",
  "stress_mode": "control",
  "gate_mode": "learned_gate",
  "ppl_mean": 264.5374277750651,
  "ppl_std": 131.56670723101718,
  "ppl_ci_lo": 221.19444464365642,
  "ppl_ci_hi": 313.21819522857663,
  "ppl_vs_dense_pct": -0.06190827909687897,
  "effective_kv_kept_tokens": 224.64583333333334,
  "kv_read_bytes_per_token": 8281344.0,
  "gate_ms_per_token": 0.4710112334578298,
  "forward_ms_per_token": 0.25277089844166767,
  "enabled_rate": 0.69921875,
  "tokens_seen": 15360,
  "n_eval_batches": 30,
  "extra": {}
}