{
  "variant": "V8_recency",
  "seq_len": 1024,
  "seed": 2,
  "local_window": 128,
  "chunk_size": 16,
  "far_budget": 8,
  "selection_strategy": "recency",
  "stress_mode": "control",
  "gate_mode": "learned_gate",
  "ppl_mean": 278.7705505371094,
  "ppl_std": 92.95582054644076,
  "ppl_ci_lo": 248.45997509002686,
  "ppl_ci_hi": 312.85624921162923,
  "ppl_vs_dense_pct": 15.834411850704797,
  "effective_kv_kept_tokens": 198.43697916666667,
  "kv_read_bytes_per_token": 7315180.800000001,
  "gate_ms_per_token": 0.6484886826001457,
  "forward_ms_per_token": 0.3061764073208906,
  "enabled_rate": 0.6997767857142855,
  "tokens_seen": 30720,
  "n_eval_batches": 30,
  "extra": {}
}