{
  "variant": "V8_recency",
  "seq_len": 2048,
  "seed": 2,
  "local_window": 256,
  "chunk_size": 64,
  "far_budget": 2,
  "selection_strategy": "recency",
  "stress_mode": "control",
  "gate_mode": "learned_gate",
  "ppl_mean": 284.5611256917318,
  "ppl_std": 62.1806866352364,
  "ppl_ci_lo": 261.34545406341556,
  "ppl_ci_hi": 306.078349647522,
  "ppl_vs_dense_pct": 14.850406820459922,
  "effective_kv_kept_tokens": 318.4375,
  "kv_read_bytes_per_token": 11738880.0,
  "gate_ms_per_token": 0.8801992003100167,
  "forward_ms_per_token": 0.48088898620335385,
  "enabled_rate": 0.6997767857142855,
  "tokens_seen": 61440,
  "n_eval_batches": 30,
  "extra": {}
}