{
  "variant": "V8_ra_value",
  "seq_len": 512,
  "seed": 2,
  "local_window": 128,
  "chunk_size": 64,
  "far_budget": 2,
  "selection_strategy": "ra_value",
  "stress_mode": "control",
  "gate_mode": "learned_gate",
  "ppl_mean": 250.72980626424155,
  "ppl_std": 118.28365728978676,
  "ppl_ci_lo": 211.68933524449668,
  "ppl_ci_hi": 298.0689410209656,
  "ppl_vs_dense_pct": 0.7562521755404964,
  "effective_kv_kept_tokens": 176.75833333333333,
  "kv_read_bytes_per_token": 6516019.199999999,
  "gate_ms_per_token": 0.5478220282384427,
  "forward_ms_per_token": 0.2533413116907468,
  "enabled_rate": 0.7005208333333331,
  "tokens_seen": 15360,
  "n_eval_batches": 30,
  "extra": {}
}