{
  "variant": "V8_ra_value",
  "seq_len": 1024,
  "seed": 3,
  "local_window": 256,
  "chunk_size": 64,
  "far_budget": 2,
  "selection_strategy": "ra_value",
  "stress_mode": "control",
  "gate_mode": "learned_gate",
  "ppl_mean": 257.85519358317055,
  "ppl_std": 96.90116373177736,
  "ppl_ci_lo": 223.69175342559814,
  "ppl_ci_hi": 296.50738726298016,
  "ppl_vs_dense_pct": 2.5453798212034626,
  "effective_kv_kept_tokens": 291.25,
  "kv_read_bytes_per_token": 10736640.0,
  "gate_ms_per_token": 0.6187097387737595,
  "forward_ms_per_token": 0.2945116275441251,
  "enabled_rate": 0.69921875,
  "tokens_seen": 30720,
  "n_eval_batches": 30,
  "extra": {}
}