{
  "variant": "V8_ra_value",
  "seq_len": 512,
  "seed": 3,
  "local_window": 128,
  "chunk_size": 16,
  "far_budget": 8,
  "selection_strategy": "ra_value",
  "stress_mode": "control",
  "gate_mode": "learned_gate",
  "ppl_mean": 263.5421964009603,
  "ppl_std": 131.07819480830855,
  "ppl_ci_lo": 216.16819392522174,
  "ppl_ci_hi": 314.0666772206624,
  "ppl_vs_dense_pct": -0.43789108495292167,
  "effective_kv_kept_tokens": 178.01458333333332,
  "kv_read_bytes_per_token": 6562329.6,
  "gate_ms_per_token": 0.5537533943424933,
  "forward_ms_per_token": 0.2708666033868212,
  "enabled_rate": 0.7005208333333331,
  "tokens_seen": 15360,
  "n_eval_batches": 30,
  "extra": {}
}