{
  "variant": "V8_ra_value",
  "seq_len": 2048,
  "seed": 2,
  "local_window": 256,
  "chunk_size": 32,
  "far_budget": 4,
  "selection_strategy": "ra_value",
  "stress_mode": "control",
  "gate_mode": "learned_gate",
  "ppl_mean": 268.307351175944,
  "ppl_std": 56.590463552196724,
  "ppl_ci_lo": 248.44131052652997,
  "ppl_ci_hi": 288.2379410807292,
  "ppl_vs_dense_pct": 8.290295663433774,
  "effective_kv_kept_tokens": 318.4375,
  "kv_read_bytes_per_token": 11738880.0,
  "gate_ms_per_token": 0.9019128046929836,
  "forward_ms_per_token": 0.5211737798163085,
  "enabled_rate": 0.6997767857142855,
  "tokens_seen": 61440,
  "n_eval_batches": 30,
  "extra": {}
}