{
  "variant": "V8_ra_value",
  "seq_len": 512,
  "seed": 3,
  "local_window": 64,
  "chunk_size": 64,
  "far_budget": 2,
  "selection_strategy": "ra_value",
  "stress_mode": "control",
  "gate_mode": "learned_gate",
  "ppl_mean": 293.44053649902344,
  "ppl_std": 141.35003988823144,
  "ppl_ci_lo": 243.37767002741498,
  "ppl_ci_hi": 348.23943301518756,
  "ppl_vs_dense_pct": 10.857232936452696,
  "effective_kv_kept_tokens": 137.07083333333333,
  "kv_read_bytes_per_token": 5052979.199999999,
  "gate_ms_per_token": 0.5880308362975484,
  "forward_ms_per_token": 0.25861953326966614,
  "enabled_rate": 0.6986607142857145,
  "tokens_seen": 15360,
  "n_eval_batches": 30,
  "extra": {}
}