{
  "variant": "V8_recency",
  "seq_len": 1024,
  "seed": 1,
  "local_window": 128,
  "chunk_size": 16,
  "far_budget": 8,
  "selection_strategy": "recency",
  "stress_mode": "control",
  "gate_mode": "learned_gate",
  "ppl_mean": 292.37245686848956,
  "ppl_std": 99.66568528478344,
  "ppl_ci_lo": 259.57225048065186,
  "ppl_ci_hi": 331.5443456141154,
  "ppl_vs_dense_pct": 16.075894100568537,
  "effective_kv_kept_tokens": 198.43541666666667,
  "kv_read_bytes_per_token": 7315123.199999999,
  "gate_ms_per_token": 0.6445691897170036,
  "forward_ms_per_token": 0.30675161269755336,
  "enabled_rate": 0.6997767857142855,
  "tokens_seen": 30720,
  "n_eval_batches": 30,
  "extra": {}
}