{
  "variant": "V8_ra_value",
  "seq_len": 1024,
  "seed": 2,
  "local_window": 128,
  "chunk_size": 64,
  "far_budget": 2,
  "selection_strategy": "ra_value",
  "stress_mode": "control",
  "gate_mode": "learned_gate",
  "ppl_mean": 259.8749677022298,
  "ppl_std": 88.76700808852496,
  "ppl_ci_lo": 230.9700818570455,
  "ppl_ci_hi": 293.2159482129415,
  "ppl_vs_dense_pct": 7.982941456728637,
  "effective_kv_kept_tokens": 198.43541666666667,
  "kv_read_bytes_per_token": 7315123.199999999,
  "gate_ms_per_token": 0.6570123950950801,
  "forward_ms_per_token": 0.3133631444143248,
  "enabled_rate": 0.6997767857142855,
  "tokens_seen": 30720,
  "n_eval_batches": 30,
  "extra": {}
}