{
  "variant": "V8_ra_value",
  "seq_len": 512,
  "seed": 3,
  "local_window": 128,
  "chunk_size": 64,
  "far_budget": 2,
  "selection_strategy": "ra_value",
  "stress_mode": "control",
  "gate_mode": "learned_gate",
  "ppl_mean": 264.46654103597007,
  "ppl_std": 131.14639856890062,
  "ppl_ci_lo": 217.08985930760701,
  "ppl_ci_hi": 315.26169366200764,
  "ppl_vs_dense_pct": -0.08868817747670302,
  "effective_kv_kept_tokens": 176.30416666666667,
  "kv_read_bytes_per_token": 6499276.800000001,
  "gate_ms_per_token": 0.5430796409200411,
  "forward_ms_per_token": 0.25267331511713564,
  "enabled_rate": 0.7005208333333331,
  "tokens_seen": 15360,
  "n_eval_batches": 30,
  "extra": {}
}