{
  "variant": "V8_recency",
  "seq_len": 1024,
  "seed": 2,
  "local_window": 64,
  "chunk_size": 64,
  "far_budget": 2,
  "selection_strategy": "recency",
  "stress_mode": "control",
  "gate_mode": "learned_gate",
  "ppl_mean": 292.8606236775716,
  "ppl_std": 101.61842818529144,
  "ppl_ci_lo": 259.9096799087524,
  "ppl_ci_hi": 330.2382358932495,
  "ppl_vs_dense_pct": 21.689102498674043,
  "effective_kv_kept_tokens": 146.01458333333332,
  "kv_read_bytes_per_token": 5382681.6,
  "gate_ms_per_token": 0.6722679618178518,
  "forward_ms_per_token": 0.31621252492186613,
  "enabled_rate": 0.6999999999999997,
  "tokens_seen": 30720,
  "n_eval_batches": 30,
  "extra": {}
}