{
  "variant": "V8_ra_value",
  "seq_len": 2048,
  "seed": 2,
  "local_window": 64,
  "chunk_size": 32,
  "far_budget": 4,
  "selection_strategy": "ra_value",
  "stress_mode": "control",
  "gate_mode": "learned_gate",
  "ppl_mean": 276.060134379069,
  "ppl_std": 60.3186492347452,
  "ppl_ci_lo": 254.8887559254964,
  "ppl_ci_hi": 297.51435503641767,
  "ppl_vs_dense_pct": 11.4193608254627,
  "effective_kv_kept_tokens": 149.828125,
  "kv_read_bytes_per_token": 5523264.0,
  "gate_ms_per_token": 0.8483198735120823,
  "forward_ms_per_token": 0.48697408510633977,
  "enabled_rate": 0.7001008064516127,
  "tokens_seen": 61440,
  "n_eval_batches": 30,
  "extra": {}
}