{
  "variant": "V8_recency",
  "seq_len": 2048,
  "seed": 2,
  "local_window": 256,
  "chunk_size": 32,
  "far_budget": 4,
  "selection_strategy": "recency",
  "stress_mode": "control",
  "gate_mode": "learned_gate",
  "ppl_mean": 285.3086435953776,
  "ppl_std": 62.390483310954586,
  "ppl_ci_lo": 262.04211429595944,
  "ppl_ci_hi": 306.92861180623373,
  "ppl_vs_dense_pct": 15.152109082603433,
  "effective_kv_kept_tokens": 318.4375,
  "kv_read_bytes_per_token": 11738880.0,
  "gate_ms_per_token": 0.9036620508595661,
  "forward_ms_per_token": 0.5137940715940204,
  "enabled_rate": 0.6997767857142855,
  "tokens_seen": 61440,
  "n_eval_batches": 30,
  "extra": {}
}