{
  "variant": "V8_recency",
  "seq_len": 1024,
  "seed": 2,
  "local_window": 64,
  "chunk_size": 32,
  "far_budget": 4,
  "selection_strategy": "recency",
  "stress_mode": "control",
  "gate_mode": "learned_gate",
  "ppl_mean": 294.94641062418617,
  "ppl_std": 101.18180904122121,
  "ppl_ci_lo": 262.2306437683106,
  "ppl_ci_hi": 332.34939376831056,
  "ppl_vs_dense_pct": 22.555786241779163,
  "effective_kv_kept_tokens": 146.02291666666667,
  "kv_read_bytes_per_token": 5382988.800000001,
  "gate_ms_per_token": 0.6662228242930723,
  "forward_ms_per_token": 0.30327297099574935,
  "enabled_rate": 0.6999999999999997,
  "tokens_seen": 30720,
  "n_eval_batches": 30,
  "extra": {}
}