{
  "variant": "V8_recency",
  "seq_len": 1024,
  "seed": 2,
  "local_window": 256,
  "chunk_size": 32,
  "far_budget": 4,
  "selection_strategy": "recency",
  "stress_mode": "control",
  "gate_mode": "learned_gate",
  "ppl_mean": 258.03106892903645,
  "ppl_std": 84.45857271852962,
  "ppl_ci_lo": 230.65339148203532,
  "ppl_ci_hi": 288.55679759979245,
  "ppl_vs_dense_pct": 7.216766803439151,
  "effective_kv_kept_tokens": 291.25,
  "kv_read_bytes_per_token": 10736640.0,
  "gate_ms_per_token": 0.6166171579025104,
  "forward_ms_per_token": 0.28967600701435003,
  "enabled_rate": 0.69921875,
  "tokens_seen": 30720,
  "n_eval_batches": 30,
  "extra": {}
}