{
  "variant": "V8_recency",
  "seq_len": 512,
  "seed": 3,
  "local_window": 128,
  "chunk_size": 32,
  "far_budget": 4,
  "selection_strategy": "recency",
  "stress_mode": "control",
  "gate_mode": "learned_gate",
  "ppl_mean": 266.6153500874837,
  "ppl_std": 132.89242724831266,
  "ppl_ci_lo": 222.71910029093428,
  "ppl_ci_hi": 315.9513206291199,
  "ppl_vs_dense_pct": 0.7230981844269737,
  "effective_kv_kept_tokens": 177.51458333333332,
  "kv_read_bytes_per_token": 6543897.6,
  "gate_ms_per_token": 0.5467083301482489,
  "forward_ms_per_token": 0.2508923535060603,
  "enabled_rate": 0.7005208333333331,
  "tokens_seen": 15360,
  "n_eval_batches": 30,
  "extra": {}
}