{
  "variant": "V8_ra_value",
  "seq_len": 2048,
  "seed": 1,
  "local_window": 256,
  "chunk_size": 32,
  "far_budget": 4,
  "selection_strategy": "ra_value",
  "stress_mode": "control",
  "gate_mode": "learned_gate",
  "ppl_mean": 293.4939122517904,
  "ppl_std": 83.42541196966657,
  "ppl_ci_lo": 264.89095892588296,
  "ppl_ci_hi": 325.3776396433512,
  "ppl_vs_dense_pct": 9.450298807708052,
  "effective_kv_kept_tokens": 318.4375,
  "kv_read_bytes_per_token": 11738880.0,
  "gate_ms_per_token": 0.8861409141900367,
  "forward_ms_per_token": 0.4893503914900066,
  "enabled_rate": 0.6997767857142855,
  "tokens_seen": 61440,
  "n_eval_batches": 30,
  "extra": {}
}