{
  "variant": "V8_ra_value",
  "seq_len": 512,
  "seed": 1,
  "local_window": 64,
  "chunk_size": 32,
  "far_budget": 4,
  "selection_strategy": "ra_value",
  "stress_mode": "control",
  "gate_mode": "learned_gate",
  "ppl_mean": 270.99130986531577,
  "ppl_std": 107.56619097907135,
  "ppl_ci_lo": 235.5273986244202,
  "ppl_ci_hi": 312.30481351852416,
  "ppl_vs_dense_pct": 9.294577176386976,
  "effective_kv_kept_tokens": 136.98333333333332,
  "kv_read_bytes_per_token": 5049753.6,
  "gate_ms_per_token": 0.590554151131073,
  "forward_ms_per_token": 0.2601965061330702,
  "enabled_rate": 0.6986607142857145,
  "tokens_seen": 15360,
  "n_eval_batches": 30,
  "extra": {}
}