{
  "variant": "V8_recency",
  "seq_len": 1024,
  "seed": 1,
  "local_window": 64,
  "chunk_size": 32,
  "far_budget": 4,
  "selection_strategy": "recency",
  "stress_mode": "control",
  "gate_mode": "learned_gate",
  "ppl_mean": 309.9337178548177,
  "ppl_std": 107.25834294779251,
  "ppl_ci_lo": 274.70347610473635,
  "ppl_ci_hi": 351.5238515726725,
  "ppl_vs_dense_pct": 23.047956696185636,
  "effective_kv_kept_tokens": 146.01354166666667,
  "kv_read_bytes_per_token": 5382643.199999999,
  "gate_ms_per_token": 0.6630025009144447,
  "forward_ms_per_token": 0.3070207576456596,
  "enabled_rate": 0.6999999999999997,
  "tokens_seen": 30720,
  "n_eval_batches": 30,
  "extra": {}
}