{
  "variant": "V8_recency",
  "seq_len": 1024,
  "seed": 2,
  "local_window": 64,
  "chunk_size": 16,
  "far_budget": 8,
  "selection_strategy": "recency",
  "stress_mode": "control",
  "gate_mode": "learned_gate",
  "ppl_mean": 296.07756856282555,
  "ppl_std": 100.76891506921726,
  "ppl_ci_lo": 263.53208129882813,
  "ppl_ci_hi": 333.3626812362671,
  "ppl_vs_dense_pct": 23.025803660333946,
  "effective_kv_kept_tokens": 146.02552083333333,
  "kv_read_bytes_per_token": 5383084.800000001,
  "gate_ms_per_token": 0.6642500056841527,
  "forward_ms_per_token": 0.308420811961696,
  "enabled_rate": 0.6999999999999997,
  "tokens_seen": 30720,
  "n_eval_batches": 30,
  "extra": {}
}