{
  "variant": "V8_recency",
  "seq_len": 512,
  "seed": 2,
  "local_window": 256,
  "chunk_size": 64,
  "far_budget": 2,
  "selection_strategy": "recency",
  "stress_mode": "control",
  "gate_mode": "learned_gate",
  "ppl_mean": 248.85170338948566,
  "ppl_std": 114.18762429519028,
  "ppl_ci_lo": 211.44789599100747,
  "ppl_ci_hi": 290.9046512730916,
  "ppl_vs_dense_pct": 0.0015329433919140428,
  "effective_kv_kept_tokens": 226.92916666666667,
  "kv_read_bytes_per_token": 8365516.800000001,
  "gate_ms_per_token": 0.4569299017020967,
  "forward_ms_per_token": 0.25494365218037274,
  "enabled_rate": 0.69921875,
  "tokens_seen": 15360,
  "n_eval_batches": 30,
  "extra": {}
}