{
  "variant": "V8_recency",
  "seq_len": 512,
  "seed": 3,
  "local_window": 64,
  "chunk_size": 64,
  "far_budget": 2,
  "selection_strategy": "recency",
  "stress_mode": "control",
  "gate_mode": "learned_gate",
  "ppl_mean": 277.5558499654134,
  "ppl_std": 136.77006135291623,
  "ppl_ci_lo": 231.56476886113484,
  "ppl_ci_hi": 328.0507880592346,
  "ppl_vs_dense_pct": 4.856247468704276,
  "effective_kv_kept_tokens": 137.04583333333332,
  "kv_read_bytes_per_token": 5052057.6,
  "gate_ms_per_token": 0.5847493030159967,
  "forward_ms_per_token": 0.25219823146471754,
  "enabled_rate": 0.6986607142857145,
  "tokens_seen": 15360,
  "n_eval_batches": 30,
  "extra": {}
}