{
  "variant": "V8_recency",
  "seq_len": 512,
  "seed": 2,
  "local_window": 64,
  "chunk_size": 64,
  "far_budget": 2,
  "selection_strategy": "recency",
  "stress_mode": "control",
  "gate_mode": "learned_gate",
  "ppl_mean": 259.9535547892253,
  "ppl_std": 117.95397453373728,
  "ppl_ci_lo": 221.3788928604126,
  "ppl_ci_hi": 302.846236928304,
  "ppl_vs_dense_pct": 4.462833161000191,
  "effective_kv_kept_tokens": 136.74583333333334,
  "kv_read_bytes_per_token": 5040998.4,
  "gate_ms_per_token": 0.587740496484912,
  "forward_ms_per_token": 0.25496991474938113,
  "enabled_rate": 0.6986607142857145,
  "tokens_seen": 15360,
  "n_eval_batches": 30,
  "extra": {}
}