{
  "variant": "V8_ra_value",
  "seq_len": 1024,
  "seed": 3,
  "local_window": 64,
  "chunk_size": 16,
  "far_budget": 8,
  "selection_strategy": "ra_value",
  "stress_mode": "control",
  "gate_mode": "learned_gate",
  "ppl_mean": 275.17270177205404,
  "ppl_std": 99.9181766862279,
  "ppl_ci_lo": 239.41871633529664,
  "ppl_ci_hi": 315.09113071441647,
  "ppl_vs_dense_pct": 9.432308992994876,
  "effective_kv_kept_tokens": 146.03125,
  "kv_read_bytes_per_token": 5383296.0,
  "gate_ms_per_token": 0.66735767541104,
  "forward_ms_per_token": 0.3130971217615297,
  "enabled_rate": 0.6999999999999997,
  "tokens_seen": 30720,
  "n_eval_batches": 30,
  "extra": {}
}