{
  "variant": "V8_ra_value",
  "seq_len": 512,
  "seed": 3,
  "local_window": 256,
  "chunk_size": 32,
  "far_budget": 4,
  "selection_strategy": "ra_value",
  "stress_mode": "control",
  "gate_mode": "learned_gate",
  "ppl_mean": 260.017653910319,
  "ppl_std": 130.0065652197341,
  "ppl_ci_lo": 213.73411358515423,
  "ppl_ci_hi": 310.6876231765747,
  "ppl_vs_dense_pct": -1.7694079658210409,
  "effective_kv_kept_tokens": 227.21666666666667,
  "kv_read_bytes_per_token": 8376115.199999999,
  "gate_ms_per_token": 0.4572406669467455,
  "forward_ms_per_token": 0.25549820384185296,
  "enabled_rate": 0.69921875,
  "tokens_seen": 15360,
  "n_eval_batches": 30,
  "extra": {}
}