{
  "variant": "V8_recency",
  "seq_len": 512,
  "seed": 3,
  "local_window": 64,
  "chunk_size": 16,
  "far_budget": 8,
  "selection_strategy": "recency",
  "stress_mode": "control",
  "gate_mode": "learned_gate",
  "ppl_mean": 274.70474802652996,
  "ppl_std": 135.4925500429497,
  "ppl_ci_lo": 229.3554904047648,
  "ppl_ci_hi": 324.6501412836711,
  "ppl_vs_dense_pct": 3.779145867353341,
  "effective_kv_kept_tokens": 137.71145833333333,
  "kv_read_bytes_per_token": 5076595.199999999,
  "gate_ms_per_token": 0.5835652063979069,
  "forward_ms_per_token": 0.26239657927362714,
  "enabled_rate": 0.6986607142857145,
  "tokens_seen": 15360,
  "n_eval_batches": 30,
  "extra": {}
}