{
  "variant": "V8_ra_value",
  "seq_len": 512,
  "seed": 1,
  "local_window": 256,
  "chunk_size": 32,
  "far_budget": 4,
  "selection_strategy": "ra_value",
  "stress_mode": "control",
  "gate_mode": "learned_gate",
  "ppl_mean": 247.90999323527018,
  "ppl_std": 95.86818469464824,
  "ppl_ci_lo": 216.0124526786804,
  "ppl_ci_hi": 284.6755373446146,
  "ppl_vs_dense_pct": -0.014439939360831665,
  "effective_kv_kept_tokens": 228.93333333333334,
  "kv_read_bytes_per_token": 8439398.399999999,
  "gate_ms_per_token": 0.4558440141408937,
  "forward_ms_per_token": 0.25445586106798146,
  "enabled_rate": 0.69921875,
  "tokens_seen": 15360,
  "n_eval_batches": 30,
  "extra": {}
}