{
  "timestamp": "2026-02-14T09:14:33.528558",
  "phase": 3,
  "version": "v16",
  "gpu_info": {
    "device_name": "AMD Radeon Pro W7900",
    "total_gb": 48.3,
    "torch_version": "2.6.0+rocm6.2.4",
    "hip_version": "6.2.41134-65d174c3e"
  },
  "schedules": {
    "D1_K_effective_rank": {
      "k": 21,
      "schedule": [
        8,
        4,
        4,
        8,
        8,
        8,
        8,
        8,
        4,
        8,
        8,
        8,
        8,
        8,
        8,
        8,
        8,
        8,
        8,
        8,
        8,
        8,
        8,
        8
      ],
      "int8_layers": [
        0,
        3,
        4,
        5,
        6,
        7,
        9,
        10,
        11,
        12,
        13,
        14,
        15,
        16,
        17,
        18,
        19,
        20,
        21,
        22,
        23
      ]
    },
    "C3_residual_ratio": {
      "k": 2,
      "schedule": [
        8,
        8,
        4,
        4,
        4,
        4,
        4,
        4,
        4,
        4,
        4,
        4,
        4,
        4,
        4,
        4,
        4,
        4,
        4,
        4,
        4,
        4,
        4,
        4
      ],
      "int8_layers": [
        0,
        1
      ]
    },
    "E1_adam_vhat_KV": {
      "k": 2,
      "schedule": [
        8,
        8,
        4,
        4,
        4,
        4,
        4,
        4,
        4,
        4,
        4,
        4,
        4,
        4,
        4,
        4,
        4,
        4,
        4,
        4,
        4,
        4,
        4,
        4
      ],
      "int8_layers": [
        0,
        1
      ]
    },
    "B4_late_binding": {
      "k": 22,
      "schedule": [
        8,
        4,
        4,
        8,
        8,
        8,
        8,
        8,
        8,
        8,
        8,
        8,
        8,
        8,
        8,
        8,
        8,
        8,
        8,
        8,
        8,
        8,
        8,
        8
      ],
      "int8_layers": [
        0,
        3,
        4,
        5,
        6,
        7,
        8,
        9,
        10,
        11,
        12,
        13,
        14,
        15,
        16,
        17,
        18,
        19,
        20,
        21,
        22,
        23
      ]
    },
    "A6_fakeQuant_attnKL": {
      "k": 24,
      "schedule": [
        8,
        8,
        8,
        8,
        8,
        8,
        8,
        8,
        8,
        8,
        8,
        8,
        8,
        8,
        8,
        8,
        8,
        8,
        8,
        8,
        8,
        8,
        8,
        8
      ],
      "int8_layers": [
        0,
        1,
        2,
        3,
        4,
        5,
        6,
        7,
        8,
        9,
        10,
        11,
        12,
        13,
        14,
        15,
        16,
        17,
        18,
        19,
        20,
        21,
        22,
        23
      ]
    },
    "oracle": {
      "k": 2,
      "schedule": [
        8,
        4,
        8,
        4,
        4,
        4,
        4,
        4,
        4,
        4,
        4,
        4,
        4,
        4,
        4,
        4,
        4,
        4,
        4,
        4,
        4,
        4,
        4,
        4
      ],
      "int8_layers": [
        0,
        2
      ]
    },
    "E1_adam_root4": {
      "k": 2,
      "schedule": [
        8,
        8,
        4,
        4,
        4,
        4,
        4,
        4,
        4,
        4,
        4,
        4,
        4,
        4,
        4,
        4,
        4,
        4,
        4,
        4,
        4,
        4,
        4,
        4
      ],
      "int8_layers": [
        0,
        1
      ]
    },
    "random": {
      "k": 2,
      "schedule": [
        4,
        4,
        4,
        4,
        4,
        4,
        4,
        4,
        8,
        4,
        4,
        4,
        4,
        4,
        4,
        4,
        8,
        4,
        4,
        4,
        4,
        4,
        4,
        4
      ],
      "int8_layers": [
        8,
        16
      ]
    },
    "S2_manual": {
      "k": 6,
      "schedule": [
        8,
        8,
        8,
        4,
        4,
        4,
        4,
        4,
        8,
        4,
        4,
        8,
        4,
        4,
        4,
        4,
        8,
        4,
        4,
        4,
        4,
        4,
        4,
        4
      ],
      "int8_layers": [
        0,
        1,
        2,
        8,
        11,
        16
      ]
    }
  }
}