{
  "method": "bpa_v10",
  "seq_len": 512,
  "decode_steps": 64,
  "seed": 2,
  "context_regime": "in_range",
  "prefill_ms": 10.90317964553833,
  "decode_total_ms": 300.3456052392721,
  "decode_per_token_ms": 4.68105636537075,
  "decode_p95_ms": 4.739977791905403,
  "gate_per_token_ms": 0.006085843779146671,
  "gate_pct_of_total": 0.032409977052816216,
  "throughput_toks_per_sec": 213.0878524059442,
  "ppl": 19129.0234375,
  "kv_bytes_read_per_token": 14487552.0,
  "kv_kept_mean": 393.0,
  "peak_cpu_rss_mb": 1034.313728,
  "peak_gpu_alloc_mb": 800.688128,
  "peak_gpu_reserved_mb": 845.152256,
  "W_mean": 350.5230769230769,
  "W_min_obs": 64,
  "W_max_obs": 512,
  "B_far_raw_mean": 2.2038871591862614,
  "k_far_mean": 2.1076923076923078,
  "k_far_min": 2,
  "k_far_max": 3,
  "k_far_std": 0.30999141045553674,
  "pressure_mean": 0.41631119518278664,
  "stress_mode": "control",
  "region_ppl_early": 18640.283203125,
  "region_ppl_late": 24069.3046875,
  "quality_failed": false,
  "ppl_delta_pct": 0.0,
  "run_meta": {
    "git_sha": "6a0457e",
    "hostname": "prune",
    "cpu": "x86_64",
    "torch_version": "2.6.0+rocm6.2.4",
    "dtype": "float32",
    "device": "cuda",
    "trained_max_ctx": 1024,
    "model_config": {
      "n_layer": 12,
      "n_head": 12,
      "n_embd": 768,
      "vocab_size": 50304
    },
    "gpu": "AMD Radeon Pro W7900",
    "gpu_count": 2,
    "gpu_mem_gb": 48.3
  },
  "controller_log": {
    "per_token": {
      "W": [
        64,
        64,
        64,
        64,
        64,
        64,
        64,
        128,
        256,
        512,
        512,
        512,
        512,
        512,
        512,
        512,
        512,
        512,
        512,
        512,
        512,
        512,
        512,
        512,
        512,
        512,
        512,
        512,
        512,
        512,
        512,
        512,
        512,
        512,
        512,
        512,
        512,
        512,
        512,
        512,
        512,
        512,
        512,
        512,
        512,
        512,
        512,
        512,
        512,
        512
      ],
      "k_far": [
        2,
        2,
        2,
        2,
        2,
        2,
        2,
        2,
        3,
        3,
        3,
        3,
        2,
        2,
        3,
        3,
        3,
        2,
        2,
        2,
        2,
        2,
        2,
        2,
        2,
        2,
        2,
        2,
        2,
        2,
        2,
        2,
        2,
        2,
        2,
        2,
        2,
        2,
        2,
        2,
        2,
        2,
        2,
        2,
        2,
        2,
        2,
        2,
        2,
        2
      ],
      "B_far_raw": [
        1.8430399719079027,
        1.9997631193990757,
        1.9464343986060328,
        2.1629047479458365,
        2.16159980108616,
        2.2875590620267943,
        2.3881276412943953,
        2.5484333095968514,
        2.902564801230958,
        2.7653376580490576,
        2.529388053989515,
        2.388209100145802,
        2.4457070027422265,
        2.487679608694527,
        2.7055136150416583,
        2.781775052582548,
        2.4263063276624113,
        2.114297373567064,
        2.15911657478358,
        2.0541244660166744,
        2.234891984908791,
        1.9595610351381447,
        2.191571447173155,
        2.1108564137297345,
        2.201920927206923,
        1.9996533032624382,
        2.4118131647116057,
        2.1777103100982655,
        2.1218221138833058,
        2.4803101483002736,
        2.4830643380812125,
        2.511690462334717,
        2.3677355032093086,
        2.0749209285113697,
        2.117749084664427,
        2.059965740451532,
        2.1942638104487857,
        2.3334587045569126,
        2.328860417789457,
        2.0795024061742113,
        1.944152844004085,
        1.7285122899167087,
        1.8124685374752674,
        1.9799309708532884,
        2.080304975975128,
        1.9748551259579326,
        2.068402590752264,
        1.9154947349944478,
        1.8336105121176622,
        2.0188683417760034
      ],
      "pressure": [
        0.3749181138953066,
        0.38932840474167874,
        0.38612037649000175,
        0.4084007120702231,
        0.41310626488804436,
        0.42954493004794536,
        0.4451951644461882,
        0.46771180403897195,
        0.5115199247784623,
        0.5115958175538182,
        0.4962951999590626,
        0.4840937867424594,
        0.48855318365944206,
        0.4928680876324728,
        0.5155850550884725,
        0.5283147324265334,
        0.498375915552515,
        0.46455209013897375,
        0.4606954871755132,
        0.44442184185506317,
        0.4557792040139292,
        0.42648594763043035,
        0.4427722407133711,
        0.43380914711328106,
        0.4405880255875331,
        0.42032049516385495,
        0.45745851440649826,
        0.43902905265232883,
        0.4327428349042977,
        0.46691595592046725,
        0.47302058964647864,
        0.4806016576657819,
        0.4705534487134734,
        0.44187072162935714,
        0.4407762300592462,
        0.4315526130126846,
        0.4410705270279343,
        0.4545464634511116,
        0.45651569026642025,
        0.4334311677631899,
        0.4163900742405078,
        0.389314117743832,
        0.38898741054758984,
        0.40043491327488473,
        0.40958256996622333,
        0.4003332700102643,
        0.4086155675259619,
        0.39433777207507853,
        0.3839015847721622,
        0.3989914712682704
      ]
    },
    "summary": {
      "W_mean": 350.5230769230769,
      "W_min_obs": 64,
      "W_max_obs": 512,
      "W_std": 212.44431724335223,
      "B_far_raw_mean": 2.2038871591862614,
      "k_far_mean": 2.1076923076923078,
      "k_far_min": 2,
      "k_far_max": 3,
      "k_far_std": 0.30999141045553674,
      "pressure_mean": 0.41631119518278664,
      "entropy_mean": 5.476189371255728,
      "n_steps": 65
    }
  },
  "bpa_params": {
    "W_min": 64,
    "W_max": 512,
    "W_decay": 0.95,
    "W_pressure_thresh": 0.45,
    "B_far_max": 8,
    "B_far_target": 2.0,
    "B_far_scale": 5.0,
    "B_far_bias": 0.0,
    "gate_every_k": 4,
    "chunk_size": 64,
    "strategy": "ra_value"
  }
}