{
  "method": "bpa_v10",
  "seq_len": 512,
  "decode_steps": 64,
  "seed": 2,
  "context_regime": "in_range",
  "prefill_ms": 11.091599240899086,
  "decode_total_ms": 306.8762198090553,
  "decode_per_token_ms": 4.768792539834976,
  "decode_p95_ms": 4.843984171748161,
  "gate_per_token_ms": 0.007829512469470501,
  "gate_pct_of_total": 0.040805078402691375,
  "throughput_toks_per_sec": 208.55314250098007,
  "ppl": 19100.130859375,
  "kv_bytes_read_per_token": 14487552.0,
  "kv_kept_mean": 393.0,
  "peak_cpu_rss_mb": 1035.112448,
  "peak_gpu_alloc_mb": 800.884736,
  "peak_gpu_reserved_mb": 845.152256,
  "W_mean": 350.5230769230769,
  "W_min_obs": 64,
  "W_max_obs": 512,
  "B_far_raw_mean": 2.204227439244033,
  "k_far_mean": 2.123076923076923,
  "k_far_min": 2,
  "k_far_max": 3,
  "k_far_std": 0.32852548467788645,
  "pressure_mean": 0.4163097003635077,
  "stress_mode": "control",
  "region_ppl_early": 17701.513671875,
  "region_ppl_late": 24284.5625,
  "quality_failed": false,
  "ppl_delta_pct": 0.0,
  "run_meta": {
    "git_sha": "7a99bb3",
    "hostname": "prune",
    "cpu": "x86_64",
    "torch_version": "2.6.0+rocm6.2.4",
    "dtype": "float32",
    "device": "cuda",
    "trained_max_ctx": 1024,
    "model_config": {
      "n_layer": 12,
      "n_head": 12,
      "n_embd": 768,
      "vocab_size": 50304
    },
    "gpu": "AMD Radeon Pro W7900",
    "gpu_count": 2,
    "gpu_mem_gb": 48.3
  },
  "controller_log": {
    "per_token": {
      "W": [
        64,
        64,
        64,
        64,
        64,
        64,
        64,
        128,
        256,
        512,
        512,
        512,
        512,
        512,
        512,
        512,
        512,
        512,
        512,
        512,
        512,
        512,
        512,
        512,
        512,
        512,
        512,
        512,
        512,
        512,
        512,
        512,
        512,
        512,
        512,
        512,
        512,
        512,
        512,
        512,
        512,
        512,
        512,
        512,
        512,
        512,
        512,
        512,
        512,
        512
      ],
      "k_far": [
        2,
        2,
        2,
        2,
        2,
        2,
        2,
        2,
        3,
        3,
        3,
        3,
        2,
        2,
        3,
        3,
        3,
        3,
        2,
        2,
        2,
        2,
        2,
        2,
        2,
        2,
        2,
        2,
        2,
        2,
        2,
        2,
        2,
        2,
        2,
        2,
        2,
        2,
        2,
        2,
        2,
        2,
        2,
        2,
        2,
        2,
        2,
        2,
        2,
        2
      ],
      "B_far_raw": [
        1.8927628530096494,
        2.084819447040972,
        1.9953398343027766,
        2.1940465867872563,
        2.1725232086888706,
        2.288728150672691,
        2.3937256011936197,
        2.5570347725438554,
        2.884035115673286,
        2.7478777022569645,
        2.5650434564243723,
        2.421013739592787,
        2.4556329730265425,
        2.5057238807141102,
        2.69002240244384,
        2.720531097944699,
        2.5886743612810497,
        2.1840278772752866,
        2.197811752822062,
        2.078531983596851,
        2.260062447542065,
        1.940895336348377,
        2.195919700759136,
        1.9810208479514952,
        1.9783648028770784,
        1.8897542819873714,
        2.3514963940558724,
        2.114067968452531,
        2.1289298192556507,
        2.421794159524871,
        2.365913686703131,
        2.51839537049967,
        2.3851688041076056,
        2.0969357467557654,
        2.146982721325443,
        2.070207445771125,
        2.216134159980592,
        2.356687378801242,
        2.292693698901046,
        2.0230133565586867,
        1.9152616749037543,
        1.737375469498883,
        1.7625375790884354,
        1.9323486254777786,
        2.0674075127541776,
        1.9933825137119494,
        2.1069057663702546,
        1.9515852823839628,
        1.9074631682944887,
        1.9925672639873844
      ],
      "pressure": [
        0.3831720407378261,
        0.4014538061137792,
        0.3956078614988427,
        0.4161705578196332,
        0.41854597191735826,
        0.4333582000798235,
        0.44873543114285935,
        0.47106828609705587,
        0.511836054092342,
        0.5112145065591729,
        0.5006032887543577,
        0.4886813975773025,
        0.49124759098892906,
        0.49623248248096175,
        0.5156447933863068,
        0.5231676003568849,
        0.514169650536931,
        0.4744180464802105,
        0.46827393982985754,
        0.45060364505424744,
        0.46177724178179347,
        0.4279075802077486,
        0.44546431406120995,
        0.42271835399856933,
        0.4171499126094736,
        0.4039934701136913,
        0.444959158577298,
        0.42628434006373916,
        0.4270763758694046,
        0.4561047274926717,
        0.4561675010929583,
        0.4748187167221458,
        0.467268131558497,
        0.44039795167591783,
        0.44120048866793266,
        0.43116217223193204,
        0.44233070703733735,
        0.4565652539111586,
        0.453120330290957,
        0.4272359779545715,
        0.41193414846051146,
        0.3883691652240722,
        0.3827065619181684,
        0.39364785733700647,
        0.40571811961635623,
        0.3998682962990293,
        0.410982262853532,
        0.3975299925390066,
        0.3916751939176164,
        0.39814909143516225
      ]
    },
    "summary": {
      "W_mean": 350.5230769230769,
      "W_min_obs": 64,
      "W_max_obs": 512,
      "W_std": 212.44431724335223,
      "B_far_raw_mean": 2.204227439244033,
      "k_far_mean": 2.123076923076923,
      "k_far_min": 2,
      "k_far_max": 3,
      "k_far_std": 0.32852548467788645,
      "pressure_mean": 0.4163097003635077,
      "entropy_mean": 5.475322580337524,
      "n_steps": 65
    }
  },
  "bpa_params": {
    "W_min": 64,
    "W_max": 512,
    "W_decay": 0.95,
    "W_pressure_thresh": 0.45,
    "B_far_max": 8,
    "B_far_target": 2.0,
    "B_far_scale": 5.0,
    "B_far_bias": 0.0,
    "gate_every_k": 4,
    "chunk_size": 64,
    "strategy": "ra_value"
  }
}