{
  "method": "bpa_v10",
  "seq_len": 1024,
  "decode_steps": 64,
  "seed": 3,
  "context_regime": "in_range",
  "prefill_ms": 19.529156386852264,
  "decode_total_ms": 321.7450827360153,
  "decode_per_token_ms": 5.011910572648048,
  "decode_p95_ms": 5.109503865242004,
  "gate_per_token_ms": 0.005757319740951061,
  "gate_pct_of_total": 0.02862227110402868,
  "throughput_toks_per_sec": 198.91523890828373,
  "ppl": 17568.400390625,
  "kv_bytes_read_per_token": 18874368.0,
  "kv_kept_mean": 512.0,
  "peak_cpu_rss_mb": 1035.30496,
  "peak_gpu_alloc_mb": 1029.900288,
  "peak_gpu_reserved_mb": 1153.4336,
  "W_mean": 391.87692307692305,
  "W_min_obs": 64,
  "W_max_obs": 512,
  "B_far_raw_mean": 2.1741978948252583,
  "k_far_mean": 2.0615384615384613,
  "k_far_min": 2,
  "k_far_max": 3,
  "k_far_std": 0.24031537464328165,
  "pressure_mean": 0.4094926966578511,
  "stress_mode": "control",
  "region_ppl_early": 18637.669921875,
  "region_ppl_late": 16772.50390625,
  "quality_failed": false,
  "ppl_delta_pct": 0.0,
  "run_meta": {
    "git_sha": "7a99bb3",
    "hostname": "prune",
    "cpu": "x86_64",
    "torch_version": "2.6.0+rocm6.2.4",
    "dtype": "float32",
    "device": "cuda",
    "trained_max_ctx": 1024,
    "model_config": {
      "n_layer": 12,
      "n_head": 12,
      "n_embd": 768,
      "vocab_size": 50304
    },
    "gpu": "AMD Radeon Pro W7900",
    "gpu_count": 2,
    "gpu_mem_gb": 48.3
  },
  "controller_log": {
    "per_token": {
      "W": [
        64,
        128,
        256,
        512,
        512,
        512,
        512,
        512,
        512,
        512,
        512,
        512,
        512,
        512,
        512,
        512,
        512,
        512,
        512,
        512,
        512,
        512,
        512,
        512,
        512,
        512,
        512,
        512,
        512,
        512,
        512,
        512,
        512,
        512,
        512,
        512,
        512,
        512,
        512,
        512,
        512,
        512,
        512,
        512,
        512,
        512,
        512,
        512,
        512,
        512
      ],
      "k_far": [
        2,
        2,
        2,
        2,
        2,
        2,
        2,
        2,
        2,
        2,
        2,
        2,
        2,
        3,
        3,
        2,
        2,
        2,
        2,
        2,
        2,
        2,
        2,
        2,
        2,
        2,
        2,
        2,
        2,
        2,
        2,
        2,
        2,
        2,
        2,
        2,
        2,
        2,
        2,
        2,
        2,
        2,
        2,
        2,
        2,
        2,
        2,
        2,
        2,
        2
      ],
      "B_far_raw": [
        2.3014375727385614,
        2.613715299233196,
        2.441483096537098,
        2.422236066092605,
        2.4770246630026906,
        2.5021544045215096,
        2.3602506980993874,
        2.1813165532192507,
        2.1846880544801435,
        2.41134655957012,
        2.063486036499609,
        1.9581730507323827,
        2.4916583576908975,
        2.5817863072868517,
        2.1967687818586072,
        2.100534920623928,
        1.8774381813503518,
        1.9518816478026406,
        2.22165527179797,
        2.3618166300343844,
        2.4933773182832004,
        2.1602824587148604,
        1.9664969728035389,
        2.0938378794137513,
        1.785430652980926,
        2.1523808449193447,
        2.350730990740256,
        2.0221575453078704,
        2.071098504672864,
        2.064844215890422,
        2.1146298885530133,
        2.338694792822519,
        2.2740083954858283,
        2.052409467461275,
        2.282030518300336,
        2.047944054602729,
        1.955894788283803,
        1.8404882954248825,
        1.9880276113009625,
        1.8901550866134456,
        2.1090441757431275,
        1.9743459275168562,
        1.7589355754730032,
        2.099330059675502,
        1.985533779322458,
        2.0234955859833685,
        2.0826294059216357,
        1.9379996712424308,
        2.290553441103169,
        2.2424478673802968
      ],
      "pressure": [
        0.437398936527058,
        0.4732044247806524,
        0.46588893152424005,
        0.4684457660364267,
        0.47712491516385414,
        0.4832938928030729,
        0.4725309197811065,
        0.45454134926084705,
        0.451222891663537,
        0.471031686019033,
        0.4384931588909801,
        0.4228026699960459,
        0.4699175887219835,
        0.4846132002448182,
        0.45246025994450423,
        0.4402155731064798,
        0.4138841813827834,
        0.4136492190054697,
        0.43597200351601434,
        0.45165994950837174,
        0.46895669363295434,
        0.4415909616808575,
        0.42030551910214825,
        0.4276383848548814,
        0.3950235004171727,
        0.4241310456468171,
        0.44523508489631863,
        0.4173599630034266,
        0.4196683681515555,
        0.4179532058299148,
        0.42193490056580785,
        0.4445396064217174,
        0.44271083711660564,
        0.4229691127102624,
        0.4434337739505671,
        0.42261959352270645,
        0.4108085103703817,
        0.39534195054176546,
        0.40464702383801565,
        0.3934514710536993,
        0.4122562892204655,
        0.4006969735834704,
        0.3779903807630653,
        0.4067891760496223,
        0.3980249151914135,
        0.4016374639921202,
        0.40816317662685764,
        0.3953727440704311,
        0.429073559092116,
        0.4300704275455324
      ]
    },
    "summary": {
      "W_mean": 391.87692307692305,
      "W_min_obs": 64,
      "W_max_obs": 512,
      "W_std": 195.5794159133166,
      "B_far_raw_mean": 2.1741978948252583,
      "k_far_mean": 2.0615384615384613,
      "k_far_min": 2,
      "k_far_max": 3,
      "k_far_std": 0.24031537464328165,
      "pressure_mean": 0.4094926966578511,
      "entropy_mean": 5.4010841828126175,
      "n_steps": 65
    }
  },
  "bpa_params": {
    "W_min": 64,
    "W_max": 512,
    "W_decay": 0.95,
    "W_pressure_thresh": 0.45,
    "B_far_max": 8,
    "B_far_target": 2.0,
    "B_far_scale": 5.0,
    "B_far_bias": 0.0,
    "gate_every_k": 4,
    "chunk_size": 64,
    "strategy": "ra_value"
  }
}