{
  "method": "bpa_v10",
  "seq_len": 512,
  "decode_steps": 64,
  "seed": 1,
  "context_regime": "in_range",
  "prefill_ms": 11.459028348326683,
  "decode_total_ms": 307.3164280503988,
  "decode_per_token_ms": 4.773115739226341,
  "decode_p95_ms": 4.917887970805168,
  "gate_per_token_ms": 0.008537666872143745,
  "gate_pct_of_total": 0.044430419057585484,
  "throughput_toks_per_sec": 208.25440542184168,
  "ppl": 33339.41015625,
  "kv_bytes_read_per_token": 16109568.0,
  "kv_kept_mean": 437.0,
  "peak_cpu_rss_mb": 1034.981376,
  "peak_gpu_alloc_mb": 800.884736,
  "peak_gpu_reserved_mb": 845.152256,
  "W_mean": 419.44615384615383,
  "W_min_obs": 64,
  "W_max_obs": 512,
  "B_far_raw_mean": 2.2261325365076385,
  "k_far_mean": 2.0615384615384613,
  "k_far_min": 2,
  "k_far_max": 3,
  "k_far_std": 0.24031537464328168,
  "pressure_mean": 0.4183391837961654,
  "stress_mode": "control",
  "region_ppl_early": 20231.96484375,
  "region_ppl_late": 49395.62890625,
  "quality_failed": false,
  "ppl_delta_pct": 0.0,
  "run_meta": {
    "git_sha": "7a99bb3",
    "hostname": "prune",
    "cpu": "x86_64",
    "torch_version": "2.6.0+rocm6.2.4",
    "dtype": "float32",
    "device": "cuda",
    "trained_max_ctx": 1024,
    "model_config": {
      "n_layer": 12,
      "n_head": 12,
      "n_embd": 768,
      "vocab_size": 50304
    },
    "gpu": "AMD Radeon Pro W7900",
    "gpu_count": 2,
    "gpu_mem_gb": 48.3
  },
  "controller_log": {
    "per_token": {
      "W": [
        512,
        512,
        512,
        512,
        512,
        512,
        512,
        512,
        512,
        512,
        512,
        512,
        512,
        512,
        512,
        512,
        512,
        512,
        512,
        512,
        512,
        512,
        512,
        512,
        512,
        512,
        512,
        512,
        512,
        512,
        512,
        512,
        512,
        512,
        512,
        512,
        512,
        512,
        512,
        512,
        512,
        512,
        512,
        512,
        512,
        512,
        512,
        512,
        512,
        512
      ],
      "k_far": [
        2,
        2,
        2,
        2,
        2,
        2,
        2,
        2,
        2,
        2,
        2,
        2,
        3,
        3,
        2,
        2,
        2,
        2,
        2,
        2,
        2,
        2,
        2,
        2,
        2,
        2,
        2,
        2,
        2,
        2,
        2,
        2,
        2,
        2,
        2,
        2,
        2,
        2,
        2,
        2,
        2,
        2,
        2,
        3,
        3,
        2,
        2,
        2,
        2,
        2
      ],
      "B_far_raw": [
        2.2327149290698594,
        2.263928199234636,
        2.3936233393673687,
        2.288805025606645,
        2.113483019268722,
        1.9831947151095328,
        2.3527787620340668,
        1.9239233008572016,
        1.9890774319092692,
        2.1729780034681365,
        2.0930020280257415,
        2.664155720809804,
        2.7194679198869522,
        2.4381024896124295,
        2.2982097754063098,
        1.7399429091472323,
        1.773669018394525,
        2.017700196072445,
        2.0330869027523257,
        1.8579817916352828,
        1.946435540895566,
        1.8945676319844598,
        2.2240065523091612,
        2.4468946997559837,
        2.2324063215491416,
        2.3018936094124856,
        2.1750439366962397,
        2.1772897655907677,
        2.234120938938789,
        2.2650988435407915,
        2.073006717389693,
        1.9282290814757586,
        2.269390558463609,
        2.073744693793036,
        2.236078778234895,
        2.4751551105314524,
        2.2358782426650503,
        2.3775195092500825,
        2.3713616251246656,
        2.157159780316025,
        2.237360586428183,
        2.2320161961418266,
        2.64734084591589,
        2.518282820664936,
        2.0592731220499276,
        2.1655226352389163,
        2.1818592284353135,
        2.288601717158284,
        2.295660381141475,
        2.3962407517953728
      ],
      "pressure": [
        0.44836896705317353,
        0.45112509782181087,
        0.4644267202401075,
        0.4568044783907084,
        0.43946358310304035,
        0.4230813568372622,
        0.4547512787666445,
        0.4150266273769918,
        0.41549364704108827,
        0.43034807206512815,
        0.4231999802465885,
        0.47939543459670675,
        0.4956137964174724,
        0.4771332109020037,
        0.4652413968854882,
        0.4082948218987352,
        0.3996061848096068,
        0.41503482635125855,
        0.41427453959189275,
        0.39523259667190297,
        0.3993507239289621,
        0.3921512098878817,
        0.42244756522215393,
        0.4492071290147719,
        0.4357926533813727,
        0.4448791043533983,
        0.4352940605875935,
        0.43546158882737723,
        0.44114397902033464,
        0.44537781123401954,
        0.42769699011373746,
        0.4106000971951843,
        0.4397253887139629,
        0.4229913468426574,
        0.4375762736700333,
        0.46341180329507825,
        0.44580796027068054,
        0.4602456245816497,
        0.4626814916227814,
        0.44357947382234775,
        0.44917005088173506,
        0.4482960251338797,
        0.4894499329301832,
        0.4845477776556868,
        0.44246856508964605,
        0.44697072827261286,
        0.4458311473472867,
        0.454613535887539,
        0.45594076379468174,
        0.46663706334679417
      ]
    },
    "summary": {
      "W_mean": 419.44615384615383,
      "W_min_obs": 64,
      "W_max_obs": 512,
      "W_std": 178.22354422459546,
      "B_far_raw_mean": 2.2261325365076385,
      "k_far_mean": 2.0615384615384613,
      "k_far_min": 2,
      "k_far_max": 3,
      "k_far_std": 0.24031537464328168,
      "pressure_mean": 0.4183391837961654,
      "entropy_mean": 5.572869830865127,
      "n_steps": 65
    }
  },
  "bpa_params": {
    "W_min": 64,
    "W_max": 512,
    "W_decay": 0.95,
    "W_pressure_thresh": 0.45,
    "B_far_max": 8,
    "B_far_target": 2.0,
    "B_far_scale": 5.0,
    "B_far_bias": 0.0,
    "gate_every_k": 4,
    "chunk_size": 64,
    "strategy": "ra_value"
  }
}