{
  "method": "bpa_v10",
  "seq_len": 512,
  "decode_steps": 16,
  "seed": 1,
  "context_regime": "in_range",
  "prefill_ms": 166.51003994047642,
  "decode_total_ms": 310.9553288668394,
  "decode_per_token_ms": 19.068035297095776,
  "decode_p95_ms": 21.186975296586752,
  "gate_per_token_ms": 0.000812578946352005,
  "gate_pct_of_total": 0.0010452568293666926,
  "throughput_toks_per_sec": 51.45433608842153,
  "ppl": 5740.17431640625,
  "kv_bytes_read_per_token": 7077888.0,
  "kv_kept_mean": 192.0,
  "peak_cpu_rss_mb": 1393.676288,
  "peak_gpu_alloc_mb": 0.0,
  "peak_gpu_reserved_mb": 0.0,
  "W_mean": 64.0,
  "W_min_obs": 64,
  "W_max_obs": 64,
  "B_far_raw_mean": 1.5026693980686243,
  "k_far_mean": 2.0,
  "k_far_min": 2,
  "k_far_max": 2,
  "k_far_std": 0.0,
  "pressure_mean": 0.26023743963474666,
  "stress_mode": "control",
  "region_ppl_early": 1915.7230224609375,
  "region_ppl_late": 12743.1513671875,
  "quality_failed": false,
  "ppl_delta_pct": 0.0,
  "run_meta": {
    "git_sha": "c76d263",
    "hostname": "prune",
    "cpu": "x86_64",
    "torch_version": "2.6.0+rocm6.2.4",
    "dtype": "float32",
    "device": "cpu",
    "trained_max_ctx": 1024,
    "model_config": {
      "n_layer": 12,
      "n_head": 12,
      "n_embd": 768,
      "vocab_size": 50304
    }
  },
  "controller_log": {
    "per_token": {
      "W": [
        64,
        64,
        64,
        64,
        64,
        64,
        64,
        64,
        64,
        64,
        64,
        64,
        64,
        64,
        64,
        64,
        64
      ],
      "k_far": [
        2,
        2,
        2,
        2,
        2,
        2,
        2,
        2,
        2,
        2,
        2,
        2,
        2,
        2,
        2,
        2,
        2
      ],
      "B_far_raw": [
        1.8214785146765968,
        1.681207880564096,
        1.5760572597039795,
        1.503870287605523,
        1.4504795086961115,
        1.412969876427218,
        1.3851788275264696,
        1.3764606070371512,
        1.380334497838686,
        1.3915188645099354,
        1.4124367998624527,
        1.4396741643424407,
        1.471445600874028,
        1.5013487245586992,
        1.5421684362647847,
        1.5793274053687965,
        1.6194225113096499
      ],
      "pressure": [
        0.04295702935319346,
        0.08375443471031746,
        0.125940334392586,
        0.170837507743883,
        0.19399249970228136,
        0.21507663720143547,
        0.22701187748394658,
        0.25959932452665735,
        0.28303990301049975,
        0.29843563291023634,
        0.3201396436070216,
        0.3369620889324665,
        0.35147770593166267,
        0.3540953675441479,
        0.38190916832391114,
        0.3827516254609804,
        0.3960556929554657
      ]
    },
    "summary": {
      "W_mean": 64.0,
      "W_min_obs": 64,
      "W_max_obs": 64,
      "W_std": 0.0,
      "B_far_raw_mean": 1.5026693980686243,
      "k_far_mean": 2.0,
      "k_far_min": 2,
      "k_far_max": 2,
      "k_far_std": 0.0,
      "pressure_mean": 0.26023743963474666,
      "entropy_mean": 5.925984060063081,
      "n_steps": 17
    }
  },
  "bpa_params": {
    "W_min": 64,
    "W_max": 512,
    "W_decay": 0.95,
    "W_pressure_thresh": 0.45,
    "B_far_max": 8,
    "B_far_target": 2.0,
    "B_far_scale": 5.0,
    "B_far_bias": 0.0,
    "gate_every_k": 4,
    "chunk_size": 64,
    "strategy": "ra_value"
  }
}