{
  "method": "bpa_v10",
  "seq_len": 512,
  "decode_steps": 64,
  "seed": 3,
  "context_regime": "in_range",
  "prefill_ms": 11.019740253686905,
  "decode_total_ms": 305.86581490933895,
  "decode_per_token_ms": 4.760983400046825,
  "decode_p95_ms": 4.855063837021589,
  "gate_per_token_ms": 0.005904817953705788,
  "gate_pct_of_total": 0.03087887210551591,
  "throughput_toks_per_sec": 209.24208224763564,
  "ppl": 11594.6962890625,
  "kv_bytes_read_per_token": 15224832.0,
  "kv_kept_mean": 413.0,
  "peak_cpu_rss_mb": 1035.214848,
  "peak_gpu_alloc_mb": 800.884736,
  "peak_gpu_reserved_mb": 845.152256,
  "W_mean": 384.9846153846154,
  "W_min_obs": 64,
  "W_max_obs": 512,
  "B_far_raw_mean": 2.0885248649933104,
  "k_far_mean": 2.0923076923076924,
  "k_far_min": 2,
  "k_far_max": 3,
  "k_far_std": 0.28945981111118124,
  "pressure_mean": 0.393316559952453,
  "stress_mode": "control",
  "region_ppl_early": 13254.357421875,
  "region_ppl_late": 12480.455078125,
  "quality_failed": false,
  "ppl_delta_pct": 0.0,
  "run_meta": {
    "git_sha": "7a99bb3",
    "hostname": "prune",
    "cpu": "x86_64",
    "torch_version": "2.6.0+rocm6.2.4",
    "dtype": "float32",
    "device": "cuda",
    "trained_max_ctx": 1024,
    "model_config": {
      "n_layer": 12,
      "n_head": 12,
      "n_embd": 768,
      "vocab_size": 50304
    },
    "gpu": "AMD Radeon Pro W7900",
    "gpu_count": 2,
    "gpu_mem_gb": 48.3
  },
  "controller_log": {
    "per_token": {
      "W": [
        64,
        64,
        128,
        256,
        512,
        512,
        512,
        512,
        512,
        512,
        512,
        512,
        512,
        512,
        512,
        512,
        512,
        512,
        512,
        512,
        512,
        512,
        512,
        512,
        512,
        512,
        512,
        512,
        512,
        512,
        512,
        512,
        512,
        512,
        512,
        512,
        512,
        512,
        512,
        512,
        512,
        512,
        512,
        512,
        512,
        512,
        512,
        512,
        512,
        512
      ],
      "k_far": [
        2,
        2,
        3,
        3,
        3,
        2,
        2,
        2,
        2,
        2,
        2,
        3,
        3,
        3,
        2,
        2,
        2,
        2,
        2,
        2,
        2,
        2,
        2,
        2,
        2,
        2,
        2,
        2,
        2,
        2,
        2,
        2,
        2,
        2,
        2,
        2,
        2,
        2,
        2,
        2,
        2,
        2,
        2,
        2,
        2,
        2,
        2,
        2,
        2,
        2
      ],
      "B_far_raw": [
        2.2102329795932842,
        2.6122778017434514,
        2.6343305376341353,
        2.603864464919458,
        2.4504455201500264,
        2.225115491092393,
        2.1797984252237423,
        2.2446607124009335,
        2.127303496886816,
        2.267532982740355,
        2.6254849163961236,
        2.6437136022006804,
        2.5523309828293423,
        2.2259356531212626,
        2.2133149134953225,
        1.8573898060565819,
        1.886754685858116,
        1.6809779292115674,
        1.651734490136838,
        1.8305039545180544,
        2.3825959440590303,
        2.286572741434125,
        2.282040930003628,
        2.049374039095113,
        2.1105592914950217,
        1.935701841539623,
        2.1802561712368886,
        2.1291080412546215,
        2.1249492910771934,
        2.2373699940156526,
        2.219475382200084,
        2.0541145599456314,
        1.8916721522642244,
        2.151140472033095,
        1.9653624977817996,
        1.9909234523820203,
        1.9847674753725841,
        2.070090239798926,
        2.0689214841050605,
        1.9260821201475902,
        1.7503235771810637,
        2.0997997003625466,
        1.9665281781023851,
        2.2161805495561655,
        2.0504295359560567,
        2.109000447217407,
        1.9360937469677784,
        1.903820774259592,
        1.7047992418914024,
        2.074809498214843
      ],
      "pressure": [
        0.40032218604635494,
        0.44887155023583203,
        0.4657936258474721,
        0.4749615149118754,
        0.46878189604933546,
        0.45051033473970614,
        0.4448811808485956,
        0.4495831104055453,
        0.4377171952690619,
        0.44928884467607605,
        0.4859275884160519,
        0.4955843359691421,
        0.4930777509262071,
        0.4639159070833314,
        0.4589080778289217,
        0.42006654805907623,
        0.41328531866967766,
        0.38552076670541197,
        0.37273138662531935,
        0.38213143534385063,
        0.4341345054099003,
        0.4330091218277909,
        0.4374170259765481,
        0.4179485688905321,
        0.42245234191622105,
        0.40489850019723783,
        0.42580230678910175,
        0.42273727928253024,
        0.4229382700584663,
        0.4345906579837067,
        0.43537786496603464,
        0.42054522503538583,
        0.40235652165799324,
        0.4234989353938507,
        0.40626696977127486,
        0.40618417118831396,
        0.4039686773449884,
        0.41109791733352835,
        0.4115650678893932,
        0.3977249772799699,
        0.3776474123332269,
        0.4070784852719724,
        0.39632762400606364,
        0.42068846347432437,
        0.4086228914016953,
        0.4147725856857336,
        0.39888741641232034,
        0.3933263857377488,
        0.37091178632376376,
        0.40192242436701114
      ]
    },
    "summary": {
      "W_mean": 384.9846153846154,
      "W_min_obs": 64,
      "W_max_obs": 512,
      "W_std": 199.08718556356484,
      "B_far_raw_mean": 2.0885248649933104,
      "k_far_mean": 2.0923076923076924,
      "k_far_min": 2,
      "k_far_max": 3,
      "k_far_std": 0.28945981111118124,
      "pressure_mean": 0.393316559952453,
      "entropy_mean": 5.123235211005578,
      "n_steps": 65
    }
  },
  "bpa_params": {
    "W_min": 64,
    "W_max": 512,
    "W_decay": 0.95,
    "W_pressure_thresh": 0.45,
    "B_far_max": 8,
    "B_far_target": 2.0,
    "B_far_scale": 5.0,
    "B_far_bias": 0.0,
    "gate_every_k": 4,
    "chunk_size": 64,
    "strategy": "ra_value"
  }
}