{
  "method": "bpa_v10",
  "seq_len": 1024,
  "decode_steps": 64,
  "seed": 2,
  "context_regime": "in_range",
  "prefill_ms": 19.81339231133461,
  "decode_total_ms": 320.5274138599634,
  "decode_per_token_ms": 4.997311159968376,
  "decode_p95_ms": 5.049502290785313,
  "gate_per_token_ms": 0.005067791789770126,
  "gate_pct_of_total": 0.025290866901049695,
  "throughput_toks_per_sec": 199.6709087353172,
  "ppl": 24235.861328125,
  "kv_bytes_read_per_token": 20791296.0,
  "kv_kept_mean": 564.0,
  "peak_cpu_rss_mb": 1035.288576,
  "peak_gpu_alloc_mb": 1029.900288,
  "peak_gpu_reserved_mb": 1153.4336,
  "W_mean": 440.12307692307695,
  "W_min_obs": 64,
  "W_max_obs": 512,
  "B_far_raw_mean": 2.277851968754312,
  "k_far_mean": 2.123076923076923,
  "k_far_min": 2,
  "k_far_max": 3,
  "k_far_std": 0.32852548467788645,
  "pressure_mean": 0.42912212804637423,
  "stress_mode": "control",
  "region_ppl_early": 14508.5966796875,
  "region_ppl_late": 39147.9296875,
  "quality_failed": false,
  "ppl_delta_pct": 0.0,
  "run_meta": {
    "git_sha": "7a99bb3",
    "hostname": "prune",
    "cpu": "x86_64",
    "torch_version": "2.6.0+rocm6.2.4",
    "dtype": "float32",
    "device": "cuda",
    "trained_max_ctx": 1024,
    "model_config": {
      "n_layer": 12,
      "n_head": 12,
      "n_embd": 768,
      "vocab_size": 50304
    },
    "gpu": "AMD Radeon Pro W7900",
    "gpu_count": 2,
    "gpu_mem_gb": 48.3
  },
  "controller_log": {
    "per_token": {
      "W": [
        512,
        512,
        512,
        512,
        512,
        512,
        512,
        512,
        512,
        512,
        512,
        512,
        512,
        512,
        512,
        512,
        512,
        512,
        512,
        512,
        512,
        512,
        512,
        512,
        512,
        512,
        512,
        512,
        512,
        512,
        512,
        512,
        512,
        512,
        512,
        512,
        512,
        512,
        512,
        512,
        512,
        512,
        512,
        512,
        512,
        512,
        512,
        512,
        512,
        512
      ],
      "k_far": [
        2,
        2,
        2,
        2,
        2,
        2,
        2,
        2,
        2,
        2,
        2,
        2,
        2,
        2,
        2,
        2,
        2,
        2,
        2,
        2,
        2,
        2,
        2,
        2,
        2,
        2,
        2,
        2,
        2,
        2,
        2,
        2,
        2,
        2,
        2,
        2,
        2,
        2,
        2,
        2,
        2,
        2,
        2,
        2,
        2,
        2,
        2,
        2,
        2,
        2
      ],
      "B_far_raw": [
        2.4565191962242,
        2.10922703919647,
        2.584728107383849,
        2.20786265958165,
        2.195656037281167,
        1.5959750770487906,
        1.8447197542845126,
        2.095528322599861,
        1.9182365070789977,
        2.0331683022934692,
        2.015765259176705,
        2.063970349209096,
        2.0884708811770145,
        2.173357278557458,
        1.880771404174764,
        2.1446268631448264,
        2.5469833749463087,
        2.222670313159528,
        2.6061944482588464,
        2.1424846254619236,
        2.2535528129083895,
        2.5163819950540236,
        2.070026243553701,
        2.3153700373386217,
        2.625575350471795,
        2.4944749560032786,
        2.4661119031014818,
        2.796161280756131,
        2.3812116972320707,
        2.2165995712793447,
        2.2881549396511116,
        2.471260193557093,
        2.4318478654145848,
        2.3164455221844644,
        2.21901918465145,
        2.025820787094747,
        2.143538724117663,
        2.2076153826955487,
        2.254124193243785,
        2.3540497133814107,
        2.316442875198595,
        1.9992543184112737,
        2.3353460581021186,
        2.243438432898281,
        2.2082569118460764,
        1.8986244542579849,
        2.076669404191294,
        2.249859538322392,
        2.4073104028149697,
        2.317727134329753
      ],
      "pressure": [
        0.4737411964055779,
        0.44252450927065734,
        0.4859387958031226,
        0.4544536161576322,
        0.4506567370793235,
        0.38838353513146784,
        0.39942029891069813,
        0.4184058861314739,
        0.4008166602570873,
        0.40887596801027687,
        0.40668720218828386,
        0.4108008811209345,
        0.41364957206190334,
        0.42294713263464767,
        0.39603340981174706,
        0.4184431299133945,
        0.4607752296366569,
        0.4380682125284998,
        0.4777137960591128,
        0.4400478324979519,
        0.44884446976148507,
        0.4755006065400871,
        0.4364201898841984,
        0.4564715810279989,
        0.4888125976292614,
        0.4829630526754293,
        0.48331313509029494,
        0.5182999219617602,
        0.4849914304472474,
        0.4667803996518082,
        0.469243839409797,
        0.48523179450448023,
        0.4830946105316171,
        0.4722093687188651,
        0.4606826821091692,
        0.4379870733177231,
        0.44319428384026,
        0.4467046418947031,
        0.4503192098784081,
        0.46041288764624044,
        0.4587316148339672,
        0.42792415119638544,
        0.45591866766264383,
        0.44895801393381607,
        0.44538579635776365,
        0.4136756678012449,
        0.4246900074046462,
        0.4401377955044785,
        0.4578497043857363,
        0.4536138527726662
      ]
    },
    "summary": {
      "W_mean": 440.12307692307695,
      "W_min_obs": 64,
      "W_max_obs": 512,
      "W_std": 160.935678282905,
      "B_far_raw_mean": 2.277851968754312,
      "k_far_mean": 2.123076923076923,
      "k_far_min": 2,
      "k_far_max": 3,
      "k_far_std": 0.32852548467788645,
      "pressure_mean": 0.42912212804637423,
      "entropy_mean": 5.727891049018273,
      "n_steps": 65
    }
  },
  "bpa_params": {
    "W_min": 64,
    "W_max": 512,
    "W_decay": 0.95,
    "W_pressure_thresh": 0.45,
    "B_far_max": 8,
    "B_far_target": 2.0,
    "B_far_scale": 5.0,
    "B_far_bias": 0.0,
    "gate_every_k": 4,
    "chunk_size": 64,
    "strategy": "ra_value"
  }
}