{
  "method": "bpa_v10",
  "seq_len": 512,
  "decode_steps": 64,
  "seed": 1,
  "context_regime": "in_range",
  "prefill_ms": 11.29525899887085,
  "decode_total_ms": 299.88791793584824,
  "decode_per_token_ms": 4.6683913096785545,
  "decode_p95_ms": 4.755114205181599,
  "gate_per_token_ms": 0.006132409907877445,
  "gate_pct_of_total": 0.032707708556254475,
  "throughput_toks_per_sec": 213.4130659231521,
  "ppl": 31475.150390625,
  "kv_bytes_read_per_token": 15962112.0,
  "kv_kept_mean": 433.0,
  "peak_cpu_rss_mb": 1034.17856,
  "peak_gpu_alloc_mb": 800.688128,
  "peak_gpu_reserved_mb": 845.152256,
  "W_mean": 405.66153846153844,
  "W_min_obs": 64,
  "W_max_obs": 512,
  "B_far_raw_mean": 2.2710576977065298,
  "k_far_mean": 2.0923076923076924,
  "k_far_min": 2,
  "k_far_max": 3,
  "k_far_std": 0.28945981111118124,
  "pressure_mean": 0.42699879359302656,
  "stress_mode": "control",
  "region_ppl_early": 19286.888671875,
  "region_ppl_late": 45849.25390625,
  "quality_failed": false,
  "ppl_delta_pct": 0.0,
  "run_meta": {
    "git_sha": "6a0457e",
    "hostname": "prune",
    "cpu": "x86_64",
    "torch_version": "2.6.0+rocm6.2.4",
    "dtype": "float32",
    "device": "cuda",
    "trained_max_ctx": 1024,
    "model_config": {
      "n_layer": 12,
      "n_head": 12,
      "n_embd": 768,
      "vocab_size": 50304
    },
    "gpu": "AMD Radeon Pro W7900",
    "gpu_count": 2,
    "gpu_mem_gb": 48.3
  },
  "controller_log": {
    "per_token": {
      "W": [
        256,
        512,
        512,
        512,
        512,
        512,
        512,
        512,
        512,
        512,
        512,
        512,
        512,
        512,
        512,
        512,
        512,
        512,
        512,
        512,
        512,
        512,
        512,
        512,
        512,
        512,
        512,
        512,
        512,
        512,
        512,
        512,
        512,
        512,
        512,
        512,
        512,
        512,
        512,
        512,
        512,
        512,
        512,
        512,
        512,
        512,
        512,
        512,
        512,
        512
      ],
      "k_far": [
        2,
        2,
        2,
        2,
        2,
        2,
        2,
        2,
        2,
        2,
        2,
        2,
        3,
        3,
        3,
        3,
        2,
        2,
        2,
        2,
        2,
        2,
        2,
        2,
        2,
        2,
        2,
        2,
        2,
        2,
        2,
        2,
        2,
        2,
        2,
        2,
        2,
        2,
        2,
        2,
        2,
        2,
        2,
        3,
        3,
        2,
        2,
        2,
        2,
        2
      ],
      "B_far_raw": [
        2.3333478074784075,
        2.4315929540870957,
        2.486642237598823,
        2.3364827611807932,
        2.1471554174900107,
        1.9987021356443524,
        2.3990867567654037,
        1.9367283795166554,
        2.0429054349576155,
        2.2832752413627313,
        2.2074558252210466,
        2.726313371003624,
        2.8140598856424957,
        2.54804966573598,
        2.5831873209245195,
        1.8736831779384095,
        1.825126444199717,
        2.0946682153218177,
        2.139665211180964,
        2.023781787571685,
        1.9925108691803193,
        1.9093935337657122,
        2.2070418653144195,
        2.4295003764245795,
        2.2365500640884326,
        2.286179474865401,
        2.248287263124552,
        2.224464694428092,
        2.2469811121514063,
        2.281057617765713,
        2.1034583702197054,
        1.9465961368621072,
        2.2705276858192565,
        2.0564964727676007,
        2.196203983139041,
        2.4576399267503115,
        2.3023142299568313,
        2.3297456565964847,
        2.447707772532885,
        2.213954600033933,
        2.3344965263312956,
        2.28069337199115,
        2.637751246400878,
        2.5743251862409884,
        2.1408907298083752,
        2.2079638385003086,
        2.1880135532139104,
        2.2988455275278676,
        2.3161072423884783,
        2.490778782101221
      ],
      "pressure": [
        0.4579390122315015,
        0.4695096367452064,
        0.4783763559108217,
        0.4671508265908073,
        0.44824723735079935,
        0.4296386783956741,
        0.46369749025441853,
        0.4206856247492762,
        0.42463534052418317,
        0.4454614704581627,
        0.44011824440687103,
        0.4922785831125964,
        0.5116500527941092,
        0.4952814156703357,
        0.5016608846845617,
        0.4337057862860192,
        0.41705628277248247,
        0.43360426109818473,
        0.43516983707733514,
        0.4221341357481788,
        0.41553148826227393,
        0.40381389183557126,
        0.42919168797395624,
        0.45388087610275785,
        0.4409896847055748,
        0.44721669140569403,
        0.4454313109450864,
        0.4438942824114052,
        0.4463456554785793,
        0.45036341943035035,
        0.4337731155003081,
        0.41547060387327495,
        0.4426334834688192,
        0.42352477290266005,
        0.4350504282699761,
        0.4620320963026696,
        0.45239870443280017,
        0.45675467540847875,
        0.4703897781842824,
        0.4508448161988462,
        0.46128822959017063,
        0.4570301292913738,
        0.49255762575371786,
        0.49321354444302046,
        0.4542003973607946,
        0.4557032579501641,
        0.4508861313715038,
        0.4593126446571552,
        0.46113010831289997,
        0.4790155303171334
      ]
    },
    "summary": {
      "W_mean": 405.66153846153844,
      "W_min_obs": 64,
      "W_max_obs": 512,
      "W_std": 187.60992895842955,
      "B_far_raw_mean": 2.2710576977065298,
      "k_far_mean": 2.0923076923076924,
      "k_far_min": 2,
      "k_far_max": 3,
      "k_far_std": 0.28945981111118124,
      "pressure_mean": 0.42699879359302656,
      "entropy_mean": 5.718609127631554,
      "n_steps": 65
    }
  },
  "bpa_params": {
    "W_min": 64,
    "W_max": 512,
    "W_decay": 0.95,
    "W_pressure_thresh": 0.45,
    "B_far_max": 8,
    "B_far_target": 2.0,
    "B_far_scale": 5.0,
    "B_far_bias": 0.0,
    "gate_every_k": 4,
    "chunk_size": 64,
    "strategy": "ra_value"
  }
}