{
  "method": "bpa_v10",
  "seq_len": 1024,
  "decode_steps": 64,
  "seed": 1,
  "context_regime": "in_range",
  "prefill_ms": 19.561124965548515,
  "decode_total_ms": 320.5833677202463,
  "decode_per_token_ms": 4.995575174689293,
  "decode_p95_ms": 5.096708238124847,
  "gate_per_token_ms": 0.005704932846128941,
  "gate_pct_of_total": 0.028464653034728154,
  "throughput_toks_per_sec": 199.63605864870982,
  "ppl": 26542.04296875,
  "kv_bytes_read_per_token": 16515072.0,
  "kv_kept_mean": 448.0,
  "peak_cpu_rss_mb": 1035.235328,
  "peak_gpu_alloc_mb": 1029.900288,
  "peak_gpu_reserved_mb": 1153.4336,
  "W_mean": 336.73846153846154,
  "W_min_obs": 64,
  "W_max_obs": 512,
  "B_far_raw_mean": 1.993323632942449,
  "k_far_mean": 2.0,
  "k_far_min": 2,
  "k_far_max": 2,
  "k_far_std": 0.0,
  "pressure_mean": 0.37288100542336866,
  "stress_mode": "control",
  "region_ppl_early": 25334.736328125,
  "region_ppl_late": 29537.728515625,
  "quality_failed": false,
  "ppl_delta_pct": 0.0,
  "run_meta": {
    "git_sha": "7a99bb3",
    "hostname": "prune",
    "cpu": "x86_64",
    "torch_version": "2.6.0+rocm6.2.4",
    "dtype": "float32",
    "device": "cuda",
    "trained_max_ctx": 1024,
    "model_config": {
      "n_layer": 12,
      "n_head": 12,
      "n_embd": 768,
      "vocab_size": 50304
    },
    "gpu": "AMD Radeon Pro W7900",
    "gpu_count": 2,
    "gpu_mem_gb": 48.3
  },
  "controller_log": {
    "per_token": {
      "W": [
        64,
        64,
        64,
        64,
        64,
        64,
        64,
        64,
        64,
        128,
        256,
        512,
        512,
        512,
        512,
        512,
        512,
        512,
        512,
        512,
        512,
        512,
        512,
        512,
        512,
        512,
        512,
        512,
        512,
        512,
        512,
        512,
        512,
        512,
        512,
        512,
        512,
        512,
        512,
        512,
        512,
        512,
        512,
        512,
        512,
        512,
        512,
        512,
        512,
        512
      ],
      "k_far": [
        2,
        2,
        2,
        2,
        2,
        2,
        2,
        2,
        2,
        2,
        2,
        2,
        2,
        2,
        2,
        2,
        2,
        2,
        2,
        2,
        2,
        2,
        2,
        2,
        2,
        2,
        2,
        2,
        2,
        2,
        2,
        2,
        2,
        2,
        2,
        2,
        2,
        2,
        2,
        2,
        2,
        2,
        2,
        2,
        2,
        2,
        2,
        2,
        2,
        2
      ],
      "B_far_raw": [
        1.8489262048855695,
        1.7773824633057618,
        1.7264030704558833,
        1.9223269502829554,
        2.204741255898072,
        2.030755066681639,
        2.1103584278378493,
        2.093388493673664,
        2.206229246916947,
        2.52698600143462,
        2.2968833221003035,
        2.1132715004136857,
        1.9788168047440853,
        1.8565051164010618,
        1.848718737508027,
        1.6714163924720666,
        1.9245714826218454,
        2.010009765959999,
        1.8884705347638984,
        2.0236561390052334,
        1.9534759497079188,
        1.6880750682897931,
        2.026031975694043,
        2.07104069141784,
        1.9332747857233084,
        2.049693371936243,
        1.918985837578353,
        2.2112647679401682,
        1.7198335460724568,
        1.7366474565345724,
        2.024812841820678,
        2.076472547700297,
        2.0004277899735294,
        1.7685775941314812,
        1.6427509380706105,
        1.6841467884499104,
        1.605276886995819,
        1.834363274570122,
        1.766603940208077,
        2.0012533511615507,
        2.2829966497268925,
        2.0675688214331105,
        2.1102415872924443,
        2.2835179463243582,
        2.5516958682752566,
        2.32875692483528,
        2.142925119737458,
        2.069177555701993,
        2.3474433987420884,
        1.9912324218795068
      ],
      "pressure": [
        0.3712465944156411,
        0.363799949569955,
        0.35703731890320667,
        0.3742783659235079,
        0.4045572013116362,
        0.3944367923635886,
        0.4047399726737575,
        0.4065093218361015,
        0.42022707254015607,
        0.45650650336057,
        0.44327437481240917,
        0.42813365056527775,
        0.4135923109018096,
        0.39779535207690875,
        0.391717848428266,
        0.36959279373933784,
        0.3878463997053308,
        0.39580380740295384,
        0.38488951344115296,
        0.39696899256761187,
        0.3915034206845674,
        0.36480168639415816,
        0.3931600425873433,
        0.40007018467001604,
        0.3891211848232733,
        0.40026979790884454,
        0.38913281976873637,
        0.4172935823543048,
        0.3731423344142794,
        0.3689886004205334,
        0.3934733171264202,
        0.4009371379619252,
        0.39620413650487535,
        0.3737954012186367,
        0.3571967591340815,
        0.3556070298680197,
        0.343964505287003,
        0.36229131846686546,
        0.3564316523200928,
        0.3792744205597447,
        0.411644000350792,
        0.39909228344033115,
        0.4062438561955227,
        0.4267323843513074,
        0.45954441752911007,
        0.4474094744103007,
        0.43249467601186964,
        0.4243379891954476,
        0.4500640778884473,
        0.4183279005741833
      ]
    },
    "summary": {
      "W_mean": 336.73846153846154,
      "W_min_obs": 64,
      "W_max_obs": 512,
      "W_std": 216.0238075856154,
      "B_far_raw_mean": 1.993323632942449,
      "k_far_mean": 2.0,
      "k_far_min": 2,
      "k_far_max": 2,
      "k_far_std": 0.0,
      "pressure_mean": 0.37288100542336866,
      "entropy_mean": 4.822491788864136,
      "n_steps": 65
    }
  },
  "bpa_params": {
    "W_min": 64,
    "W_max": 512,
    "W_decay": 0.95,
    "W_pressure_thresh": 0.45,
    "B_far_max": 8,
    "B_far_target": 2.0,
    "B_far_scale": 5.0,
    "B_far_bias": 0.0,
    "gate_every_k": 4,
    "chunk_size": 64,
    "strategy": "ra_value"
  }
}