{
  "label_stats": {
    "mean": 0.5312685966491699,
    "std": 0.19628484547138214,
    "min": 0.0,
    "max": 0.7871598601341248,
    "percentiles": {
      "25": 0.4169791340827942,
      "50": 0.6004904508590698,
      "75": 0.6893417835235596,
      "90": 0.7263510465621948,
      "95": 0.7382034093141556
    }
  },
  "binary_stats": {
    "threshold": 0.6893417835235596,
    "positive_rate": 0.24999891493055557,
    "class_ratio": 3.000017359986451
  },
  "degenerate": false,
  "feature_stats": {
    "local_attn_entropy": {
      "mean": 0.9929646253585815,
      "std": 0.0026120911352336407,
      "min": 0.9667351245880127,
      "max": 0.9988272190093994
    },
    "local_attn_max": {
      "mean": 0.026921512559056282,
      "std": 0.0036821765825152397,
      "min": 0.0187406986951828,
      "max": 0.08258695900440216
    },
    "boundary_band_mass": {
      "mean": 0.057656098157167435,
      "std": 0.024746496230363846,
      "min": 0.02005194127559662,
      "max": 0.19620585441589355
    },
    "query_norm": {
      "mean": 4.410541534423828,
      "std": 0.3854098916053772,
      "min": 2.5448169708251953,
      "max": 6.228175163269043
    },
    "query_spike": {
      "mean": 1.010120153427124,
      "std": 0.15152691304683685,
      "min": 0.5717192888259888,
      "max": 5.809627532958984
    },
    "pos_normalized": {
      "mean": 0.6266543865203857,
      "std": 0.21963439881801605,
      "min": 0.250980406999588,
      "max": 1.0
    },
    "pos_bucket": {
      "mean": 1.3512500524520874,
      "std": 0.6794286966323853,
      "min": 0.0,
      "max": 2.0
    }
  },
  "per_layer": {
    "layer_0": {
      "mean_bp": 0.531825840473175,
      "pos_rate": 0.25220052083333333
    },
    "layer_1": {
      "mean_bp": 0.5306079387664795,
      "pos_rate": 0.24954427083333333
    },
    "layer_2": {
      "mean_bp": 0.531220018863678,
      "pos_rate": 0.2519661458333333
    },
    "layer_3": {
      "mean_bp": 0.5324981808662415,
      "pos_rate": 0.2535677083333333
    },
    "layer_4": {
      "mean_bp": 0.5283173322677612,
      "pos_rate": 0.24291666666666667
    },
    "layer_5": {
      "mean_bp": 0.531366229057312,
      "pos_rate": 0.2557552083333333
    },
    "layer_6": {
      "mean_bp": 0.5332878828048706,
      "pos_rate": 0.25397135416666666
    },
    "layer_7": {
      "mean_bp": 0.530613362789154,
      "pos_rate": 0.24598958333333334
    },
    "layer_8": {
      "mean_bp": 0.5310027003288269,
      "pos_rate": 0.2465625
    },
    "layer_9": {
      "mean_bp": 0.5322033166885376,
      "pos_rate": 0.250078125
    },
    "layer_10": {
      "mean_bp": 0.5319037437438965,
      "pos_rate": 0.24938802083333333
    },
    "layer_11": {
      "mean_bp": 0.5303767919540405,
      "pos_rate": 0.248046875
    }
  },
  "per_head": {
    "head_0": {
      "mean_bp": 0.5265085101127625,
      "pos_rate": 0.23477864583333333
    },
    "head_1": {
      "mean_bp": 0.5322346091270447,
      "pos_rate": 0.25513020833333333
    },
    "head_2": {
      "mean_bp": 0.5335595607757568,
      "pos_rate": 0.25830729166666666
    },
    "head_3": {
      "mean_bp": 0.530822217464447,
      "pos_rate": 0.2459375
    },
    "head_4": {
      "mean_bp": 0.5308521389961243,
      "pos_rate": 0.24733072916666668
    },
    "head_5": {
      "mean_bp": 0.5312315821647644,
      "pos_rate": 0.2494140625
    },
    "head_6": {
      "mean_bp": 0.5329903960227966,
      "pos_rate": 0.25555989583333333
    },
    "head_7": {
      "mean_bp": 0.5336712002754211,
      "pos_rate": 0.25453125
    },
    "head_8": {
      "mean_bp": 0.5320623517036438,
      "pos_rate": 0.25545572916666665
    },
    "head_9": {
      "mean_bp": 0.527927577495575,
      "pos_rate": 0.241875
    },
    "head_10": {
      "mean_bp": 0.5319664478302002,
      "pos_rate": 0.250703125
    },
    "head_11": {
      "mean_bp": 0.5313963890075684,
      "pos_rate": 0.2509635416666667
    }
  },
  "position_buckets": {
    "early": {
      "count": 107712,
      "mean_bp": 0.12905636429786682,
      "pos_rate": 0.0
    },
    "mid": {
      "count": 382464,
      "mean_bp": 0.4667741060256958,
      "pos_rate": 0.0
    },
    "late": {
      "count": 431424,
      "mean_bp": 0.6888628005981445,
      "pos_rate": 0.5340430759531227
    }
  },
  "sanity_checks": {
    "labels_non_degenerate": true,
    "features_finite": true,
    "label_variance": true,
    "all_features_varied": true
  },
  "all_checks_pass": true,
  "collection": {
    "n_samples": 200,
    "batch_size": 4,
    "seq_len": 256,
    "n_positions": 8,
    "local_window": 64,
    "seed": 1,
    "total_examples": 921600,
    "n_shards": 10,
    "elapsed_s": 53.6
  }
}