{
  "signal": "A1_attnKL_noise_K",
  "category": "activation_noise",
  "cost": "medium",
  "needs_backward": false,
  "raw_scores": {
    "0": 2.1341743092762044e-06,
    "1": 7.830396839381137e-06,
    "2": 1.5980249827407533e-05,
    "3": 7.163614054661593e-05,
    "4": 7.839754880478722e-05,
    "5": 0.000182311050593853,
    "6": 9.326315466751112e-05,
    "7": 0.0006120408979768399,
    "8": 0.0006052634416846558,
    "9": 0.0011123232143290807,
    "10": 0.00017979896438191645,
    "11": 0.0017569484189152718,
    "12": 0.00014241879671317292,
    "13": 0.0004286406037863344,
    "14": 0.0002098132699757116,
    "15": 0.0003267358952143695,
    "16": 0.000523946591783897,
    "17": 0.0003540405523381196,
    "18": 0.0005529042864509393,
    "19": 0.0003676940832519904,
    "20": 0.000777363220549887,
    "21": 0.0017910012757056393,
    "22": 0.0010948896051559132,
    "23": 0.001899176546430681
  },
  "transformed": {
    "raw": {
      "0": 2.1341743092762044e-06,
      "1": 7.830396839381137e-06,
      "2": 1.5980249827407533e-05,
      "3": 7.163614054661593e-05,
      "4": 7.839754880478722e-05,
      "5": 0.000182311050593853,
      "6": 9.326315466751112e-05,
      "7": 0.0006120408979768399,
      "8": 0.0006052634416846558,
      "9": 0.0011123232143290807,
      "10": 0.00017979896438191645,
      "11": 0.0017569484189152718,
      "12": 0.00014241879671317292,
      "13": 0.0004286406037863344,
      "14": 0.0002098132699757116,
      "15": 0.0003267358952143695,
      "16": 0.000523946591783897,
      "17": 0.0003540405523381196,
      "18": 0.0005529042864509393,
      "19": 0.0003676940832519904,
      "20": 0.000777363220549887,
      "21": 0.0017910012757056393,
      "22": 0.0010948896051559132,
      "23": 0.001899176546430681
    },
    "sqrt": {
      "0": 0.0014608813467479843,
      "1": 0.0027982846244406835,
      "2": 0.003997530466101232,
      "3": 0.008463813593565015,
      "4": 0.00885423903024914,
      "5": 0.013502260943777268,
      "6": 0.00965728505675954,
      "7": 0.024739460341261284,
      "8": 0.024602102383427638,
      "9": 0.03335150992577519,
      "10": 0.013408913616766887,
      "11": 0.04191596854320882,
      "12": 0.011933934670223937,
      "13": 0.020703637453025843,
      "14": 0.01448493251540067,
      "15": 0.01807583733093351,
      "16": 0.02288987968041547,
      "17": 0.01881596535759246,
      "18": 0.023513916867483803,
      "19": 0.019175350929044047,
      "20": 0.02788123420062116,
      "21": 0.042320223011057485,
      "22": 0.03308911611324656,
      "23": 0.04357954275150992
    },
    "root4": {
      "0": 0.03822147755840928,
      "1": 0.052898814962536574,
      "2": 0.06322602680938627,
      "3": 0.09199898691597107,
      "4": 0.09409696610544434,
      "5": 0.11619922953177128,
      "6": 0.09827148648900931,
      "7": 0.1572878264242382,
      "8": 0.1568505734239682,
      "9": 0.1826239576993533,
      "10": 0.11579686358777981,
      "11": 0.2047338969081789,
      "12": 0.10924254972410676,
      "13": 0.14388758616720848,
      "14": 0.12035336520181175,
      "15": 0.13444641062867208,
      "16": 0.15129401733186765,
      "17": 0.13717129932166008,
      "18": 0.15334248226595198,
      "19": 0.13847509136680158,
      "20": 0.1669767474848554,
      "21": 0.20571879595957557,
      "22": 0.18190413990134077,
      "23": 0.20875713820492445
    },
    "root8": {
      "0": 0.1955031395103651,
      "1": 0.2299974238171736,
      "2": 0.2514478610157308,
      "3": 0.30331334773789803,
      "4": 0.30675228785690306,
      "5": 0.34088008086682225,
      "6": 0.31348283284577055,
      "7": 0.39659529299304375,
      "8": 0.39604365090728094,
      "9": 0.42734524415202435,
      "10": 0.34028938212612486,
      "11": 0.4524752997768816,
      "12": 0.33051860722825693,
      "13": 0.3793251720716785,
      "14": 0.3469198253225257,
      "15": 0.3666693478171745,
      "16": 0.3889653163610705,
      "17": 0.3703664392485638,
      "18": 0.39158968610773187,
      "19": 0.37212241449125527,
      "20": 0.4086278838807447,
      "21": 0.4535623396618987,
      "22": 0.4265022155878452,
      "23": 0.45689948369955996
    },
    "log1p": {
      "0": 2.1341720319294536e-06,
      "1": 7.830366181983845e-06,
      "2": 1.5980122144575527e-05,
      "3": 7.163357480083242e-05,
      "4": 7.839447587756352e-05,
      "5": 0.00018229443395383605,
      "6": 9.325880592988441e-05,
      "7": 0.0006118536773336738,
      "8": 0.00060508034364571,
      "9": 0.0011117050412255758,
      "10": 0.00017978280248535252,
      "11": 0.0017554067904855316,
      "12": 0.00014240865611914034,
      "13": 0.00042854876364606544,
      "14": 0.00020979126224987077,
      "15": 0.0003266825286659536,
      "16": 0.0005238093796941552,
      "17": 0.0003539778947702134,
      "18": 0.0005527514911941254,
      "19": 0.0003676265003486094,
      "20": 0.0007770612302555195,
      "21": 0.0017893993453418672,
      "22": 0.0010942906506849902,
      "23": 0.0018973753907679319
    }
  },
  "compute_time_s": 3.2
}