{
  "signal": "A2_attnKL_noise_V",
  "category": "activation_noise",
  "cost": "medium",
  "needs_backward": false,
  "raw_scores": {
    "0": 5.331368674887926e-05,
    "1": 8.422676455666078e-05,
    "2": 0.0001038795317072072,
    "3": 0.001737334008794278,
    "4": 0.00017479608050052775,
    "5": 0.0005424443006631918,
    "6": 0.0002777457866613986,
    "7": 0.0014019860391272232,
    "8": 0.00030429203252424486,
    "9": 0.002777933841571212,
    "10": 0.0002644550877448637,
    "11": 0.004325383430114016,
    "12": 0.00013963236142444657,
    "13": 0.0018450703209964558,
    "14": 0.00017943752936844248,
    "15": 0.0003697371867019683,
    "16": 0.004382927669212222,
    "17": 0.0011856416385853663,
    "18": 0.0007243857071443927,
    "19": 0.0004319331856095232,
    "20": 0.0014879469526931643,
    "21": 0.002078854595310986,
    "22": 0.00020521445549093187,
    "23": 0.00021462824224727228
  },
  "transformed": {
    "raw": {
      "0": 5.331368674887926e-05,
      "1": 8.422676455666078e-05,
      "2": 0.0001038795317072072,
      "3": 0.001737334008794278,
      "4": 0.00017479608050052775,
      "5": 0.0005424443006631918,
      "6": 0.0002777457866613986,
      "7": 0.0014019860391272232,
      "8": 0.00030429203252424486,
      "9": 0.002777933841571212,
      "10": 0.0002644550877448637,
      "11": 0.004325383430114016,
      "12": 0.00013963236142444657,
      "13": 0.0018450703209964558,
      "14": 0.00017943752936844248,
      "15": 0.0003697371867019683,
      "16": 0.004382927669212222,
      "17": 0.0011856416385853663,
      "18": 0.0007243857071443927,
      "19": 0.0004319331856095232,
      "20": 0.0014879469526931643,
      "21": 0.002078854595310986,
      "22": 0.00020521445549093187,
      "23": 0.00021462824224727228
    },
    "sqrt": {
      "0": 0.0073016221998182885,
      "1": 0.009177514072811917,
      "2": 0.01019213087176608,
      "3": 0.041681338855587134,
      "4": 0.01322104687611869,
      "5": 0.023290433672716184,
      "6": 0.016665706905541047,
      "7": 0.03744310402633873,
      "8": 0.017443968370879512,
      "9": 0.052706108199820745,
      "10": 0.016262075136490535,
      "11": 0.06576764729039664,
      "12": 0.011816613788410221,
      "13": 0.042954281753935265,
      "14": 0.01339542942083017,
      "15": 0.019228551341740965,
      "16": 0.06620368319974518,
      "17": 0.034433147381344134,
      "18": 0.026914414486375004,
      "19": 0.0207830023242438,
      "20": 0.038573915444159466,
      "21": 0.04559445794513831,
      "22": 0.014325308216262989,
      "23": 0.014650195979824716
    },
    "root4": {
      "0": 0.08544953013222652,
      "1": 0.09579934275772416,
      "2": 0.10095608387693177,
      "3": 0.2041600814448974,
      "4": 0.11498281122028062,
      "5": 0.1526120364608119,
      "6": 0.1290957276812097,
      "7": 0.19350220677382138,
      "8": 0.13207561611016438,
      "9": 0.22957810914767277,
      "10": 0.1275228416264731,
      "11": 0.25645203701744435,
      "12": 0.10870424917366488,
      "13": 0.20725414773638492,
      "14": 0.11573862544902704,
      "15": 0.13866705211311361,
      "16": 0.2573007640869828,
      "17": 0.18556170774527844,
      "18": 0.16405613212060988,
      "19": 0.1441631101365526,
      "20": 0.19640243237841906,
      "21": 0.21352858812144643,
      "22": 0.11968837962084285,
      "23": 0.12103799395158826
    },
    "root8": {
      "0": 0.2923175159517926,
      "1": 0.3095146890823183,
      "2": 0.31773587124675073,
      "3": 0.4518407700118454,
      "4": 0.3390911547361279,
      "5": 0.3906559054472515,
      "6": 0.3592989391595941,
      "7": 0.4398888572967283,
      "8": 0.3634220908395146,
      "9": 0.4791430988208771,
      "10": 0.35710340466939416,
      "11": 0.5064109369054388,
      "12": 0.32970327443576425,
      "13": 0.455251741058049,
      "14": 0.34020379987446797,
      "15": 0.37238025204502134,
      "16": 0.507248227288162,
      "17": 0.43076874044582025,
      "18": 0.40503843289323777,
      "19": 0.37968817487058065,
      "20": 0.44317314040724426,
      "21": 0.4620915365178705,
      "22": 0.3459600838548327,
      "23": 0.3479051507977257
    },
    "log1p": {
      "0": 5.3312265624791904e-05,
      "1": 8.422321768188674e-05,
      "2": 0.00010387413660227744,
      "3": 0.0017358265897396098,
      "4": 0.0001747808054456358,
      "5": 0.0005422972309358843,
      "6": 0.0002777072224409291,
      "7": 0.0014010041743003183,
      "8": 0.00030424574509340887,
      "9": 0.0027740825141968806,
      "10": 0.00026442012566194463,
      "11": 0.004316055846449826,
      "12": 0.00013962261373365293,
      "13": 0.0018433702695734853,
      "14": 0.00017942143238054326,
      "15": 0.0003696688507520622,
      "16": 0.00437335061522833,
      "17": 0.0011849393206145981,
      "18": 0.0007241234664526659,
      "19": 0.0004318399293237978,
      "20": 0.001486841056500147,
      "21": 0.0020766967671199624,
      "22": 0.0002051934018848476,
      "23": 0.00021460521290119365
    }
  },
  "compute_time_s": 3.0
}