{
  "signal": "A3_attnKL_noise_KV",
  "category": "activation_noise",
  "cost": "medium",
  "needs_backward": false,
  "raw_scores": {
    "0": 0.00010455037681822432,
    "1": 9.45077099459013e-05,
    "2": 0.00011740747049771016,
    "3": 0.0017075144278351218,
    "4": 0.00028053841924702283,
    "5": 0.000862148059241008,
    "6": 0.000366598651453387,
    "7": 0.0020914750348310918,
    "8": 0.0009793245044420473,
    "9": 0.0034576711186673492,
    "10": 0.0004366142638900783,
    "11": 0.005064503900939599,
    "12": 0.0002756517660600366,
    "13": 0.0021020225394750014,
    "14": 0.00038976340874796733,
    "15": 0.0006623927110922523,
    "16": 0.004580168722895905,
    "17": 0.0017014736513374373,
    "18": 0.001353579449641984,
    "19": 0.0007043161058390979,
    "20": 0.0019668344757519662,
    "21": 0.0039024318975862116,
    "22": 0.0010013287464971654,
    "23": 0.002048438873316627
  },
  "transformed": {
    "raw": {
      "0": 0.00010455037681822432,
      "1": 9.45077099459013e-05,
      "2": 0.00011740747049771016,
      "3": 0.0017075144278351218,
      "4": 0.00028053841924702283,
      "5": 0.000862148059241008,
      "6": 0.000366598651453387,
      "7": 0.0020914750348310918,
      "8": 0.0009793245044420473,
      "9": 0.0034576711186673492,
      "10": 0.0004366142638900783,
      "11": 0.005064503900939599,
      "12": 0.0002756517660600366,
      "13": 0.0021020225394750014,
      "14": 0.00038976340874796733,
      "15": 0.0006623927110922523,
      "16": 0.004580168722895905,
      "17": 0.0017014736513374373,
      "18": 0.001353579449641984,
      "19": 0.0007043161058390979,
      "20": 0.0019668344757519662,
      "21": 0.0039024318975862116,
      "22": 0.0010013287464971654,
      "23": 0.002048438873316627
    },
    "sqrt": {
      "0": 0.010224987863964648,
      "1": 0.009721507596350543,
      "2": 0.01083547278607215,
      "3": 0.04132208160094457,
      "4": 0.01674928115612795,
      "5": 0.029362357862423243,
      "6": 0.019146766083424818,
      "7": 0.04573264736302822,
      "8": 0.03129416086815633,
      "9": 0.058801965261948086,
      "10": 0.020895316793245283,
      "11": 0.07116532794092639,
      "12": 0.016602763807873573,
      "13": 0.04584781935354179,
      "14": 0.019742426617515064,
      "15": 0.02573699110409475,
      "16": 0.06767694380581843,
      "17": 0.041248923032455496,
      "18": 0.03679102403633234,
      "19": 0.026538954497852735,
      "20": 0.04434900760729563,
      "21": 0.06246944771315184,
      "22": 0.03164377895411933,
      "23": 0.045259682647104664
    },
    "root4": {
      "0": 0.10111868207193292,
      "1": 0.09859770583715699,
      "2": 0.10409357706444788,
      "3": 0.20327833529656958,
      "4": 0.1294190138894898,
      "5": 0.17135448013525426,
      "6": 0.13837183992209115,
      "7": 0.21385192859319324,
      "8": 0.1769015569975469,
      "9": 0.24249116532762197,
      "10": 0.14455212483130533,
      "11": 0.2667683038535995,
      "12": 0.12885171247551805,
      "13": 0.21412103902592522,
      "14": 0.14050774575629296,
      "15": 0.16042752601749724,
      "16": 0.2601479267759373,
      "17": 0.20309830878777768,
      "18": 0.19180986428318106,
      "19": 0.16290780981233752,
      "20": 0.210592040702624,
      "21": 0.24993888795694005,
      "22": 0.1778869836556889,
      "23": 0.21274323173042348
    },
    "root8": {
      "0": 0.31799163836794975,
      "1": 0.31400271628945664,
      "2": 0.32263536238987794,
      "3": 0.4508639875800346,
      "4": 0.35974854258146727,
      "5": 0.41394985219861385,
      "6": 0.37198365545019735,
      "7": 0.46244127042597877,
      "8": 0.4205966678393291,
      "9": 0.49243391975738426,
      "10": 0.3802001115614057,
      "11": 0.5164961799022327,
      "12": 0.35895920725831515,
      "13": 0.46273214609093805,
      "14": 0.37484362840562324,
      "15": 0.4005340510087716,
      "16": 0.5100469848709404,
      "17": 0.45066429721886964,
      "18": 0.43796103055315444,
      "19": 0.40361839627591,
      "20": 0.45890308421563697,
      "21": 0.4999388842218017,
      "22": 0.4217665037146607,
      "23": 0.46124096926706704
    },
    "log1p": {
      "0": 0.00010454491180848713,
      "1": 9.450324437363348e-05,
      "2": 0.00011740057878006665,
      "3": 0.001706058282431697,
      "4": 0.0002804990757027645,
      "5": 0.000861776623076296,
      "6": 0.00036653147058620533,
      "7": 0.002089290945702181,
      "8": 0.0009788452790521378,
      "9": 0.0034517071176337023,
      "10": 0.0004365189756174992,
      "11": 0.005051722437408907,
      "12": 0.0002756137810922259,
      "13": 0.0020998163811521736,
      "14": 0.00038968747072183645,
      "15": 0.0006621734258703433,
      "16": 0.004569711668023845,
      "17": 0.001700027784881125,
      "18": 0.0013526641868062859,
      "19": 0.0007040681916504333,
      "20": 0.0019649027892814507,
      "21": 0.003894837162440802,
      "22": 0.0010008277512806006,
      "23": 0.0020463436831658463
    }
  },
  "compute_time_s": 3.0
}