{
  "signal": "A4_logitKL_noise",
  "category": "activation_noise",
  "cost": "high",
  "needs_backward": false,
  "raw_scores": {
    "0": 4.214819073677063,
    "1": 0.0021541521055041812,
    "2": 0.0052508543431031285,
    "3": 0.006918284168932587,
    "4": 0.0040164567581086885,
    "5": 0.001220102669321932,
    "6": 0.003733626515895594,
    "7": 0.010013803810579702,
    "8": 0.0017371372232446447,
    "9": 0.004416315088747069,
    "10": 0.0015202389258774929,
    "11": 0.005138465203344822,
    "12": 0.0010911010485870065,
    "13": 0.001548251893837005,
    "14": 0.005192900556721725,
    "15": 0.0011220920132473111,
    "16": 0.004845277435379103,
    "17": 0.0011617163945629727,
    "18": 0.0013530727701436263,
    "19": 0.00089524123177398,
    "20": 0.0007944985318317777,
    "21": 0.0007710716054134537,
    "22": 0.00017918101730174385,
    "23": 0.00034437794784025755
  },
  "transformed": {
    "raw": {
      "0": 4.214819073677063,
      "1": 0.0021541521055041812,
      "2": 0.0052508543431031285,
      "3": 0.006918284168932587,
      "4": 0.0040164567581086885,
      "5": 0.001220102669321932,
      "6": 0.003733626515895594,
      "7": 0.010013803810579702,
      "8": 0.0017371372232446447,
      "9": 0.004416315088747069,
      "10": 0.0015202389258774929,
      "11": 0.005138465203344822,
      "12": 0.0010911010485870065,
      "13": 0.001548251893837005,
      "14": 0.005192900556721725,
      "15": 0.0011220920132473111,
      "16": 0.004845277435379103,
      "17": 0.0011617163945629727,
      "18": 0.0013530727701436263,
      "19": 0.00089524123177398,
      "20": 0.0007944985318317777,
      "21": 0.0007710716054134537,
      "22": 0.00017918101730174385,
      "23": 0.00034437794784025755
    },
    "sqrt": {
      "0": 2.053002453402592,
      "1": 0.04641284418675698,
      "2": 0.07246277901863224,
      "3": 0.08317622357941352,
      "4": 0.06337552175807856,
      "5": 0.03492996806929448,
      "6": 0.061103408381984664,
      "7": 0.10006899525117509,
      "8": 0.041678978193384786,
      "9": 0.0664553616252825,
      "10": 0.03899024141855873,
      "11": 0.07168308868446463,
      "12": 0.03303181872962805,
      "13": 0.03934783213643421,
      "14": 0.07206178291384223,
      "15": 0.03349764190577168,
      "16": 0.06960802709012161,
      "17": 0.034083960957655327,
      "18": 0.03678413747994679,
      "19": 0.02992058207612245,
      "20": 0.028186850335427293,
      "21": 0.027768176126880456,
      "22": 0.013385851385016339,
      "23": 0.018557422984893608
    },
    "root4": {
      "0": 1.4328302249054465,
      "1": 0.21543640404248532,
      "2": 0.2691891138560998,
      "3": 0.28840288413851467,
      "4": 0.25174495378870765,
      "5": 0.18689560741037892,
      "6": 0.2471910362088089,
      "7": 0.3163368382771363,
      "8": 0.2041542999630054,
      "9": 0.2577893745391429,
      "10": 0.19745946778657825,
      "11": 0.26773697668507546,
      "12": 0.1817465783161489,
      "13": 0.19836287993582422,
      "14": 0.268443258276013,
      "15": 0.18302361024133385,
      "16": 0.2638333320301315,
      "17": 0.1846184198763908,
      "18": 0.19179191192526027,
      "19": 0.1729756690292668,
      "20": 0.16788939911568954,
      "21": 0.1666378592243685,
      "22": 0.1156972401789098,
      "23": 0.13622563262798087
    },
    "root8": {
      "0": 1.1970088658424576,
      "1": 0.4641512728006736,
      "2": 0.5188343799866194,
      "3": 0.537031548550469,
      "4": 0.5017419195051452,
      "5": 0.4323142461339655,
      "6": 0.4971831012904691,
      "7": 0.5624382973065901,
      "8": 0.45183437226820783,
      "9": 0.5077296273994092,
      "10": 0.44436411622292166,
      "11": 0.517433064932147,
      "12": 0.42631746189447706,
      "13": 0.4453794785750958,
      "14": 0.518115101378075,
      "15": 0.42781258775465436,
      "16": 0.5136470889921713,
      "17": 0.4296724565019159,
      "18": 0.43794053469079597,
      "19": 0.4159034371452907,
      "20": 0.40974308916159835,
      "21": 0.40821300717195247,
      "22": 0.34014297020357454,
      "23": 0.3690875676963136
    },
    "log1p": {
      "0": 1.6515043944045118,
      "1": 0.0021518352465052203,
      "2": 0.0052371166761118896,
      "3": 0.0068944626472727056,
      "4": 0.004008412328538658,
      "5": 0.0012193589489421014,
      "6": 0.003726673832856238,
      "7": 0.009963997898961411,
      "8": 0.0017356301454599758,
      "9": 0.004406591786199783,
      "10": 0.0015190845325026797,
      "11": 0.005125308342489481,
      "12": 0.0010905062304696893,
      "13": 0.0015470545875354705,
      "14": 0.005179463945209857,
      "15": 0.001121462938546702,
      "16": 0.004833576858472414,
      "17": 0.0011610421242290187,
      "18": 0.0013521581920837974,
      "19": 0.0008948407423477207,
      "20": 0.0007941830849435718,
      "21": 0.000770774482428704,
      "22": 0.00017916496630059105,
      "23": 0.0003443186633652316
    }
  },
  "compute_time_s": 2.9
}