{
  "signal": "A5_slope_attnKL",
  "category": "activation_noise",
  "cost": "high",
  "needs_backward": false,
  "raw_scores": {
    "0": 0.001357365772491903,
    "1": 0.001597916079845163,
    "2": 0.0018548195566836512,
    "3": 0.027496869588503614,
    "4": 0.0035895988548872992,
    "5": 0.010489896012586541,
    "6": 0.004843420392717235,
    "7": 0.025235668872483075,
    "8": 0.01621469360543415,
    "9": 0.05439761240268126,
    "10": 0.005788064481748734,
    "11": 0.08012772188521922,
    "12": 0.004006384824606357,
    "13": 0.03038771727005951,
    "14": 0.005219194499659352,
    "15": 0.009010395733639598,
    "16": 0.07606436673086137,
    "17": 0.02002398032345809,
    "18": 0.017602248262846842,
    "19": 0.011574623858905397,
    "20": 0.037796148972120136,
    "21": 0.06231154897250235,
    "22": 0.010668976756278425,
    "23": 0.012790619803126901
  },
  "transformed": {
    "raw": {
      "0": 0.001357365772491903,
      "1": 0.001597916079845163,
      "2": 0.0018548195566836512,
      "3": 0.027496869588503614,
      "4": 0.0035895988548872992,
      "5": 0.010489896012586541,
      "6": 0.004843420392717235,
      "7": 0.025235668872483075,
      "8": 0.01621469360543415,
      "9": 0.05439761240268126,
      "10": 0.005788064481748734,
      "11": 0.08012772188521922,
      "12": 0.004006384824606357,
      "13": 0.03038771727005951,
      "14": 0.005219194499659352,
      "15": 0.009010395733639598,
      "16": 0.07606436673086137,
      "17": 0.02002398032345809,
      "18": 0.017602248262846842,
      "19": 0.011574623858905397,
      "20": 0.037796148972120136,
      "21": 0.06231154897250235,
      "22": 0.010668976756278425,
      "23": 0.012790619803126901
    },
    "sqrt": {
      "0": 0.03684244525668598,
      "1": 0.03997394251065515,
      "2": 0.04306761610170281,
      "3": 0.16582180070335628,
      "4": 0.05991326109374534,
      "5": 0.10242019338288003,
      "6": 0.06959468652646719,
      "7": 0.1588573853255903,
      "8": 0.12733692946444936,
      "9": 0.23323295736812424,
      "10": 0.0760793301873034,
      "11": 0.2830684049575636,
      "12": 0.06329600954725627,
      "13": 0.1743207310392528,
      "14": 0.07224399282749641,
      "15": 0.09492310431944163,
      "16": 0.27579769167065443,
      "17": 0.1415061140850744,
      "18": 0.13267346480305262,
      "19": 0.10758542586663584,
      "20": 0.19441231692493183,
      "21": 0.24962281340555065,
      "22": 0.10329073896665869,
      "23": 0.11309562238710613
    },
    "root4": {
      "0": 0.1919438596482992,
      "1": 0.19993484566391911,
      "2": 0.20752738638961077,
      "3": 0.4072122305424486,
      "4": 0.24477185519120728,
      "5": 0.32003155060537397,
      "6": 0.2638080486385266,
      "7": 0.39856917257308083,
      "8": 0.35684300394494123,
      "9": 0.48294198136849137,
      "10": 0.27582481793214947,
      "11": 0.5320417323458411,
      "12": 0.2515869820703294,
      "13": 0.41751734220179737,
      "14": 0.26878242656002715,
      "15": 0.3080959336301627,
      "16": 0.5251644425041117,
      "17": 0.3761729842573419,
      "18": 0.36424368876214264,
      "19": 0.32800217356998695,
      "20": 0.4409221211562557,
      "21": 0.4996226710283978,
      "22": 0.3213887660865866,
      "23": 0.33629692592574517
    },
    "root8": {
      "0": 0.43811398020184106,
      "1": 0.44714074480404836,
      "2": 0.45555173843330987,
      "3": 0.638131828498194,
      "4": 0.49474423209493534,
      "5": 0.5657133113206494,
      "6": 0.5136224767653053,
      "7": 0.6313233502517397,
      "8": 0.5973633768025466,
      "9": 0.6949402717993046,
      "10": 0.5251902683143981,
      "11": 0.7294119085577374,
      "12": 0.5015844715203307,
      "13": 0.6461558188253027,
      "14": 0.5184423078415062,
      "15": 0.5550639004926935,
      "16": 0.7246823045335878,
      "17": 0.6133294255596595,
      "18": 0.6035260464653888,
      "19": 0.5727147401368214,
      "20": 0.6640196692540483,
      "21": 0.7068399189550615,
      "22": 0.566911603415018,
      "23": 0.5799111362318757
    },
    "log1p": {
      "0": 0.0013564453843465066,
      "1": 0.001596640770323692,
      "2": 0.0018531015030147041,
      "3": 0.027125620754418073,
      "4": 0.003583171621119658,
      "5": 0.010435258813613197,
      "6": 0.004831728768602698,
      "7": 0.024922507013826374,
      "8": 0.01608463943670041,
      "9": 0.05296962035030337,
      "10": 0.005771377993876684,
      "11": 0.07707929514867957,
      "12": 0.003998380636374761,
      "13": 0.029935155945642045,
      "14": 0.005205621709584418,
      "15": 0.00897004432497667,
      "16": 0.0733102803322664,
      "17": 0.019826137140858492,
      "18": 0.01744912297907758,
      "19": 0.011508150345719175,
      "20": 0.03709937718350741,
      "21": 0.06044724041234477,
      "22": 0.010612464818122063,
      "23": 0.012709510717103868
    }
  },
  "compute_time_s": 3.0
}