{
  "signal": "A6_fakeQuant_attnKL",
  "category": "activation_noise",
  "cost": "medium",
  "needs_backward": false,
  "raw_scores": {
    "0": 0.00022732986144546885,
    "1": 0.005580028489930555,
    "2": 0.019242911133915186,
    "3": 0.0013871955743525177,
    "4": 0.002792822429910302,
    "5": 0.0005941847448411863,
    "6": 0.0005235853604972363,
    "7": 0.0013514612655853853,
    "8": 0.02838843408972025,
    "9": 0.005289563094265759,
    "10": 0.001030115527100861,
    "11": 0.0040130073321051896,
    "12": 0.0014037241780897602,
    "13": 0.001310676299908664,
    "14": 0.001757865451509133,
    "15": 0.0016278588664135896,
    "16": 0.0025242329866159707,
    "17": 0.0015028452035039663,
    "18": 0.002391900765360333,
    "19": 0.002382098769885488,
    "20": 0.004569316690322012,
    "21": 0.01049724844051525,
    "22": 0.004703435028204694,
    "23": 0.015067809668835253
  },
  "transformed": {
    "raw": {
      "0": 0.00022732986144546885,
      "1": 0.005580028489930555,
      "2": 0.019242911133915186,
      "3": 0.0013871955743525177,
      "4": 0.002792822429910302,
      "5": 0.0005941847448411863,
      "6": 0.0005235853604972363,
      "7": 0.0013514612655853853,
      "8": 0.02838843408972025,
      "9": 0.005289563094265759,
      "10": 0.001030115527100861,
      "11": 0.0040130073321051896,
      "12": 0.0014037241780897602,
      "13": 0.001310676299908664,
      "14": 0.001757865451509133,
      "15": 0.0016278588664135896,
      "16": 0.0025242329866159707,
      "17": 0.0015028452035039663,
      "18": 0.002391900765360333,
      "19": 0.002382098769885488,
      "20": 0.004569316690322012,
      "21": 0.01049724844051525,
      "22": 0.004703435028204694,
      "23": 0.015067809668835253
    },
    "sqrt": {
      "0": 0.015077462035948518,
      "1": 0.07469958828487983,
      "2": 0.13871882040269512,
      "3": 0.03724507449787848,
      "4": 0.05284716103926778,
      "5": 0.02437590500558259,
      "6": 0.02288198768676437,
      "7": 0.0367622260695049,
      "8": 0.16848867644361223,
      "9": 0.07272938260610878,
      "10": 0.032095412866963734,
      "11": 0.06334830173023732,
      "12": 0.037466307238501105,
      "13": 0.03620326366377297,
      "14": 0.041926906056959805,
      "15": 0.04034673303272013,
      "16": 0.0502417454574975,
      "17": 0.03876654747980488,
      "18": 0.048907062530480536,
      "19": 0.048806749224728004,
      "20": 0.06759672100273809,
      "21": 0.10245608054437398,
      "22": 0.06858159394622361,
      "23": 0.12275100679357075
    },
    "root4": {
      "0": 0.12279031735421372,
      "1": 0.27331225417986627,
      "2": 0.3724497555411939,
      "3": 0.1929898300374361,
      "4": 0.2298851039960349,
      "5": 0.15612784827052023,
      "6": 0.15126793343853273,
      "7": 0.1917347805420417,
      "8": 0.41047372198913323,
      "9": 0.2696838567769839,
      "10": 0.17915192677435465,
      "11": 0.25169088527445194,
      "12": 0.19356215342494282,
      "13": 0.19027155242908217,
      "14": 0.20476060670197235,
      "15": 0.2008649621828559,
      "16": 0.22414670521222813,
      "17": 0.19689222300488377,
      "18": 0.22114941223182244,
      "19": 0.22092249596799327,
      "20": 0.25999369415956625,
      "21": 0.32008761385654083,
      "22": 0.261880877397002,
      "23": 0.35035839763529397
    },
    "root8": {
      "0": 0.3504144936417638,
      "1": 0.5227927449571831,
      "2": 0.6102866175340845,
      "3": 0.4393060778516911,
      "4": 0.47946335000293283,
      "5": 0.3951301662370519,
      "6": 0.3889317850710234,
      "7": 0.43787530250294054,
      "8": 0.6406822316789605,
      "9": 0.5193109442106761,
      "10": 0.4232634248010979,
      "11": 0.5016880358095576,
      "12": 0.439956990426272,
      "13": 0.43620127513463575,
      "14": 0.4525048140097212,
      "15": 0.4481796092894632,
      "16": 0.4734413429478124,
      "17": 0.4437253914358336,
      "18": 0.47026525730891755,
      "19": 0.4700239312715825,
      "20": 0.5098957679365129,
      "21": 0.5657628600894025,
      "22": 0.5117429798219044,
      "23": 0.5919108020937732
    },
    "log1p": {
      "0": 0.0002273040259278987,
      "1": 0.0055645178042505695,
      "2": 0.019060107710371282,
      "3": 0.001386234307445876,
      "4": 0.002788929747377567,
      "5": 0.000594008286981271,
      "6": 0.0005234483375091069,
      "7": 0.0013505488637671596,
      "8": 0.027992949836942466,
      "9": 0.00527562249358434,
      "10": 0.001029585322184912,
      "11": 0.0040049766956804875,
      "12": 0.0014027398783216024,
      "13": 0.0013098181135149586,
      "14": 0.00175632221430722,
      "15": 0.001626535340316892,
      "16": 0.0025210524616635947,
      "17": 0.0015017170617912536,
      "18": 0.0023890447240629584,
      "19": 0.0023792660702324562,
      "20": 0.004558909054626697,
      "21": 0.010442534889513947,
      "22": 0.004692408439383853,
      "23": 0.014955417817728018
    }
  },
  "compute_time_s": 3.1
}