{
  "signal": "B1_attn_entropy",
  "category": "attention_stats",
  "cost": "low",
  "needs_backward": false,
  "raw_scores": {
    "0": 0.3830050392637873,
    "1": 0.31252040039403434,
    "2": 0.3634980277531657,
    "3": 0.5654652922697018,
    "4": 0.41072858943122736,
    "5": 0.42748322568519703,
    "6": 0.381080805508532,
    "7": 0.7409880413395225,
    "8": 0.5393262674427246,
    "9": 0.7343213714708074,
    "10": 0.3979066785718298,
    "11": 0.6247391827373331,
    "12": 0.375467691353461,
    "13": 0.5322751539121654,
    "14": 0.41741865166637976,
    "15": 0.40843473035188355,
    "16": 0.999949026901816,
    "17": 0.5095790788301793,
    "18": 0.5940280685923506,
    "19": 0.5634288584205683,
    "20": 0.4759787415157654,
    "21": 0.588872896352856,
    "22": 0.25570103639050445,
    "23": 0.28819517589093074
  },
  "transformed": {
    "raw": {
      "0": 0.3830050392637873,
      "1": 0.31252040039403434,
      "2": 0.3634980277531657,
      "3": 0.5654652922697018,
      "4": 0.41072858943122736,
      "5": 0.42748322568519703,
      "6": 0.381080805508532,
      "7": 0.7409880413395225,
      "8": 0.5393262674427246,
      "9": 0.7343213714708074,
      "10": 0.3979066785718298,
      "11": 0.6247391827373331,
      "12": 0.375467691353461,
      "13": 0.5322751539121654,
      "14": 0.41741865166637976,
      "15": 0.40843473035188355,
      "16": 0.999949026901816,
      "17": 0.5095790788301793,
      "18": 0.5940280685923506,
      "19": 0.5634288584205683,
      "20": 0.4759787415157654,
      "21": 0.588872896352856,
      "22": 0.25570103639050445,
      "23": 0.28819517589093074
    },
    "sqrt": {
      "0": 0.6188740092004085,
      "1": 0.5590352407442972,
      "2": 0.6029079761897048,
      "3": 0.7519742630367756,
      "4": 0.6408811039742297,
      "5": 0.6538220137661297,
      "6": 0.6173174268628191,
      "7": 0.8608066224998053,
      "8": 0.7343883628181512,
      "9": 0.8569255343790424,
      "10": 0.6307984452833011,
      "11": 0.7904044425086014,
      "12": 0.6127541850966511,
      "13": 0.7295718976990311,
      "14": 0.646079446868866,
      "15": 0.6390889846898345,
      "16": 0.9999745131261176,
      "17": 0.7138480782562766,
      "18": 0.7707321639793883,
      "19": 0.7506189835199802,
      "20": 0.6899121259376193,
      "21": 0.767380542073394,
      "22": 0.5056688999637059,
      "23": 0.5368381282015378
    },
    "root4": {
      "0": 0.786685457600691,
      "1": 0.7476865925936463,
      "2": 0.7764714909059475,
      "3": 0.8671644959503217,
      "4": 0.8005505005770902,
      "5": 0.8085926129801889,
      "6": 0.7856955051817588,
      "7": 0.9277966493255974,
      "8": 0.8569646216840875,
      "9": 0.9257027246254828,
      "10": 0.7942282073077618,
      "11": 0.8890469293060977,
      "12": 0.7827861681817398,
      "13": 0.8541498098688725,
      "14": 0.803790673539365,
      "15": 0.7994304126625622,
      "16": 0.9999872564818602,
      "17": 0.8448953060919895,
      "18": 0.8779135287597454,
      "19": 0.8663827003812924,
      "20": 0.8306094906378203,
      "21": 0.8760025925038087,
      "22": 0.7111040008069888,
      "23": 0.7326923830650471
    },
    "root8": {
      "0": 0.8869529060782714,
      "1": 0.8646887258393313,
      "2": 0.8811761974236183,
      "3": 0.9312166750817565,
      "4": 0.8947348772553186,
      "5": 0.8992177783941936,
      "6": 0.8863946667155431,
      "7": 0.9632220145561444,
      "8": 0.9257238366187227,
      "9": 0.9621344628613419,
      "10": 0.8911948200633585,
      "11": 0.9428928514450079,
      "12": 0.884752037681598,
      "13": 0.9242022559314993,
      "14": 0.8965437376611165,
      "15": 0.8941087253027801,
      "16": 0.9999936282206303,
      "17": 0.9191818677998329,
      "18": 0.9369703990840614,
      "19": 0.9307968093957415,
      "20": 0.9113777979728387,
      "21": 0.9359501015031777,
      "22": 0.8432698268093012,
      "23": 0.8559745224392179
    },
    "log1p": {
      "0": 0.3242586963952795,
      "1": 0.2719492585202076,
      "2": 0.310053476843469,
      "3": 0.4481830911582961,
      "4": 0.3441063010241243,
      "5": 0.35591291164549943,
      "6": 0.32286638503147475,
      "7": 0.5544527919166959,
      "8": 0.4313448320258922,
      "9": 0.550616196520831,
      "10": 0.3349758880583453,
      "11": 0.48534729996885506,
      "12": 0.31879381245047594,
      "13": 0.4267536595727726,
      "14": 0.3488373663778351,
      "15": 0.34247896743229855,
      "16": 0.6931216936860657,
      "17": 0.4118308562256264,
      "18": 0.466264189116596,
      "19": 0.44688139539065197,
      "20": 0.38932132330746333,
      "21": 0.4630248946465192,
      "22": 0.2276940113612535,
      "23": 0.253242150278843
    }
  },
  "compute_time_s": 0.4
}