{
  "signal": "B2_attn_maxprob",
  "category": "attention_stats",
  "cost": "low",
  "needs_backward": false,
  "raw_scores": {
    "0": 0.3731842041015625,
    "1": 0.269378662109375,
    "2": 0.3263092041015625,
    "3": 0.57171630859375,
    "4": 0.440704345703125,
    "5": 0.4861907958984375,
    "6": 0.381805419921875,
    "7": 0.6297607421875,
    "8": 0.4736785888671875,
    "9": 0.658447265625,
    "10": 0.404815673828125,
    "11": 0.631591796875,
    "12": 0.3711090087890625,
    "13": 0.560943603515625,
    "14": 0.4276123046875,
    "15": 0.413299560546875,
    "16": 0.79205322265625,
    "17": 0.585662841796875,
    "18": 0.59710693359375,
    "19": 0.529205322265625,
    "20": 0.55535888671875,
    "21": 0.682769775390625,
    "22": 0.1363677978515625,
    "23": 0.249053955078125
  },
  "transformed": {
    "raw": {
      "0": 0.3731842041015625,
      "1": 0.269378662109375,
      "2": 0.3263092041015625,
      "3": 0.57171630859375,
      "4": 0.440704345703125,
      "5": 0.4861907958984375,
      "6": 0.381805419921875,
      "7": 0.6297607421875,
      "8": 0.4736785888671875,
      "9": 0.658447265625,
      "10": 0.404815673828125,
      "11": 0.631591796875,
      "12": 0.3711090087890625,
      "13": 0.560943603515625,
      "14": 0.4276123046875,
      "15": 0.413299560546875,
      "16": 0.79205322265625,
      "17": 0.585662841796875,
      "18": 0.59710693359375,
      "19": 0.529205322265625,
      "20": 0.55535888671875,
      "21": 0.682769775390625,
      "22": 0.1363677978515625,
      "23": 0.249053955078125
    },
    "sqrt": {
      "0": 0.6108880454727875,
      "1": 0.5190170152407096,
      "2": 0.5712348064513948,
      "3": 0.7561192423115219,
      "4": 0.6638556663184588,
      "5": 0.6972738313592713,
      "6": 0.617904053977537,
      "7": 0.7935746607519043,
      "8": 0.6882431175588954,
      "9": 0.8114476357874241,
      "10": 0.6362512662683864,
      "11": 0.794727498501845,
      "12": 0.6091871705716253,
      "13": 0.7489616836097992,
      "14": 0.6539207174325493,
      "15": 0.6428837846351975,
      "16": 0.8899737202054059,
      "17": 0.7652861176036548,
      "18": 0.7727269463359939,
      "19": 0.7274649972786491,
      "20": 0.7452240513555303,
      "21": 0.8262988414554537,
      "22": 0.36928010757629837,
      "23": 0.4990530583796927
    },
    "root4": {
      "0": 0.7815932736870165,
      "1": 0.7204283553835937,
      "2": 0.7558007716663134,
      "3": 0.86955117291136,
      "4": 0.8147733834131174,
      "5": 0.8350292398229365,
      "6": 0.7860687336216452,
      "7": 0.8908280758664403,
      "8": 0.8296041933108194,
      "9": 0.9008038830885577,
      "10": 0.7976536004233832,
      "11": 0.8914749006572451,
      "12": 0.7805044334093338,
      "13": 0.8654257239126875,
      "14": 0.8086536449139083,
      "15": 0.8018003396327527,
      "16": 0.9433841848395625,
      "17": 0.8748063314835203,
      "18": 0.8790488873413093,
      "19": 0.8529155862561366,
      "20": 0.8632636047902925,
      "21": 0.9090098137289023,
      "22": 0.6076842169879833,
      "23": 0.7064368750141039
    },
    "root8": {
      "0": 0.8840776400786395,
      "1": 0.8487805107232339,
      "2": 0.8693680300461442,
      "3": 0.9324972776964875,
      "4": 0.9026479842181654,
      "5": 0.9137993433040629,
      "6": 0.8866051734688024,
      "7": 0.9438368904987982,
      "8": 0.9108261048689916,
      "9": 0.9491068870725561,
      "10": 0.8931145505607795,
      "11": 0.9441794854037261,
      "12": 0.883461619658338,
      "13": 0.9302826043266033,
      "14": 0.8992517138787717,
      "15": 0.8954330458681725,
      "16": 0.9712796635570841,
      "17": 0.9353108207882128,
      "18": 0.9375760701624745,
      "19": 0.9235342907852077,
      "20": 0.9291198010968728,
      "21": 0.9534200615305419,
      "22": 0.7795410297014412,
      "23": 0.8404979922725003
    },
    "log1p": {
      "0": 0.3171322795506512,
      "1": 0.23852753831880846,
      "2": 0.28240005017709036,
      "3": 0.45216821245004696,
      "4": 0.365132122963836,
      "5": 0.39621633367834436,
      "6": 0.3233909194283583,
      "7": 0.4884332201108059,
      "8": 0.38776171630422185,
      "9": 0.5058817824719583,
      "10": 0.33990610117426084,
      "11": 0.4895561007917264,
      "12": 0.3156199078417563,
      "13": 0.44529051244735146,
      "14": 0.3560033317389904,
      "15": 0.34592708445077136,
      "16": 0.5833620142546949,
      "17": 0.46100251662663966,
      "18": 0.46819382603552046,
      "19": 0.42474820325887763,
      "20": 0.44170631431957946,
      "21": 0.5204411116688562,
      "22": 0.12783703361255438,
      "23": 0.22238642883180418
    }
  },
  "compute_time_s": 0.3
}