{
  "signal": "B3_attn_margin",
  "category": "attention_stats",
  "cost": "low",
  "needs_backward": false,
  "raw_scores": {
    "0": 0.259918212890625,
    "1": 0.1560516357421875,
    "2": 0.20269012451171875,
    "3": 0.448822021484375,
    "4": 0.3207855224609375,
    "5": 0.376190185546875,
    "6": 0.24825286865234375,
    "7": 0.4801177978515625,
    "8": 0.3173675537109375,
    "9": 0.555419921875,
    "10": 0.285369873046875,
    "11": 0.56072998046875,
    "12": 0.2578125,
    "13": 0.461456298828125,
    "14": 0.3131256103515625,
    "15": 0.286376953125,
    "16": 0.732086181640625,
    "17": 0.5029449462890625,
    "18": 0.4742431640625,
    "19": 0.370147705078125,
    "20": 0.4732208251953125,
    "21": 0.6248779296875,
    "22": 0.056949615478515625,
    "23": 0.17490386962890625
  },
  "transformed": {
    "raw": {
      "0": 0.259918212890625,
      "1": 0.1560516357421875,
      "2": 0.20269012451171875,
      "3": 0.448822021484375,
      "4": 0.3207855224609375,
      "5": 0.376190185546875,
      "6": 0.24825286865234375,
      "7": 0.4801177978515625,
      "8": 0.3173675537109375,
      "9": 0.555419921875,
      "10": 0.285369873046875,
      "11": 0.56072998046875,
      "12": 0.2578125,
      "13": 0.461456298828125,
      "14": 0.3131256103515625,
      "15": 0.286376953125,
      "16": 0.732086181640625,
      "17": 0.5029449462890625,
      "18": 0.4742431640625,
      "19": 0.370147705078125,
      "20": 0.4732208251953125,
      "21": 0.6248779296875,
      "22": 0.056949615478515625,
      "23": 0.17490386962890625
    },
    "sqrt": {
      "0": 0.5098217461923579,
      "1": 0.39503371469051535,
      "2": 0.4502111998959141,
      "3": 0.669941804550496,
      "4": 0.5663793097041394,
      "5": 0.613343448279082,
      "6": 0.49824980547145603,
      "7": 0.6929053310890042,
      "8": 0.5633538441432148,
      "9": 0.7452650011069888,
      "10": 0.5342002181269444,
      "11": 0.7488190572286139,
      "12": 0.5077524002897476,
      "13": 0.6793057476778221,
      "14": 0.5595762775096551,
      "15": 0.5351419934232409,
      "16": 0.8556203490103687,
      "17": 0.7091861154091093,
      "18": 0.6886531522199691,
      "19": 0.6083976537414695,
      "20": 0.6879104776025093,
      "21": 0.7904922072275602,
      "22": 0.23864118562921116,
      "23": 0.41821509971413784
    },
    "root4": {
      "0": 0.7140180293188386,
      "1": 0.6285170758941362,
      "2": 0.6709777938918055,
      "3": 0.8184997278866353,
      "4": 0.7525817628033112,
      "5": 0.7831624660816439,
      "6": 0.7058681218694155,
      "7": 0.83240935307636,
      "8": 0.750569013577842,
      "9": 0.8632873224523738,
      "10": 0.7308900178049667,
      "11": 0.8653433175501003,
      "12": 0.7125674706929496,
      "13": 0.8242000653226267,
      "14": 0.7480483122831406,
      "15": 0.7315340001826579,
      "16": 0.9249974859481341,
      "17": 0.8421318871822331,
      "18": 0.8298512831947475,
      "19": 0.7799984959866715,
      "20": 0.8294036879605187,
      "21": 0.8890962868146285,
      "22": 0.4885091459012934,
      "23": 0.646695523190116
    },
    "root8": {
      "0": 0.8449958753265241,
      "1": 0.7927906885768375,
      "2": 0.8191323421107272,
      "3": 0.9047097478675884,
      "4": 0.8675147046611437,
      "5": 0.8849646693973968,
      "6": 0.8401595811924157,
      "7": 0.9123647039843004,
      "8": 0.866353861639597,
      "9": 0.9291325645204638,
      "10": 0.8549210593996188,
      "11": 0.93023831223515,
      "12": 0.8441371160498451,
      "13": 0.9078546498876495,
      "14": 0.8648978623416412,
      "15": 0.855297609129511,
      "16": 0.9617678960893496,
      "17": 0.9176774417965351,
      "18": 0.9109617353076624,
      "19": 0.8831752351524987,
      "20": 0.9107160303632075,
      "21": 0.94291902452683,
      "22": 0.6989342929784554,
      "23": 0.8041738140415391
    },
    "log1p": {
      "0": 0.2310468084523493,
      "1": 0.14501043684966633,
      "2": 0.18456081820212678,
      "3": 0.370750827281307,
      "4": 0.27822665237422894,
      "5": 0.3193189462006289,
      "6": 0.22174486853521086,
      "7": 0.39212167775160517,
      "8": 0.27563546788740567,
      "9": 0.4417455553971445,
      "10": 0.2510465158764854,
      "11": 0.4451536480113615,
      "12": 0.22937410106484582,
      "13": 0.37943340353340904,
      "14": 0.27241025742544434,
      "15": 0.25182970348994205,
      "16": 0.5493265673553493,
      "17": 0.40742648088444405,
      "18": 0.38814474899608625,
      "19": 0.3149185479541687,
      "20": 0.3874510415160886,
      "21": 0.48543269276773016,
      "22": 0.055387038276583075,
      "23": 0.16118633116746764
    }
  },
  "compute_time_s": 0.4
}