{
  "signal": "B4_late_binding",
  "category": "attention_stats",
  "cost": "low",
  "needs_backward": false,
  "raw_scores": {
    "0": 0.14631319910299062,
    "1": 0.11073411108798745,
    "2": 0.059022880443984654,
    "3": 0.5393012166673258,
    "4": 0.41387157924233126,
    "5": 0.5029342810851034,
    "6": 0.37124655094791437,
    "7": 0.6017903805494026,
    "8": 0.25793785887367926,
    "9": 0.6363911621392708,
    "10": 0.3624486901126346,
    "11": 0.6272581698145938,
    "12": 0.29855127799460157,
    "13": 0.5117523998716376,
    "14": 0.3572450921804922,
    "15": 0.3484561269264401,
    "16": 0.7695205730539008,
    "17": 0.5998976067072392,
    "18": 0.5982269697557416,
    "19": 0.48831751796402567,
    "20": 0.5782448521709525,
    "21": 0.6935129177129074,
    "22": 0.28483445587853934,
    "23": 0.27999114359157834
  },
  "transformed": {
    "raw": {
      "0": 0.14631319910299062,
      "1": 0.11073411108798745,
      "2": 0.059022880443984654,
      "3": 0.5393012166673258,
      "4": 0.41387157924233126,
      "5": 0.5029342810851034,
      "6": 0.37124655094791437,
      "7": 0.6017903805494026,
      "8": 0.25793785887367926,
      "9": 0.6363911621392708,
      "10": 0.3624486901126346,
      "11": 0.6272581698145938,
      "12": 0.29855127799460157,
      "13": 0.5117523998716376,
      "14": 0.3572450921804922,
      "15": 0.3484561269264401,
      "16": 0.7695205730539008,
      "17": 0.5998976067072392,
      "18": 0.5982269697557416,
      "19": 0.48831751796402567,
      "20": 0.5782448521709525,
      "21": 0.6935129177129074,
      "22": 0.28483445587853934,
      "23": 0.27999114359157834
    },
    "sqrt": {
      "0": 0.38250908368689834,
      "1": 0.33276735279769776,
      "2": 0.24294625011303356,
      "3": 0.7343713070833622,
      "4": 0.6433285158006998,
      "5": 0.7091785960427058,
      "6": 0.6093000500146987,
      "7": 0.7757514940684308,
      "8": 0.5078758301727689,
      "9": 0.7977412877238277,
      "10": 0.6020371168895109,
      "11": 0.7919963193188424,
      "12": 0.5463984608274456,
      "13": 0.7153687160280617,
      "14": 0.5976998345160321,
      "15": 0.5903017253290389,
      "16": 0.8772232173477289,
      "17": 0.7745305718351209,
      "18": 0.7734513363849995,
      "19": 0.6987971937293579,
      "20": 0.7604241265050395,
      "21": 0.8327742297363118,
      "22": 0.5336988438047616,
      "23": 0.5291418936273883
    },
    "root4": {
      "0": 0.618473187524648,
      "1": 0.5768599074278761,
      "2": 0.49289578017369307,
      "3": 0.8569546703784058,
      "4": 0.8020776245480856,
      "5": 0.8421274226877462,
      "6": 0.7805767419124776,
      "7": 0.8807675596140169,
      "8": 0.712654074690357,
      "9": 0.8931636399472538,
      "10": 0.77591050829945,
      "11": 0.8899417505201351,
      "12": 0.7391877033794905,
      "13": 0.8457947245213,
      "14": 0.7731104930836421,
      "15": 0.768310956142784,
      "16": 0.9366019524577818,
      "17": 0.8800741854157074,
      "18": 0.879460821404228,
      "19": 0.8359409032517537,
      "20": 0.8720230080135728,
      "21": 0.9125646441410667,
      "22": 0.7305469483919302,
      "23": 0.7274214003089188
    },
    "root8": {
      "0": 0.7864306628843054,
      "1": 0.759512940921928,
      "2": 0.7020653674507047,
      "3": 0.925718461724949,
      "4": 0.895587865342137,
      "5": 0.917675009296726,
      "6": 0.8835025421086674,
      "7": 0.9384921734431336,
      "8": 0.8441884118432076,
      "9": 0.9450733516226419,
      "10": 0.8808578252473267,
      "11": 0.9433672405379229,
      "12": 0.8597602592464312,
      "13": 0.919670987104247,
      "14": 0.8792670203548192,
      "15": 0.8765334883179215,
      "16": 0.9677819756834602,
      "17": 0.9381226920908092,
      "18": 0.9377957247739126,
      "19": 0.9142980385255968,
      "20": 0.9338217217507702,
      "21": 0.9552824944177857,
      "22": 0.8547203919364099,
      "23": 0.8528900282620959
    },
    "log1p": {
      "0": 0.13655087860013762,
      "1": 0.10502115806173905,
      "2": 0.057346672093125994,
      "3": 0.4313285580365715,
      "4": 0.34633174244632836,
      "5": 0.40741938465525296,
      "6": 0.31572021734281924,
      "7": 0.4711219914888646,
      "8": 0.22947376029640737,
      "9": 0.49249330626364973,
      "10": 0.3092835882132292,
      "11": 0.4868964940843311,
      "12": 0.2612492415177702,
      "13": 0.4132695076490967,
      "14": 0.3054569777943012,
      "15": 0.2989603283456828,
      "16": 0.5707086472144043,
      "17": 0.469939631389941,
      "18": 0.4688948708976483,
      "19": 0.39764629937591567,
      "20": 0.45631337652794995,
      "21": 0.5268050210664426,
      "22": 0.25062988193804325,
      "23": 0.2468531588385095
    }
  },
  "compute_time_s": 7.5
}