{
  "signal": "C1_norm_QK",
  "category": "activation_norms",
  "cost": "low",
  "needs_backward": false,
  "raw_scores": {
    "0": 86846.53754753256,
    "1": 10054.702146917469,
    "2": 5419.723071752469,
    "3": 2243.8198462208,
    "4": 2259.5009581201366,
    "5": 1563.5735526205585,
    "6": 1475.534137423679,
    "7": 2266.61074628578,
    "8": 25197.423385982052,
    "9": 2553.080049185179,
    "10": 1812.9572626606596,
    "11": 2264.0212310802544,
    "12": 1636.1840073687936,
    "13": 1697.3881605974948,
    "14": 1796.4699466757966,
    "15": 1738.925854402149,
    "16": 1835.4329508921496,
    "17": 1552.8629711782514,
    "18": 1849.8205958562662,
    "19": 1990.5909488606042,
    "20": 1449.9628860413945,
    "21": 1384.6730749176647,
    "22": 957.9803108893157,
    "23": 1379.0702278646843
  },
  "transformed": {
    "raw": {
      "0": 86846.53754753256,
      "1": 10054.702146917469,
      "2": 5419.723071752469,
      "3": 2243.8198462208,
      "4": 2259.5009581201366,
      "5": 1563.5735526205585,
      "6": 1475.534137423679,
      "7": 2266.61074628578,
      "8": 25197.423385982052,
      "9": 2553.080049185179,
      "10": 1812.9572626606596,
      "11": 2264.0212310802544,
      "12": 1636.1840073687936,
      "13": 1697.3881605974948,
      "14": 1796.4699466757966,
      "15": 1738.925854402149,
      "16": 1835.4329508921496,
      "17": 1552.8629711782514,
      "18": 1849.8205958562662,
      "19": 1990.5909488606042,
      "20": 1449.9628860413945,
      "21": 1384.6730749176647,
      "22": 957.9803108893157,
      "23": 1379.0702278646843
    },
    "sqrt": {
      "0": 294.69736603426327,
      "1": 100.27313771353457,
      "2": 73.61876847484254,
      "3": 47.368975566511885,
      "4": 47.53420829381864,
      "5": 39.542047906254915,
      "6": 38.41268198686053,
      "7": 47.608935571862766,
      "8": 158.7369628850888,
      "9": 50.52801251964279,
      "10": 42.57883585375086,
      "11": 47.58173211517477,
      "12": 40.44977141305985,
      "13": 41.1993708762342,
      "14": 42.38478437689399,
      "15": 41.70042990668261,
      "16": 42.84195316383404,
      "17": 39.40638236603623,
      "18": 43.00954075384049,
      "19": 44.616039143570376,
      "20": 38.07837819604972,
      "21": 37.21119555883235,
      "22": 30.95125701630413,
      "23": 37.13583482116275
    },
    "root4": {
      "0": 17.16675176130485,
      "1": 10.013647572864475,
      "2": 8.580138021899328,
      "3": 6.882512300498408,
      "4": 6.8945056598583365,
      "5": 6.2882468070404895,
      "6": 6.197796542873969,
      "7": 6.899922867095166,
      "8": 12.599085795607902,
      "9": 7.108305882532265,
      "10": 6.52524603779435,
      "11": 6.897951298405547,
      "12": 6.360013475855208,
      "13": 6.4186736072364825,
      "14": 6.5103597732302,
      "15": 6.457587003415641,
      "16": 6.54537647227675,
      "17": 6.2774503077313355,
      "18": 6.558165959614051,
      "19": 6.679523871023322,
      "20": 6.170768039397504,
      "21": 6.100097995838457,
      "22": 5.56338539167512,
      "23": 6.0939178548092325
    },
    "root8": {
      "0": 4.143277900564341,
      "1": 3.164434795167136,
      "2": 2.9291872630303666,
      "3": 2.623454268802566,
      "4": 2.625739069263802,
      "5": 2.5076376945325434,
      "6": 2.4895374154396572,
      "7": 2.6267704252741932,
      "8": 3.5495190935685783,
      "9": 2.666140634425023,
      "10": 2.554456113890851,
      "11": 2.626395114678206,
      "12": 2.5219067143443685,
      "13": 2.533510135609582,
      "14": 2.5515406665836626,
      "15": 2.5411782706877615,
      "16": 2.5583933380691777,
      "17": 2.5054840465928603,
      "18": 2.560891633711597,
      "19": 2.5844774851066745,
      "20": 2.484103065373396,
      "21": 2.4698376456436275,
      "22": 2.358682978205236,
      "23": 2.4685862056669667
    },
    "log1p": {
      "0": 11.371909418331578,
      "1": 9.215895130392026,
      "2": 8.597984493608038,
      "3": 7.7163805502841685,
      "4": 7.7233417305877605,
      "5": 7.355368575503714,
      "6": 7.2974528214203795,
      "7": 7.7264820214959755,
      "8": 10.134536707493972,
      "9": 7.845447378773662,
      "10": 7.503266070673545,
      "11": 7.725339411418569,
      "12": 7.400732976288589,
      "13": 7.437434939449473,
      "14": 7.49413536994266,
      "15": 7.461597778888082,
      "16": 7.51558035541391,
      "17": 7.348499348904699,
      "18": 7.5233843850540625,
      "19": 7.596689070100442,
      "20": 7.279982674363673,
      "21": 7.233941275243787,
      "22": 6.865870543796051,
      "23": 7.2298896666134285
    }
  },
  "compute_time_s": 0.4
}