{
  "signal": "C2_norm_V",
  "category": "activation_norms",
  "cost": "low",
  "needs_backward": false,
  "raw_scores": {
    "0": 0.2924852706491947,
    "1": 3.5414504557847977,
    "2": 3.6249320805072784,
    "3": 5.156948149204254,
    "4": 5.6531586945056915,
    "5": 6.056656926870346,
    "6": 5.53474634885788,
    "7": 6.534451425075531,
    "8": 6.084337085485458,
    "9": 7.731731712818146,
    "10": 7.266920894384384,
    "11": 8.537747919559479,
    "12": 7.207255095243454,
    "13": 7.373288929462433,
    "14": 7.915148437023163,
    "15": 7.9610384702682495,
    "16": 9.31915956735611,
    "17": 9.259060978889465,
    "18": 8.478378057479858,
    "19": 8.931205093860626,
    "20": 14.032704889774323,
    "21": 20.167220950126648,
    "22": 17.8899507522583,
    "23": 16.824116349220276
  },
  "transformed": {
    "raw": {
      "0": 0.2924852706491947,
      "1": 3.5414504557847977,
      "2": 3.6249320805072784,
      "3": 5.156948149204254,
      "4": 5.6531586945056915,
      "5": 6.056656926870346,
      "6": 5.53474634885788,
      "7": 6.534451425075531,
      "8": 6.084337085485458,
      "9": 7.731731712818146,
      "10": 7.266920894384384,
      "11": 8.537747919559479,
      "12": 7.207255095243454,
      "13": 7.373288929462433,
      "14": 7.915148437023163,
      "15": 7.9610384702682495,
      "16": 9.31915956735611,
      "17": 9.259060978889465,
      "18": 8.478378057479858,
      "19": 8.931205093860626,
      "20": 14.032704889774323,
      "21": 20.167220950126648,
      "22": 17.8899507522583,
      "23": 16.824116349220276
    },
    "sqrt": {
      "0": 0.5408190738585269,
      "1": 1.8818741870233509,
      "2": 1.9039254398498062,
      "3": 2.2708914877651583,
      "4": 2.377637208344808,
      "5": 2.461027616031634,
      "6": 2.352604163232285,
      "7": 2.556257308072787,
      "8": 2.4666449046195233,
      "9": 2.7805991643561545,
      "10": 2.6957227035406266,
      "11": 2.921942490802904,
      "12": 2.684633139787158,
      "13": 2.715380070903967,
      "14": 2.8133873599316472,
      "15": 2.821531227944899,
      "16": 3.0527298549586908,
      "17": 3.0428705162871235,
      "18": 2.91176545372045,
      "19": 2.988512187336807,
      "20": 3.7460252121114084,
      "21": 4.490792908844345,
      "22": 4.2296513747894515,
      "23": 4.101721144741592
    },
    "root4": {
      "0": 0.7354040208338045,
      "1": 1.3718141955175092,
      "2": 1.3798280472036384,
      "3": 1.5069477388964616,
      "4": 1.5419588867232512,
      "5": 1.568766271957564,
      "6": 1.5338201208851985,
      "7": 1.5988299809775857,
      "8": 1.5705556037974344,
      "9": 1.6675128678232605,
      "10": 1.6418656167727694,
      "11": 1.709369032948387,
      "12": 1.6384850135985858,
      "13": 1.6478410332626041,
      "14": 1.677315521877636,
      "15": 1.6797414169880134,
      "16": 1.7472063000569482,
      "17": 1.744382560187737,
      "18": 1.7063895961123445,
      "19": 1.72873138090821,
      "20": 1.9354651151884419,
      "21": 2.1191491001919482,
      "22": 2.056611624684994,
      "23": 2.0252706349378573
    },
    "root8": {
      "0": 0.8575570073375907,
      "1": 1.1712447205932282,
      "2": 1.1746608221966197,
      "3": 1.2275779970724718,
      "4": 1.2417563717264555,
      "5": 1.252504000775073,
      "6": 1.2384749173419696,
      "7": 1.2644484888589118,
      "8": 1.2532180990543642,
      "9": 1.291322139445948,
      "10": 1.2813530414264327,
      "11": 1.3074284045210227,
      "12": 1.2800332080061774,
      "13": 1.2836826061229483,
      "14": 1.2951121657515368,
      "15": 1.2960483852804314,
      "16": 1.3218193144514678,
      "17": 1.3207507562699847,
      "18": 1.3062884811986764,
      "19": 1.3148122987362911,
      "20": 1.3912099464812786,
      "21": 1.455729748336534,
      "22": 1.4340891271761997,
      "23": 1.4231200353230424
    },
    "log1p": {
      "0": 0.2565669313194151,
      "1": 1.5132464446822607,
      "2": 1.531461685560835,
      "3": 1.817581224455291,
      "4": 1.895091733549927,
      "5": 1.953971416251497,
      "6": 1.8771335320700815,
      "7": 2.019486025854896,
      "8": 1.9578863028491253,
      "9": 2.16696371361859,
      "10": 2.112262117382902,
      "11": 2.2552573904598336,
      "12": 2.1050185308065874,
      "13": 2.1250467499077677,
      "14": 2.1877519014314717,
      "15": 2.1928861209704533,
      "16": 2.3340023194655273,
      "17": 2.3281613130287884,
      "18": 2.249013210646061,
      "19": 2.295681829592037,
      "20": 2.710228153625785,
      "21": 3.0524538035078295,
      "22": 2.938630074429993,
      "23": 2.8805523913952626
    }
  },
  "compute_time_s": 0.4
}