{
  "signal": "C3_residual_ratio",
  "category": "activation_norms",
  "cost": "low",
  "needs_backward": false,
  "raw_scores": {
    "0": 0.8316318517041094,
    "1": 0.56033514734282,
    "2": 0.3124962928888123,
    "3": 0.23336072132357433,
    "4": 0.20584096311804398,
    "5": 0.1996910872883935,
    "6": 0.19791017689337906,
    "7": 0.18745654390969263,
    "8": 0.2654137931099724,
    "9": 0.16042517915165314,
    "10": 0.21109276412187272,
    "11": 0.14745765813138548,
    "12": 0.19110254364368065,
    "13": 0.1494185079297125,
    "14": 0.22678299562474466,
    "15": 0.20346630023682047,
    "16": 0.1331966491951523,
    "17": 0.23585324531164326,
    "18": 0.1257633035421549,
    "19": 0.1443182732529305,
    "20": 0.2129838721716637,
    "21": 0.24196859119555741,
    "22": 0.13005557805228485,
    "23": 0.2797823481069488
  },
  "transformed": {
    "raw": {
      "0": 0.8316318517041094,
      "1": 0.56033514734282,
      "2": 0.3124962928888123,
      "3": 0.23336072132357433,
      "4": 0.20584096311804398,
      "5": 0.1996910872883935,
      "6": 0.19791017689337906,
      "7": 0.18745654390969263,
      "8": 0.2654137931099724,
      "9": 0.16042517915165314,
      "10": 0.21109276412187272,
      "11": 0.14745765813138548,
      "12": 0.19110254364368065,
      "13": 0.1494185079297125,
      "14": 0.22678299562474466,
      "15": 0.20346630023682047,
      "16": 0.1331966491951523,
      "17": 0.23585324531164326,
      "18": 0.1257633035421549,
      "19": 0.1443182732529305,
      "20": 0.2129838721716637,
      "21": 0.24196859119555741,
      "22": 0.13005557805228485,
      "23": 0.2797823481069488
    },
    "sqrt": {
      "0": 0.9119385131159389,
      "1": 0.7485553735982529,
      "2": 0.5590136786240676,
      "3": 0.48307423997101556,
      "4": 0.45369699483029857,
      "5": 0.44686808712235593,
      "6": 0.44487096656601344,
      "7": 0.4329625202135776,
      "8": 0.5151832616748844,
      "9": 0.4005311213272361,
      "10": 0.4594483258451082,
      "11": 0.384002159019172,
      "12": 0.43715276922796753,
      "13": 0.38654690262594593,
      "14": 0.4762173827410594,
      "15": 0.4510723891315234,
      "16": 0.364961161214659,
      "17": 0.48564724369818396,
      "18": 0.354631221894174,
      "19": 0.3798924495866304,
      "20": 0.46150175749574746,
      "21": 0.49190303027685994,
      "22": 0.36063219220181225,
      "23": 0.5289445605230748
    },
    "root4": {
      "0": 0.9549547178353217,
      "1": 0.8651909463224017,
      "2": 0.7476721732310676,
      "3": 0.6950354235368263,
      "4": 0.6735703339891823,
      "5": 0.668481927296734,
      "6": 0.6669864815466753,
      "7": 0.6579988755412715,
      "8": 0.717762677822471,
      "9": 0.6328752810208629,
      "10": 0.6778261767187131,
      "11": 0.6196790774418417,
      "12": 0.6611752938729393,
      "13": 0.6217289623509153,
      "14": 0.6900850547150398,
      "15": 0.6716192292746861,
      "16": 0.6041201546171581,
      "17": 0.6968839528201118,
      "18": 0.5955092122664216,
      "19": 0.6163541592190568,
      "20": 0.6793392065056657,
      "21": 0.7013579900998206,
      "22": 0.6005265957489412,
      "23": 0.7272857488794036
    },
    "root8": {
      "0": 0.9772178456389965,
      "1": 0.9301564096013109,
      "2": 0.864680387907039,
      "3": 0.8336878453814871,
      "4": 0.8207133080370893,
      "5": 0.8176074408276468,
      "6": 0.8166924032624984,
      "7": 0.8111712985191669,
      "8": 0.8472087569321218,
      "9": 0.7955345881989436,
      "10": 0.8233019960614169,
      "11": 0.7871969749953576,
      "12": 0.8131268621026729,
      "13": 0.7884979152483,
      "14": 0.8307135816363181,
      "15": 0.8195237820067738,
      "16": 0.7772516674907542,
      "17": 0.8347957551521881,
      "18": 0.7716924337237094,
      "19": 0.7850822627082189,
      "20": 0.8242203628312429,
      "21": 0.8374711876236821,
      "22": 0.7749365107858457,
      "23": 0.8528104999819148
    },
    "log1p": {
      "0": 0.6052072917479318,
      "1": 0.4449006362273279,
      "2": 0.27193089101398615,
      "3": 0.20974273721408265,
      "4": 0.18717721823112604,
      "5": 0.18206409639419796,
      "6": 0.18057851933086397,
      "7": 0.17181366165469633,
      "8": 0.23539917786878428,
      "9": 0.14878647171261264,
      "10": 0.1915230628939362,
      "11": 0.1375487630398617,
      "12": 0.17487938544410583,
      "13": 0.13925616921496367,
      "14": 0.20439529240606574,
      "15": 0.18520597638389802,
      "16": 0.12504253202946466,
      "17": 0.21176161841947944,
      "18": 0.118461297622194,
      "19": 0.134809065149563,
      "20": 0.19308333405461417,
      "21": 0.21669769429905175,
      "22": 0.1222668156318164,
      "23": 0.24669002293154763
    }
  },
  "compute_time_s": 0.4
}