{
  "signal": "D1_K_effective_rank",
  "category": "spectrum",
  "cost": "medium",
  "needs_backward": false,
  "raw_scores": {
    "0": 2.0,
    "1": 2.0,
    "2": 2.0,
    "3": 35.5,
    "4": 34.5,
    "5": 43.25,
    "6": 44.875,
    "7": 46.5,
    "8": 1.0,
    "9": 40.375,
    "10": 37.25,
    "11": 35.5,
    "12": 40.125,
    "13": 39.0,
    "14": 36.625,
    "15": 41.25,
    "16": 37.875,
    "17": 42.0,
    "18": 47.0,
    "19": 43.875,
    "20": 35.875,
    "21": 35.75,
    "22": 36.75,
    "23": 37.875
  },
  "transformed": {
    "raw": {
      "0": 2.0,
      "1": 2.0,
      "2": 2.0,
      "3": 35.5,
      "4": 34.5,
      "5": 43.25,
      "6": 44.875,
      "7": 46.5,
      "8": 1.0,
      "9": 40.375,
      "10": 37.25,
      "11": 35.5,
      "12": 40.125,
      "13": 39.0,
      "14": 36.625,
      "15": 41.25,
      "16": 37.875,
      "17": 42.0,
      "18": 47.0,
      "19": 43.875,
      "20": 35.875,
      "21": 35.75,
      "22": 36.75,
      "23": 37.875
    },
    "sqrt": {
      "0": 1.4142135623730951,
      "1": 1.4142135623730951,
      "2": 1.4142135623730951,
      "3": 5.958187643906492,
      "4": 5.873670062235365,
      "5": 6.576473218982953,
      "6": 6.698880503487131,
      "7": 6.819090848492928,
      "8": 1.0,
      "9": 6.354132513569417,
      "10": 6.103277807866851,
      "11": 5.958187643906492,
      "12": 6.334429729659964,
      "13": 6.244997998398398,
      "14": 6.051859218455102,
      "15": 6.422616289332565,
      "16": 6.154266812545585,
      "17": 6.48074069840786,
      "18": 6.855654600401044,
      "19": 6.623820649745885,
      "20": 5.989574275355469,
      "21": 5.979130371550699,
      "22": 6.06217782649107,
      "23": 6.154266812545585
    },
    "root4": {
      "0": 1.189207115002721,
      "1": 1.189207115002721,
      "2": 1.189207115002721,
      "3": 2.4409399099335674,
      "4": 2.4235655679670325,
      "5": 2.564463534344552,
      "6": 2.5882195624573914,
      "7": 2.611338899586365,
      "8": 1.0,
      "9": 2.5207404693005224,
      "10": 2.4704812907340243,
      "11": 2.4409399099335674,
      "12": 2.5168293008585154,
      "13": 2.4989993994393833,
      "14": 2.460052686113674,
      "15": 2.5342881227935714,
      "16": 2.480779476806753,
      "17": 2.5457298950218306,
      "18": 2.6183304986958853,
      "19": 2.5736784278044307,
      "20": 2.4473606753716277,
      "21": 2.44522603690348,
      "22": 2.4621490260524586,
      "23": 2.480779476806753
    },
    "root8": {
      "0": 1.0905077326652577,
      "1": 1.0905077326652577,
      "2": 1.0905077326652577,
      "3": 1.5623507640519039,
      "4": 1.556780513742073,
      "5": 1.6013942470061995,
      "6": 1.6087944438172925,
      "7": 1.615963768030201,
      "8": 1.0,
      "9": 1.5876839954161288,
      "10": 1.571776476072226,
      "11": 1.5623507640519039,
      "12": 1.5864517959454412,
      "13": 1.5808223807371222,
      "14": 1.5684555097654742,
      "15": 1.5919447612255808,
      "16": 1.5750490394926606,
      "17": 1.5955343603388272,
      "18": 1.6181256127680217,
      "19": 1.60426881407214,
      "20": 1.5644042557381477,
      "21": 1.5637218540723539,
      "22": 1.5691236490641707,
      "23": 1.5750490394926606
    },
    "log1p": {
      "0": 1.0986122886681098,
      "1": 1.0986122886681098,
      "2": 1.0986122886681098,
      "3": 3.597312260588446,
      "4": 3.56953269648137,
      "5": 3.7898553714539385,
      "6": 3.8259203063747345,
      "7": 3.8607297110405954,
      "8": 0.6931471805599453,
      "9": 3.722676833697227,
      "10": 3.644143560272545,
      "11": 3.597312260588446,
      "12": 3.716616209085536,
      "13": 3.6888794541139363,
      "14": 3.6276687230690396,
      "15": 3.7436043538031827,
      "16": 3.660351370499398,
      "17": 3.7612001156935624,
      "18": 3.871201010907891,
      "19": 3.803880846808443,
      "20": 3.607533814659984,
      "21": 3.6041382256588457,
      "22": 3.6309854756950335,
      "23": 3.660351370499398
    }
  },
  "compute_time_s": 0.4
}