{
  "signal": "D2_V_effective_rank",
  "category": "spectrum",
  "cost": "medium",
  "needs_backward": false,
  "raw_scores": {
    "0": 58.375,
    "1": 59.75,
    "2": 61.875,
    "3": 61.375,
    "4": 62.0,
    "5": 62.0,
    "6": 60.375,
    "7": 61.875,
    "8": 61.875,
    "9": 60.875,
    "10": 61.875,
    "11": 60.0,
    "12": 62.0,
    "13": 62.0,
    "14": 61.875,
    "15": 60.875,
    "16": 62.5,
    "17": 61.5,
    "18": 61.625,
    "19": 61.25,
    "20": 61.25,
    "21": 62.125,
    "22": 62.125,
    "23": 62.125
  },
  "transformed": {
    "raw": {
      "0": 58.375,
      "1": 59.75,
      "2": 61.875,
      "3": 61.375,
      "4": 62.0,
      "5": 62.0,
      "6": 60.375,
      "7": 61.875,
      "8": 61.875,
      "9": 60.875,
      "10": 61.875,
      "11": 60.0,
      "12": 62.0,
      "13": 62.0,
      "14": 61.875,
      "15": 60.875,
      "16": 62.5,
      "17": 61.5,
      "18": 61.625,
      "19": 61.25,
      "20": 61.25,
      "21": 62.125,
      "22": 62.125,
      "23": 62.125
    },
    "sqrt": {
      "0": 7.640353394968063,
      "1": 7.729812416870153,
      "2": 7.866066361276137,
      "3": 7.834219807996199,
      "4": 7.874007874011811,
      "5": 7.874007874011811,
      "6": 7.770135133960027,
      "7": 7.866066361276137,
      "8": 7.866066361276137,
      "9": 7.802243267163617,
      "10": 7.866066361276137,
      "11": 7.745966692414834,
      "12": 7.874007874011811,
      "13": 7.874007874011811,
      "14": 7.866066361276137,
      "15": 7.802243267163617,
      "16": 7.905694150420948,
      "17": 7.842193570679061,
      "18": 7.850159234053791,
      "19": 7.826237921249264,
      "20": 7.826237921249264,
      "21": 7.881941385217223,
      "22": 7.881941385217223,
      "23": 7.881941385217223
    },
    "root4": {
      "0": 2.764118918383951,
      "1": 2.7802540202057355,
      "2": 2.804650844806914,
      "3": 2.798967632538147,
      "4": 2.806066263296683,
      "5": 2.806066263296683,
      "6": 2.7874962123669382,
      "7": 2.804650844806914,
      "8": 2.804650844806914,
      "9": 2.793249589127978,
      "10": 2.804650844806914,
      "11": 2.7831576837137404,
      "12": 2.806066263296683,
      "13": 2.806066263296683,
      "14": 2.804650844806914,
      "15": 2.793249589127978,
      "16": 2.8117066259517456,
      "17": 2.8003916816543826,
      "18": 2.8018135616157243,
      "19": 2.797541406529895,
      "20": 2.797541406529895,
      "21": 2.8074795431520463,
      "22": 2.8074795431520463,
      "23": 2.8074795431520463
    },
    "root8": {
      "0": 1.662563959185917,
      "1": 1.6674093739108387,
      "2": 1.6747091821587754,
      "3": 1.6730115458472326,
      "4": 1.6751317152082947,
      "5": 1.6751317152082947,
      "6": 1.6695796513993988,
      "7": 1.6747091821587754,
      "8": 1.6747091821587754,
      "9": 1.6713017648312283,
      "10": 1.6747091821587754,
      "11": 1.6682798577318316,
      "12": 1.6751317152082947,
      "13": 1.6751317152082947,
      "14": 1.6747091821587754,
      "15": 1.6713017648312283,
      "16": 1.6768144280008284,
      "17": 1.6734370862552266,
      "18": 1.6738618705304582,
      "19": 1.6725852464164257,
      "20": 1.6725852464164257,
      "21": 1.6755535035181797,
      "22": 1.6755535035181797,
      "23": 1.6755535035181797
    },
    "log1p": {
      "0": 4.083873262354805,
      "1": 4.1067670822206574,
      "2": 4.141148628419903,
      "3": 4.133164554071683,
      "4": 4.143134726391533,
      "5": 4.143134726391533,
      "6": 4.117002586114685,
      "7": 4.141148628419903,
      "8": 4.141148628419903,
      "9": 4.125116220888854,
      "10": 4.141148628419903,
      "11": 4.110873864173311,
      "12": 4.143134726391533,
      "13": 4.143134726391533,
      "14": 4.141148628419903,
      "15": 4.125116220888854,
      "16": 4.151039905898646,
      "17": 4.135166556742356,
      "18": 4.137164559405029,
      "19": 4.131158535344817,
      "20": 4.131158535344817,
      "21": 4.145116887595524,
      "22": 4.145116887595524,
      "23": 4.145116887595524
    }
  },
  "compute_time_s": 0.3
}