{
  "signal": "D3_K_condnum",
  "category": "spectrum",
  "cost": "medium",
  "needs_backward": false,
  "raw_scores": {
    "0": 13863.989013671875,
    "1": 957.5951538085938,
    "2": 383.19506454467773,
    "3": 115.1182165145874,
    "4": 91.89277744293213,
    "5": 54.228981494903564,
    "6": 56.745259284973145,
    "7": 58.55609893798828,
    "8": 1094.2564849853516,
    "9": 87.12838745117188,
    "10": 94.43894100189209,
    "11": 136.7363634109497,
    "12": 81.5965518951416,
    "13": 80.460280418396,
    "14": 99.59287738800049,
    "15": 76.33400058746338,
    "16": 74.53118324279785,
    "17": 73.07711791992188,
    "18": 43.46820402145386,
    "19": 58.57820129394531,
    "20": 75.87263011932373,
    "21": 71.45806217193604,
    "22": 84.72798347473145,
    "23": 108.77261924743652
  },
  "transformed": {
    "raw": {
      "0": 13863.989013671875,
      "1": 957.5951538085938,
      "2": 383.19506454467773,
      "3": 115.1182165145874,
      "4": 91.89277744293213,
      "5": 54.228981494903564,
      "6": 56.745259284973145,
      "7": 58.55609893798828,
      "8": 1094.2564849853516,
      "9": 87.12838745117188,
      "10": 94.43894100189209,
      "11": 136.7363634109497,
      "12": 81.5965518951416,
      "13": 80.460280418396,
      "14": 99.59287738800049,
      "15": 76.33400058746338,
      "16": 74.53118324279785,
      "17": 73.07711791992188,
      "18": 43.46820402145386,
      "19": 58.57820129394531,
      "20": 75.87263011932373,
      "21": 71.45806217193604,
      "22": 84.72798347473145,
      "23": 108.77261924743652
    },
    "sqrt": {
      "0": 117.74544158340855,
      "1": 30.945034396629676,
      "2": 19.575368822698533,
      "3": 10.72931575239481,
      "4": 9.586072054962456,
      "5": 7.3640329640016935,
      "6": 7.532944927780446,
      "7": 7.652195693916112,
      "8": 33.079547835261465,
      "9": 9.334258805666996,
      "10": 9.71797000416713,
      "11": 11.693432490545696,
      "12": 9.033080974680876,
      "13": 8.96996546361222,
      "14": 9.979623108514694,
      "15": 8.73693313397003,
      "16": 8.633144458585056,
      "17": 8.548515538964756,
      "18": 6.593042091588211,
      "19": 7.653639741583433,
      "20": 8.710489660135286,
      "21": 8.453287063145083,
      "22": 9.204780468578893,
      "23": 10.429411260825633
    },
    "root4": {
      "0": 10.85105716432314,
      "1": 5.562826115980049,
      "2": 4.424406041797988,
      "3": 3.2755634251827286,
      "4": 3.0961382486837463,
      "5": 2.7136751765828007,
      "6": 2.7446210900196126,
      "7": 2.766260236115921,
      "8": 5.75148222941369,
      "9": 3.0552019255144165,
      "10": 3.1173658758905938,
      "11": 3.419566126067121,
      "12": 3.005508438630788,
      "13": 2.994990060686716,
      "14": 3.159054147765545,
      "15": 2.9558303628540714,
      "16": 2.93822130864662,
      "17": 2.9237844549427296,
      "18": 2.5676919775526446,
      "19": 2.766521234616397,
      "20": 2.9513538690125394,
      "21": 2.907453707824956,
      "22": 3.0339381121866826,
      "23": 3.229459902340581
    },
    "root8": {
      "0": 3.2940942858884807,
      "1": 2.3585644184503525,
      "2": 2.103427213334939,
      "3": 1.8098517688426112,
      "4": 1.759584680736834,
      "5": 1.6473236405099032,
      "6": 1.656689798972521,
      "7": 1.663207815071803,
      "8": 2.398224807938924,
      "9": 1.74791359211902,
      "10": 1.765606376260177,
      "11": 1.8492068910933468,
      "12": 1.7336402275647584,
      "13": 1.7306039583586754,
      "14": 1.7773728218259515,
      "15": 1.7192528501805868,
      "16": 1.7141240645433515,
      "17": 1.709907732874125,
      "18": 1.6024019400739145,
      "19": 1.6632862756051336,
      "20": 1.7179504850293386,
      "21": 1.7051257161350173,
      "22": 1.7418203444060132,
      "23": 1.7970698100910216
    },
    "log1p": {
      "0": 9.537122165671049,
      "1": 6.865468831224116,
      "2": 5.951150404194365,
      "3": 4.754608780052838,
      "4": 4.5314458972961855,
      "5": 4.01148784258614,
      "6": 4.056041255728815,
      "7": 4.086918707651718,
      "8": 6.998743847685702,
      "9": 4.478794699555901,
      "10": 4.558486681771395,
      "11": 4.925341447930858,
      "12": 4.413967935044726,
      "13": 4.400115544620381,
      "14": 4.611081453846985,
      "15": 4.348133711247141,
      "16": 4.324545594067839,
      "17": 4.305106684612449,
      "18": 3.794774417411888,
      "19": 4.087289757066833,
      "20": 4.342149897935384,
      "21": 4.2830079416913795,
      "22": 4.451179300598222,
      "23": 4.6984111286465495
    }
  },
  "compute_time_s": 0.3
}