{
  "signal": "E1_adam_vhat_KV",
  "category": "param_curvature",
  "cost": "high",
  "needs_backward": true,
  "raw_scores": {
    "0": 0.00021615229247640144,
    "1": 5.513232779197352e-06,
    "2": 2.014293739360795e-06,
    "3": 2.2017046852340627e-06,
    "4": 2.8998275887204272e-06,
    "5": 1.358964919262462e-06,
    "6": 9.29371377189625e-07,
    "7": 7.831911581490658e-07,
    "8": 9.021074234283333e-07,
    "9": 1.3544421282318808e-06,
    "10": 9.398548854733235e-07,
    "11": 1.4437998498983973e-06,
    "12": 9.981563700023344e-07,
    "13": 6.105527750044359e-07,
    "14": 5.60932062576569e-07,
    "15": 4.460465428124394e-07,
    "16": 1.6761150940514113e-06,
    "17": 7.030731743462582e-07,
    "18": 3.5026081324218694e-07,
    "19": 2.954188658144119e-07,
    "20": 3.9410666086148183e-07,
    "21": 2.615308321018972e-07,
    "22": 1.786125092273494e-07,
    "23": 1.537999655409905e-07
  },
  "transformed": {
    "raw": {
      "0": 0.00021615229247640144,
      "1": 5.513232779197352e-06,
      "2": 2.014293739360795e-06,
      "3": 2.2017046852340627e-06,
      "4": 2.8998275887204272e-06,
      "5": 1.358964919262462e-06,
      "6": 9.29371377189625e-07,
      "7": 7.831911581490658e-07,
      "8": 9.021074234283333e-07,
      "9": 1.3544421282318808e-06,
      "10": 9.398548854733235e-07,
      "11": 1.4437998498983973e-06,
      "12": 9.981563700023344e-07,
      "13": 6.105527750044359e-07,
      "14": 5.60932062576569e-07,
      "15": 4.460465428124394e-07,
      "16": 1.6761150940514113e-06,
      "17": 7.030731743462582e-07,
      "18": 3.5026081324218694e-07,
      "19": 2.954188658144119e-07,
      "20": 3.9410666086148183e-07,
      "21": 2.615308321018972e-07,
      "22": 1.786125092273494e-07,
      "23": 1.537999655409905e-07
    },
    "sqrt": {
      "0": 0.014702118639039799,
      "1": 0.0023480274230079493,
      "2": 0.0014192581651555842,
      "3": 0.001483814235419671,
      "4": 0.0017028880141455067,
      "5": 0.001165746507291556,
      "6": 0.000964039095259951,
      "7": 0.0008849808801036697,
      "8": 0.0009497933582776483,
      "9": 0.001163805021570143,
      "10": 0.0009694611314917806,
      "11": 0.0012015822276891404,
      "12": 0.0009990777597376165,
      "13": 0.0007813787653913024,
      "14": 0.0007489539789443468,
      "15": 0.0006678671595552811,
      "16": 0.0012946486372956221,
      "17": 0.000838494588143691,
      "18": 0.0005918283646820139,
      "19": 0.0005435244850183034,
      "20": 0.0006277791497505169,
      "21": 0.0005114008526605105,
      "22": 0.0004226257318566268,
      "23": 0.0003921733870891681
    },
    "root4": {
      "0": 0.12125229333517695,
      "1": 0.04845644872468421,
      "2": 0.03767304295057122,
      "3": 0.038520309388940153,
      "4": 0.04126606371033596,
      "5": 0.03414303014220554,
      "6": 0.031048978972905875,
      "7": 0.02974862820540923,
      "8": 0.030818717661149506,
      "9": 0.03411458663929761,
      "10": 0.031136170790445325,
      "11": 0.03466384611795322,
      "12": 0.03160819133923383,
      "13": 0.027953153049187534,
      "14": 0.0273670235675045,
      "15": 0.02584312596330562,
      "16": 0.0359812261783228,
      "17": 0.028956771024126485,
      "18": 0.02432752278145093,
      "19": 0.023313611582470514,
      "20": 0.02505552134262061,
      "21": 0.02261417371164621,
      "22": 0.020557863017751303,
      "23": 0.019803368074374827
    },
    "root8": {
      "0": 0.3482129999514334,
      "1": 0.22012825517112564,
      "2": 0.19409544804186218,
      "3": 0.19626591499529447,
      "4": 0.2031405023877217,
      "5": 0.18477832703595284,
      "6": 0.17620720465663678,
      "7": 0.172477906426908,
      "8": 0.17555260653476354,
      "9": 0.18470134444366562,
      "10": 0.1764544439521015,
      "11": 0.18618229270785452,
      "12": 0.17778692679506508,
      "13": 0.1671919646669287,
      "14": 0.1654298146269423,
      "15": 0.16075797324955804,
      "16": 0.18968717979432032,
      "17": 0.1701668916802751,
      "18": 0.1559728270611613,
      "19": 0.1526879549357791,
      "20": 0.1582893595369588,
      "21": 0.15038009745856068,
      "22": 0.1433801346691769,
      "23": 0.14072444021695318
    },
    "log1p": {
      "0": 0.00021612893493542677,
      "1": 5.513217581385373e-06,
      "2": 2.014291710673885e-06,
      "3": 2.20170226148586e-06,
      "4": 2.899823384228533e-06,
      "5": 1.3589639958704727e-06,
      "6": 9.293709453243142e-07,
      "7": 7.831908514550309e-07,
      "8": 9.021070165296763e-07,
      "9": 1.3544412109759697e-06,
      "10": 9.398544438099974e-07,
      "11": 1.4437988076203973e-06,
      "12": 9.981558718445964e-07,
      "13": 6.105525886171663e-07,
      "14": 5.609319052542384e-07,
      "15": 4.4604644333370977e-07,
      "16": 1.6761136893720767e-06,
      "17": 7.030729271904298e-07,
      "18": 3.5026075190088263e-07,
      "19": 2.9541882217826734e-07,
      "20": 3.9410658320147215e-07,
      "21": 2.615307979027151e-07,
      "22": 1.7861249327613706e-07,
      "23": 1.5379995371377704e-07
    }
  },
  "compute_time_s": 10.9
}