{
  "signal": "E2_adam_vhat_allattn",
  "category": "param_curvature",
  "cost": "high",
  "needs_backward": true,
  "raw_scores": {
    "0": 9.40454102436832e-05,
    "1": 2.216568951750121e-06,
    "2": 8.677398694193325e-07,
    "3": 9.062593563210644e-07,
    "4": 1.2600568443892662e-06,
    "5": 6.757137072099795e-07,
    "6": 5.091825584660878e-07,
    "7": 4.2870445707673556e-07,
    "8": 4.991243900726821e-07,
    "9": 7.392655803073467e-07,
    "10": 5.748292285342618e-07,
    "11": 8.540347217993778e-07,
    "12": 5.985524609286585e-07,
    "13": 3.80862461568654e-07,
    "14": 3.622364397009343e-07,
    "15": 2.7061095485082986e-07,
    "16": 9.306512139975862e-07,
    "17": 4.001534072983759e-07,
    "18": 2.1058267345759013e-07,
    "19": 1.8214628675191795e-07,
    "20": 2.404408684851335e-07,
    "21": 1.6771339491786614e-07,
    "22": 1.0903518995622871e-07,
    "23": 1.0376790966175925e-07
  },
  "transformed": {
    "raw": {
      "0": 9.40454102436832e-05,
      "1": 2.216568951750121e-06,
      "2": 8.677398694193325e-07,
      "3": 9.062593563210644e-07,
      "4": 1.2600568443892662e-06,
      "5": 6.757137072099795e-07,
      "6": 5.091825584660878e-07,
      "7": 4.2870445707673556e-07,
      "8": 4.991243900726821e-07,
      "9": 7.392655803073467e-07,
      "10": 5.748292285342618e-07,
      "11": 8.540347217993778e-07,
      "12": 5.985524609286585e-07,
      "13": 3.80862461568654e-07,
      "14": 3.622364397009343e-07,
      "15": 2.7061095485082986e-07,
      "16": 9.306512139975862e-07,
      "17": 4.001534072983759e-07,
      "18": 2.1058267345759013e-07,
      "19": 1.8214628675191795e-07,
      "20": 2.404408684851335e-07,
      "21": 1.6771339491786614e-07,
      "22": 1.0903518995622871e-07,
      "23": 1.0376790966175925e-07
    },
    "sqrt": {
      "0": 0.00969770128657731,
      "1": 0.001488814612955596,
      "2": 0.0009315255602608725,
      "3": 0.0009519765524008795,
      "4": 0.0011225225362500595,
      "5": 0.0008220180698804494,
      "6": 0.0007135702897865688,
      "7": 0.0006547552650240665,
      "8": 0.0007064873601648384,
      "9": 0.0008598055479626464,
      "10": 0.0007581749326733652,
      "11": 0.0009241399903690879,
      "12": 0.0007736617225432951,
      "13": 0.0006171405525232108,
      "14": 0.0006018608142261252,
      "15": 0.0005202028016560752,
      "16": 0.0009647026557429943,
      "17": 0.0006325767995258567,
      "18": 0.00045889287797653834,
      "19": 0.00042678599643371375,
      "20": 0.0004903477016211389,
      "21": 0.0004095282589979184,
      "22": 0.0003302047697357334,
      "23": 0.00032213026815522823
    },
    "root4": {
      "0": 0.09847690737719839,
      "1": 0.03858516052779353,
      "2": 0.030520903660620415,
      "3": 0.030854117268216887,
      "4": 0.033504067458296156,
      "5": 0.028670857501659232,
      "6": 0.026712736471327096,
      "7": 0.025588186044033418,
      "8": 0.026579829949885652,
      "9": 0.02932244103008217,
      "10": 0.02753497653300916,
      "11": 0.030399670892446974,
      "12": 0.027814775256027057,
      "13": 0.024842313751404294,
      "14": 0.024532851734482993,
      "15": 0.022807954788978235,
      "16": 0.031059662840137114,
      "17": 0.025151079490269533,
      "18": 0.021421785125813823,
      "19": 0.020658799491589868,
      "20": 0.022143796007485683,
      "21": 0.020236804564899034,
      "22": 0.01817153735201657,
      "23": 0.017947987858120146
    },
    "root8": {
      "0": 0.31381030476579064,
      "1": 0.19643105795111304,
      "2": 0.17470232872122918,
      "3": 0.1756534009582988,
      "4": 0.183041163289289,
      "5": 0.1693247102512189,
      "6": 0.16344031470640008,
      "7": 0.15996307712729652,
      "8": 0.16303321732053763,
      "9": 0.17123796608837122,
      "10": 0.16593666422165163,
      "11": 0.1743550139584376,
      "12": 0.16677762216804465,
      "13": 0.15761444651872586,
      "14": 0.1566296642864403,
      "15": 0.15102302734675344,
      "16": 0.17623751825345566,
      "17": 0.15859091868789188,
      "18": 0.1463618294700289,
      "19": 0.14373169271802885,
      "20": 0.14880791648123323,
      "21": 0.14225612311917907,
      "22": 0.13480184476488655,
      "23": 0.13397010061248796
    },
    "log1p": {
      "0": 9.404098825133247e-05,
      "1": 2.216566495164792e-06,
      "2": 8.677394929333098e-07,
      "3": 9.062589456683021e-07,
      "4": 1.2600560505183075e-06,
      "5": 6.757134789155753e-07,
      "6": 5.091824288326929e-07,
      "7": 4.2870436518300605e-07,
      "8": 4.991242655101451e-07,
      "9": 7.392653070506822e-07,
      "10": 5.748290633200041e-07,
      "11": 8.540343571119323e-07,
      "12": 5.985522817962058e-07,
      "13": 3.808623890405651e-07,
      "14": 3.6223637409333104e-07,
      "15": 2.70610918235692e-07,
      "16": 9.306507809420138e-07,
      "17": 4.001533272370226e-07,
      "18": 2.1058265128506206e-07,
      "19": 1.8214627016328508e-07,
      "20": 2.404408395792325e-07,
      "21": 1.677133808539763e-07,
      "22": 1.0903518401189282e-07,
      "23": 1.0376790427787009e-07
    }
  },
  "compute_time_s": 11.9
}