{
  "signal": "E3_gradnorm_KV",
  "category": "param_curvature",
  "cost": "medium",
  "needs_backward": true,
  "raw_scores": {
    "0": 3.645927124147263,
    "1": 1.1974010748391202,
    "2": 1.2184406907684127,
    "3": 1.7001358654303544,
    "4": 2.6944658529489245,
    "5": 1.544191795022917,
    "6": 1.5089502468449425,
    "7": 1.0547583101555182,
    "8": 1.2893853930971317,
    "9": 1.5630352549442899,
    "10": 1.440785264755729,
    "11": 2.6285652779617674,
    "12": 1.5098607869977838,
    "13": 1.315208613640188,
    "14": 1.2860396837081893,
    "15": 0.9653676177257282,
    "16": 3.5486030534933763,
    "17": 1.2396596116180063,
    "18": 0.8086665882904621,
    "19": 0.7652188908289662,
    "20": 0.9101226752763787,
    "21": 0.74457112336496,
    "22": 0.4598794787068112,
    "23": 0.47105433148859305
  },
  "transformed": {
    "raw": {
      "0": 3.645927124147263,
      "1": 1.1974010748391202,
      "2": 1.2184406907684127,
      "3": 1.7001358654303544,
      "4": 2.6944658529489245,
      "5": 1.544191795022917,
      "6": 1.5089502468449425,
      "7": 1.0547583101555182,
      "8": 1.2893853930971317,
      "9": 1.5630352549442899,
      "10": 1.440785264755729,
      "11": 2.6285652779617674,
      "12": 1.5098607869977838,
      "13": 1.315208613640188,
      "14": 1.2860396837081893,
      "15": 0.9653676177257282,
      "16": 3.5486030534933763,
      "17": 1.2396596116180063,
      "18": 0.8086665882904621,
      "19": 0.7652188908289662,
      "20": 0.9101226752763787,
      "21": 0.74457112336496,
      "22": 0.4598794787068112,
      "23": 0.47105433148859305
    },
    "sqrt": {
      "0": 1.9094310996072268,
      "1": 1.0942582304187254,
      "2": 1.1038300099056977,
      "3": 1.3038925820137004,
      "4": 1.6414828213992751,
      "5": 1.2426551392171994,
      "6": 1.2283933599808095,
      "7": 1.0270142696942035,
      "8": 1.1355110713230108,
      "9": 1.250214083644993,
      "10": 1.200327149053844,
      "11": 1.621285069925017,
      "12": 1.2287639264715513,
      "13": 1.1468254503803916,
      "14": 1.134036896978308,
      "15": 0.9825312298984334,
      "16": 1.8837736205535358,
      "17": 1.1134000231803511,
      "18": 0.8992589105983115,
      "19": 0.8747679068352737,
      "20": 0.9540034985661104,
      "21": 0.8628853477519247,
      "22": 0.6781441430159307,
      "23": 0.6863339795526614
    },
    "root4": {
      "0": 1.3818216598415394,
      "1": 1.0460679855624706,
      "2": 1.0506331471573214,
      "3": 1.1418811593216258,
      "4": 1.2812036611715076,
      "5": 1.1147444277578602,
      "6": 1.1083290846949787,
      "7": 1.013417125222484,
      "8": 1.0656036182948192,
      "9": 1.1181297257675396,
      "10": 1.0955944272648726,
      "11": 1.273296929205838,
      "12": 1.108496245582975,
      "13": 1.070899365197492,
      "14": 1.0649116850604599,
      "15": 0.991227133354628,
      "16": 1.3725063280559167,
      "17": 1.0551777211353313,
      "18": 0.9482926292017204,
      "19": 0.9352902794508632,
      "20": 0.976731026724405,
      "21": 0.9289162221384255,
      "22": 0.823495077712023,
      "23": 0.8284527624147688
    },
    "root8": {
      "0": 1.1755091066604033,
      "1": 1.022774650430128,
      "2": 1.025003974215379,
      "3": 1.068588395651771,
      "4": 1.1319026730119104,
      "5": 1.0558145801976122,
      "6": 1.0527720953249942,
      "7": 1.0066862099097633,
      "8": 1.0322807846195816,
      "9": 1.057416533712018,
      "10": 1.046706466620357,
      "11": 1.1284045946405208,
      "12": 1.0528514831556135,
      "13": 1.0348426765443586,
      "14": 1.0319455824123962,
      "15": 0.9956039038466191,
      "16": 1.171540152131337,
      "17": 1.02721843886066,
      "18": 0.9738031778556283,
      "19": 0.9671040685732137,
      "20": 0.9882970336515258,
      "21": 0.9638029996521206,
      "22": 0.9074662956341811,
      "23": 0.9101938048650786
    },
    "log1p": {
      "0": 1.5359909485057082,
      "1": 0.7872753324258365,
      "2": 0.7968045575459162,
      "3": 0.9933020922740089,
      "4": 1.3068359845320217,
      "5": 0.9338130337614681,
      "6": 0.9198644373131958,
      "7": 0.7201582304016073,
      "8": 0.8282833942500042,
      "9": 0.9411922026304007,
      "10": 0.8923198173469249,
      "11": 1.2888373299178344,
      "12": 0.9202272882580477,
      "13": 0.8394997973616358,
      "14": 0.8268209246743466,
      "15": 0.675679310635493,
      "16": 1.5148201646119512,
      "17": 0.8063238952208904,
      "18": 0.5925898822349372,
      "19": 0.5682747001625662,
      "20": 0.6471674678894077,
      "21": 0.5565087508709157,
      "22": 0.37835388348195154,
      "23": 0.3859793760076411
    }
  },
  "compute_time_s": 2.8
}