{
  "L": 1024,
  "tol_pct": 3.0,
  "dense_ppl": 15.062044063770779,
  "ppl_limit": 15.513905385683902,
  "status": "PASS",
  "params": {
    "W_min": 819,
    "W_max": 972,
    "W_pressure_thresh": 0.5679979630297474,
    "W_decay": 0.95,
    "gate_every_k": 4,
    "B_far_target": 4.0,
    "B_far_max": 8
  },
  "metrics": {
    "ppl": 15.092463411434643,
    "ppl_delta_pct": 0.20196028862399068,
    "decode_p50_ms": 9.795965626835823,
    "kv_mb_per_tok": 12.4416,
    "kv_kept_mean": 1012.5
  }
}