{
  "L": 2048,
  "tol_pct": 1.0,
  "dense_ppl": 10.870332054044031,
  "ppl_limit": 10.979035374584472,
  "status": "PASS",
  "params": {
    "W_min": 1843,
    "W_max": 1945,
    "W_pressure_thresh": 0.5199996582794825,
    "W_decay": 0.95,
    "gate_every_k": 4,
    "B_far_target": 2.0,
    "B_far_max": 8
  },
  "metrics": {
    "ppl": 10.967860953594336,
    "ppl_delta_pct": 0.8972025791431258,
    "decode_p50_ms": 11.282951571047306,
    "kv_mb_per_tok": 24.23808,
    "kv_kept_mean": 1972.5
  }
}