{
  "L": 4096,
  "tol_pct": 1.0,
  "dense_ppl": 16.279804455028422,
  "ppl_limit": 16.442602499578708,
  "status": "PASS",
  "params": {
    "W_min": 3686,
    "W_max": 3891,
    "W_pressure_thresh": 0.6298031807979441,
    "W_decay": 0.95,
    "gate_every_k": 4,
    "B_far_target": 4.0,
    "B_far_max": 8
  },
  "metrics": {
    "ppl": 16.259654042456845,
    "ppl_delta_pct": -0.12377551970751066,
    "decode_p50_ms": 13.924881350249052,
    "kv_mb_per_tok": 47.843328,
    "kv_kept_mean": 3893.5
  }
}