{
  "L": 512,
  "tol_pct": 1.0,
  "dense_ppl": 21.12060660629944,
  "ppl_limit": 21.331812672362435,
  "status": "PASS",
  "params": {
    "W_min": 102,
    "W_max": 256,
    "W_pressure_thresh": 0.6296018664974271,
    "W_decay": 0.95,
    "gate_every_k": 4,
    "B_far_target": 4.0,
    "B_far_max": 8
  },
  "metrics": {
    "ppl": 21.078785909441415,
    "ppl_delta_pct": -0.19800897596166378,
    "decode_p50_ms": 8.839321322739124,
    "kv_mb_per_tok": 4.343808,
    "kv_kept_mean": 353.5
  }
}