{
  "L": 512,
  "tol_pct": 3.0,
  "dense_ppl": 21.12060660629944,
  "ppl_limit": 21.754224804488423,
  "status": "PASS",
  "params": {
    "W_min": 153,
    "W_max": 358,
    "W_pressure_thresh": 0.6296018664974271,
    "W_decay": 0.95,
    "gate_every_k": 4,
    "B_far_target": 2.0,
    "B_far_max": 8
  },
  "metrics": {
    "ppl": 21.424334834651162,
    "ppl_delta_pct": 1.4380658378492441,
    "decode_p50_ms": 8.694592863321304,
    "kv_mb_per_tok": 3.47136,
    "kv_kept_mean": 282.5
  }
}