{
  "L": 512,
  "tol_pct": 3.0,
  "method": "static_sparse",
  "status": "PASS",
  "metrics": {
    "ppl": 20.280276239275015,
    "decode_p50_ms": 8.961627259850502,
    "kv_kept_mean": 474.5
  }
}