{
  "L": 1024,
  "tol_pct": 1.0,
  "method": "static_sparse",
  "status": "PASS",
  "metrics": {
    "ppl": 15.089638727377494,
    "decode_p50_ms": 9.798849001526833,
    "kv_kept_mean": 1012.5
  }
}