{
  "variant": "V0_dense",
  "seq_len": 512,
  "seed": 2,
  "ppl_mean": 247.99338500976563,
  "ppl_std": 115.96675962839196,
  "enabled_rate": 1.0,
  "tokens_per_query_mean": 320160.25,
  "tokens_per_query_p50": 320160.25,
  "tokens_per_query_p95": 320160.25,
  "tokens_per_query_p99": 320160.25,
  "kv_bytes_written_per_token": 36864,
  "kv_bytes_read_per_token": 18874368.0,
  "kv_bytes_total_per_token": 18911232.0,
  "peak_kv_bytes": 18874368,
  "effective_kept_tokens": 320160.25,
  "flops_proxy": 4718592.0,
  "flops_relative": 1.0,
  "wall_ms_per_token": 0.2637029865582008,
  "tokens_per_sec": 3792.1451442465714,
  "tokens_seen": 25600,
  "n_eval_batches": 50
}