{
  "variant": "V0_dense",
  "seq_len": 1024,
  "seed": 3,
  "ppl_mean": 247.12310302734375,
  "ppl_std": 89.47531182308319,
  "enabled_rate": 1.0,
  "tokens_per_query_mean": 480176.125,
  "tokens_per_query_p50": 480176.125,
  "tokens_per_query_p95": 480176.125,
  "tokens_per_query_p99": 480176.125,
  "kv_bytes_written_per_token": 36864,
  "kv_bytes_read_per_token": 37748736.0,
  "kv_bytes_total_per_token": 37785600.0,
  "peak_kv_bytes": 37748736,
  "effective_kept_tokens": 480176.125,
  "flops_proxy": 9437184.0,
  "flops_relative": 1.0,
  "wall_ms_per_token": 0.30672694538225187,
  "tokens_per_sec": 3260.2287313029233,
  "tokens_seen": 51200,
  "n_eval_batches": 50
}