{
  "variant": "V1_local_only",
  "seq_len": 512,
  "seed": 2,
  "ppl_mean": 246.91852920532227,
  "ppl_std": 114.68586530409975,
  "enabled_rate": 0.0,
  "tokens_per_query_mean": 192.25,
  "tokens_per_query_p50": 192.25,
  "tokens_per_query_p95": 192.25,
  "tokens_per_query_p99": 192.25,
  "kv_bytes_written_per_token": 36864,
  "kv_bytes_read_per_token": 9437184.0,
  "kv_bytes_total_per_token": 9474048.0,
  "peak_kv_bytes": 18874368,
  "effective_kept_tokens": 192.25,
  "flops_proxy": 2359296.0,
  "flops_relative": 0.5,
  "wall_ms_per_token": 0.2568921117926948,
  "tokens_per_sec": 3892.684726757877,
  "tokens_seen": 25600,
  "n_eval_batches": 50
}