{
  "variant": "V1_local_only",
  "seq_len": 1024,
  "seed": 3,
  "ppl_mean": 275.9690757751465,
  "ppl_std": 96.26571855056103,
  "enabled_rate": 0.0,
  "tokens_per_query_mean": 224.125,
  "tokens_per_query_p50": 224.125,
  "tokens_per_query_p95": 224.125,
  "tokens_per_query_p99": 224.125,
  "kv_bytes_written_per_token": 36864,
  "kv_bytes_read_per_token": 9437184.0,
  "kv_bytes_total_per_token": 9474048.0,
  "peak_kv_bytes": 37748736,
  "effective_kept_tokens": 224.125,
  "flops_proxy": 2359296.0,
  "flops_relative": 0.25,
  "wall_ms_per_token": 0.29217428163974546,
  "tokens_per_sec": 3422.614729769448,
  "tokens_seen": 51200,
  "n_eval_batches": 50
}