{
  "variant": "V5_random",
  "seq_len": 1024,
  "seed": 2,
  "ppl_mean": 234.65104293823242,
  "ppl_std": 62.99956755821474,
  "enabled_rate": 0.69921875,
  "tokens_per_query_mean": 358.375,
  "tokens_per_query_p50": 358.375,
  "tokens_per_query_p95": 358.375,
  "tokens_per_query_p99": 358.375,
  "kv_bytes_written_per_token": 36864,
  "kv_bytes_read_per_token": 29233152.0,
  "kv_bytes_total_per_token": 29270016.0,
  "peak_kv_bytes": 37748736,
  "effective_kept_tokens": 358.375,
  "flops_proxy": 7308288.0,
  "flops_relative": 0.7744140625,
  "wall_ms_per_token": 0.9113992564380169,
  "tokens_per_sec": 1097.213973937457,
  "tokens_seen": 51200,
  "n_eval_batches": 50
}