{
  "variant": "V5_random",
  "seq_len": 512,
  "seed": 1,
  "ppl_mean": 259.294499206543,
  "ppl_std": 89.87584653174187,
  "enabled_rate": 0.69921875,
  "tokens_per_query_mean": 281.75,
  "tokens_per_query_p50": 281.75,
  "tokens_per_query_p95": 281.75,
  "tokens_per_query_p99": 281.75,
  "kv_bytes_written_per_token": 36864,
  "kv_bytes_read_per_token": 16035840.0,
  "kv_bytes_total_per_token": 16072704.0,
  "peak_kv_bytes": 18874368,
  "effective_kept_tokens": 281.75,
  "flops_proxy": 4008960.0,
  "flops_relative": 0.849609375,
  "wall_ms_per_token": 0.8006181687960634,
  "tokens_per_sec": 1249.0348570327335,
  "tokens_seen": 25600,
  "n_eval_batches": 50
}